speciesCode,comName,sciName,locId,locName,obsDt,howMany,lat,lng,obsValid,obsReviewed,locationPrivate,subId,exoticCategory,region
amewoo,American Woodcock,Scolopax minor,L8442691,Backyard,2025-03-03 18:47,1.0,35.6928061,-78.4272321,True,False,True,S216513012,,US-NC
mallar3,Mallard,Anas platyrhynchos,L7735928,N Rugby Road Wetlands,2025-03-03 18:27,6.0,35.3993832,-82.5177185,True,False,False,S216510163,,US-NC
sonspa,Song Sparrow,Melospiza melodia,L7735928,N Rugby Road Wetlands,2025-03-03 18:27,1.0,35.3993832,-82.5177185,True,False,False,S216510163,,US-NC
norcar,Northern Cardinal,Cardinalis cardinalis,L7735928,N Rugby Road Wetlands,2025-03-03 18:27,1.0,35.3993832,-82.5177185,True,False,False,S216510163,,US-NC
wooduc,Wood Duck,Aix sponsa,L7735928,N Rugby Road Wetlands,2025-03-03 18:27,7.0,35.3993832,-82.5177185,True,False,False,S216510163,,US-NC
amerob,American Robin,Turdus migratorius,L7735928,N Rugby Road Wetlands,2025-03-03 18:27,14.0,35.3993832,-82.5177185,True,False,False,S216510163,,US-NC
whtspa,White-throated Sparrow,Zonotrichia albicollis,L7735928,N Rugby Road Wetlands,2025-03-03 18:27,1.0,35.3993832,-82.5177185,True,False,False,S216510163,,US-NC
baleag,Bald Eagle,Haliaeetus leucocephalus,L17484197,Bluestem Conservation Cemetery,2025-03-03 18:20,2.0,36.227206,-79.13502,True,False,False,S216513257,,US-NC
foxspa,Fox Sparrow,Passerella iliaca,L17484197,Bluestem Conservation Cemetery,2025-03-03 18:20,1.0,36.227206,-79.13502,True,False,False,S216513257,,US-NC
cangoo,Canada Goose,Branta canadensis,L17484197,Bluestem Conservation Cemetery,2025-03-03 18:20,1.0,36.227206,-79.13502,True,False,False,S216513257,,US-NC
rethaw,Red-tailed Hawk,Buteo jamaicensis,L40828376,"12501 Caldwell Road, Charlotte, North Carolina, US (35.284, -80.696)",2025-03-03 18:18,1.0,35.2838452,-80.695618,True,False,True,S216508777,,US-NC
killde,Killdeer,Charadrius vociferus,L870227,Hooper Lane,2025-03-03 18:01,3.0,35.3977086,-82.5444889,True,False,False,S216508273,,US-NC
houspa,House Sparrow,Passer domesticus,L870227,Hooper Lane,2025-03-03 18:01,2.0,35.3977086,-82.5444889,True,False,False,S216508273,N,US-NC
blkvul,Black Vulture,Coragyps atratus,L870227,Hooper Lane,2025-03-03 18:01,2.0,35.3977086,-82.5444889,True,False,False,S216508273,,US-NC
rewbla,Red-winged Blackbird,Agelaius phoeniceus,L870227,Hooper Lane,2025-03-03 18:01,2.0,35.3977086,-82.5444889,True,False,False,S216508273,,US-NC
eursta,European Starling,Sturnus vulgaris,L870227,Hooper Lane,2025-03-03 18:01,22.0,35.3977086,-82.5444889,True,False,False,S216508273,N,US-NC
y00475,American Coot,Fulica americana,L12798299,Enka Lake,2025-03-03 17:55,1.0,35.53351,-82.653568,True,False,True,S216511596,,US-NC
amewig,American Wigeon,Mareca americana,L12798299,Enka Lake,2025-03-03 17:55,2.0,35.53351,-82.653568,True,False,True,S216511596,,US-NC
eastow,Eastern Towhee,Pipilo erythrophthalmus,L12798299,Enka Lake,2025-03-03 17:55,2.0,35.53351,-82.653568,True,False,True,S216511596,,US-NC
easpho,Eastern Phoebe,Sayornis phoebe,L12798299,Enka Lake,2025-03-03 17:55,3.0,35.53351,-82.653568,True,False,True,S216511596,,US-NC
turvul,Turkey Vulture,Cathartes aura,L12798299,Enka Lake,2025-03-03 17:55,2.0,35.53351,-82.653568,True,False,True,S216511596,,US-NC
belkin1,Belted Kingfisher,Megaceryle alcyon,L12798299,Enka Lake,2025-03-03 17:55,1.0,35.53351,-82.653568,True,False,True,S216511596,,US-NC
lessca,Lesser Scaup,Aythya affinis,L12798299,Enka Lake,2025-03-03 17:55,1.0,35.53351,-82.653568,True,False,True,S216511596,,US-NC
rudduc,Ruddy Duck,Oxyura jamaicensis,L12798299,Enka Lake,2025-03-03 17:55,3.0,35.53351,-82.653568,True,False,True,S216511596,,US-NC
carwre,Carolina Wren,Thryothorus ludovicianus,L12798299,Enka Lake,2025-03-03 17:55,1.0,35.53351,-82.653568,True,False,True,S216511596,,US-NC
buffle,Bufflehead,Bucephala albeola,L12798299,Enka Lake,2025-03-03 17:55,5.0,35.53351,-82.653568,True,False,True,S216511596,,US-NC
rinduc,Ring-necked Duck,Aythya collaris,L12798299,Enka Lake,2025-03-03 17:55,6.0,35.53351,-82.653568,True,False,True,S216511596,,US-NC
moudov,Mourning Dove,Zenaida macroura,L26700129,River Run Court (not exact location),2025-03-03 17:54,1.0,36.1334702,-80.4374654,True,False,True,S216507628,,US-NC
normoc,Northern Mockingbird,Mimus polyglottos,L26700129,River Run Court (not exact location),2025-03-03 17:54,1.0,36.1334702,-80.4374654,True,False,True,S216507628,,US-NC
amecro,American Crow,Corvus brachyrhynchos,L26700129,River Run Court (not exact location),2025-03-03 17:54,2.0,36.1334702,-80.4374654,True,False,True,S216507628,,US-NC
dowwoo,Downy Woodpecker,Dryobates pubescens,L26700129,River Run Court (not exact location),2025-03-03 17:54,1.0,36.1334702,-80.4374654,True,False,True,S216507628,,US-NC
carchi,Carolina Chickadee,Poecile carolinensis,L26700129,River Run Court (not exact location),2025-03-03 17:54,4.0,36.1334702,-80.4374654,True,False,True,S216507628,,US-NC
tuftit,Tufted Titmouse,Baeolophus bicolor,L26700129,River Run Court (not exact location),2025-03-03 17:54,2.0,36.1334702,-80.4374654,True,False,True,S216507628,,US-NC
houfin,House Finch,Haemorhous mexicanus,L26700129,River Run Court (not exact location),2025-03-03 17:54,2.0,36.1334702,-80.4374654,True,False,True,S216507628,N,US-NC
comgra,Common Grackle,Quiscalus quiscula,L26700129,River Run Court (not exact location),2025-03-03 17:54,5.0,36.1334702,-80.4374654,True,False,True,S216507628,,US-NC
ribgul,Ring-billed Gull,Larus delawarensis,L1837850,Holden Beach--Beachfront,2025-03-03 17:51,1.0,33.9107651,-78.2965672,True,False,False,S216507389,,US-NC
forter,Forster's Tern,Sterna forsteri,L1837850,Holden Beach--Beachfront,2025-03-03 17:51,2.0,33.9107651,-78.2965672,True,False,False,S216507389,,US-NC
brnpel,Brown Pelican,Pelecanus occidentalis,L1837850,Holden Beach--Beachfront,2025-03-03 17:51,42.0,33.9107651,-78.2965672,True,False,False,S216507389,,US-NC
pinwar,Pine Warbler,Setophaga pinus,L10339971,Grubb Rd.,2025-03-03 17:50,1.0,35.8373149,-80.3090867,True,False,True,S216506862,,US-NC
herthr,Hermit Thrush,Catharus guttatus,L654314,Schenck Forest,2025-03-03 17:41,1.0,35.8189963,-78.7266111,True,False,False,S216513594,,US-NC
easblu,Eastern Bluebird,Sialia sialis,L654314,Schenck Forest,2025-03-03 17:41,1.0,35.8189963,-78.7266111,True,False,False,S216513594,,US-NC
daejun,Dark-eyed Junco,Junco hyemalis,L1083767,Robeson County Rest Area/Welcome Center (I-95 Northbound),2025-03-03 17:40,2.0,34.5376012,-79.2348361,True,False,False,S216509007,,US-NC
bnhnut,Brown-headed Nuthatch,Sitta pusilla,L1083767,Robeson County Rest Area/Welcome Center (I-95 Northbound),2025-03-03 17:40,1.0,34.5376012,-79.2348361,True,False,False,S216509007,,US-NC
yerwar,Yellow-rumped Warbler,Setophaga coronata,L1083767,Robeson County Rest Area/Welcome Center (I-95 Northbound),2025-03-03 17:40,2.0,34.5376012,-79.2348361,True,False,False,S216509007,,US-NC
chispa,Chipping Sparrow,Spizella passerina,L1083767,Robeson County Rest Area/Welcome Center (I-95 Northbound),2025-03-03 17:40,1.0,34.5376012,-79.2348361,True,False,False,S216509007,,US-NC
haiwoo,Hairy Woodpecker,Dryobates villosus,L1083767,Robeson County Rest Area/Welcome Center (I-95 Northbound),2025-03-03 17:40,1.0,34.5376012,-79.2348361,True,False,False,S216509007,,US-NC
osprey,Osprey,Pandion haliaetus,L19497062,Bruce Meisner Park,2025-03-03 17:35,1.0,35.7914026,-81.3079235,True,False,False,S216513307,,US-NC
easowl1,Eastern Screech-Owl,Megascops asio,L960076,Pisgah NF--Mt. Pisgah Campground,2025-03-03 17:35,1.0,35.4027809,-82.7565336,True,False,False,S216503269,,US-NC
bnhcow,Brown-headed Cowbird,Molothrus ater,L12296361,"140 East Main Street, Youngsville, North Carolina, US (36.025, -78.475)",2025-03-03 17:35,1.0,36.0245387,-78.4748653,True,False,True,S216503209,,US-NC
fiscro,Fish Crow,Corvus ossifragus,L12296361,"140 East Main Street, Youngsville, North Carolina, US (36.025, -78.475)",2025-03-03 17:35,1.0,36.0245387,-78.4748653,True,False,True,S216503209,,US-NC
gnwtea,Green-winged Teal,Anas crecca,L23005078,"Lighthouse Road, Buxton, North Carolina, US (35.244, -75.534)",2025-03-03 17:23,,35.2443653,-75.5338464,True,False,True,S216507837,,US-NC
grbher3,Great Blue Heron,Ardea herodias,L23005078,"Lighthouse Road, Buxton, North Carolina, US (35.244, -75.534)",2025-03-03 17:23,,35.2443653,-75.5338464,True,False,True,S216507837,,US-NC
gbbgul,Great Black-backed Gull,Larus marinus,L23005078,"Lighthouse Road, Buxton, North Carolina, US (35.244, -75.534)",2025-03-03 17:23,,35.2443653,-75.5338464,True,False,True,S216507837,,US-NC
ameoys,American Oystercatcher,Haematopus palliatus,L23005078,"Lighthouse Road, Buxton, North Carolina, US (35.244, -75.534)",2025-03-03 17:23,,35.2443653,-75.5338464,True,False,True,S216507837,,US-NC
amhgul1,American Herring Gull,Larus smithsonianus,L23005078,"Lighthouse Road, Buxton, North Carolina, US (35.244, -75.534)",2025-03-03 17:23,,35.2443653,-75.5338464,True,False,True,S216507837,,US-NC
tunswa,Tundra Swan,Cygnus columbianus,L23005078,"Lighthouse Road, Buxton, North Carolina, US (35.244, -75.534)",2025-03-03 17:23,,35.2443653,-75.5338464,True,False,True,S216507837,,US-NC
bcnher,Black-crowned Night Heron,Nycticorax nycticorax,L23005078,"Lighthouse Road, Buxton, North Carolina, US (35.244, -75.534)",2025-03-03 17:23,,35.2443653,-75.5338464,True,False,True,S216507837,,US-NC
doccor,Double-crested Cormorant,Nannopterum auritum,L23005078,"Lighthouse Road, Buxton, North Carolina, US (35.244, -75.534)",2025-03-03 17:23,,35.2443653,-75.5338464,True,False,True,S216507837,,US-NC
greegr,Great Egret,Ardea alba,L23005078,"Lighthouse Road, Buxton, North Carolina, US (35.244, -75.534)",2025-03-03 17:23,,35.2443653,-75.5338464,True,False,True,S216507837,,US-NC
lbbgul,Lesser Black-backed Gull,Larus fuscus,L23005078,"Lighthouse Road, Buxton, North Carolina, US (35.244, -75.534)",2025-03-03 17:23,,35.2443653,-75.5338464,True,False,True,S216507837,,US-NC
ambduc,American Black Duck,Anas rubripes,L23005078,"Lighthouse Road, Buxton, North Carolina, US (35.244, -75.534)",2025-03-03 17:23,,35.2443653,-75.5338464,True,False,True,S216507837,,US-NC
gadwal,Gadwall,Mareca strepera,L23005078,"Lighthouse Road, Buxton, North Carolina, US (35.244, -75.534)",2025-03-03 17:23,,35.2443653,-75.5338464,True,False,True,S216507837,,US-NC
redhea,Redhead,Aythya americana,L23005078,"Lighthouse Road, Buxton, North Carolina, US (35.244, -75.534)",2025-03-03 17:23,,35.2443653,-75.5338464,True,False,True,S216507837,,US-NC
brnthr,Brown Thrasher,Toxostoma rufum,L40827402,"Goodwill, Carolina Shores, NC",2025-03-03 17:18,1.0,33.913305,-78.580953,True,False,True,S216503510,,US-NC
treswa,Tree Swallow,Tachycineta bicolor,L13755988,"912–1132 Ladson Rd, Mills River US-NC 35.37613, -82.54820",2025-03-03 17:12,,35.376129,-82.548198,True,False,True,S216505287,,US-NC
wilsni1,Wilson's Snipe,Gallinago delicata,L13755988,"912–1132 Ladson Rd, Mills River US-NC 35.37613, -82.54820",2025-03-03 17:12,,35.376129,-82.548198,True,False,True,S216505287,,US-NC
savspa,Savannah Sparrow,Passerculus sandwichensis,L13755988,"912–1132 Ladson Rd, Mills River US-NC 35.37613, -82.54820",2025-03-03 17:12,,35.376129,-82.548198,True,False,True,S216505287,,US-NC
amegfi,American Goldfinch,Spinus tristis,L13755988,"912–1132 Ladson Rd, Mills River US-NC 35.37613, -82.54820",2025-03-03 17:12,,35.376129,-82.548198,True,False,True,S216505287,,US-NC
norfli,Northern Flicker,Colaptes auratus,L358674,W. Kerr Scott Reservoir--Dam,2025-03-03 17:08,1.0,36.1334383,-81.2287903,True,False,False,S216507586,,US-NC
botgra,Boat-tailed Grackle,Quiscalus major,L30813418,Oak Island Nature Center,2025-03-03 17:07,4.0,33.920388,-78.109418,True,False,False,S216503778,,US-NC
whbnut,White-breasted Nuthatch,Sitta carolinensis,L930938,Johnston Mill Nature Preserve,2025-03-03 17:07,2.0,35.9952515,-79.0538672,True,False,False,S216507599,,US-NC
triher,Tricolored Heron,Egretta tricolor,L30813418,Oak Island Nature Center,2025-03-03 17:07,1.0,33.920388,-78.109418,True,False,False,S216503778,,US-NC
reshaw,Red-shouldered Hawk,Buteo lineatus,L930938,Johnston Mill Nature Preserve,2025-03-03 17:07,1.0,35.9952515,-79.0538672,True,False,False,S216507599,,US-NC
rehwoo,Red-headed Woodpecker,Melanerpes erythrocephalus,L30813418,Oak Island Nature Center,2025-03-03 17:07,1.0,33.920388,-78.109418,True,False,False,S216503778,,US-NC
brdowl,Barred Owl,Strix varia,L930938,Johnston Mill Nature Preserve,2025-03-03 17:07,1.0,35.9952515,-79.0538672,True,False,False,S216507599,,US-NC
rebwoo,Red-bellied Woodpecker,Melanerpes carolinus,L30813418,Oak Island Nature Center,2025-03-03 17:07,2.0,33.920388,-78.109418,True,False,False,S216503778,,US-NC
cedwax,Cedar Waxwing,Bombycilla cedrorum,L35410935,The Cottage,2025-03-03 16:50,20.0,36.026454,-78.932078,True,False,True,S216496761,,US-NC
grycat,Gray Catbird,Dumetella carolinensis,L365371,Bodie Island Lighthouse & Pond,2025-03-03 16:45,2.0,35.819076,-75.562966,True,False,False,S216503029,,US-NC
snoegr,Snowy Egret,Egretta thula,L365371,Bodie Island Lighthouse & Pond,2025-03-03 16:45,1.0,35.819076,-75.562966,True,False,False,S216503029,,US-NC
ameavo,American Avocet,Recurvirostra americana,L365371,Bodie Island Lighthouse & Pond,2025-03-03 16:45,12.0,35.819076,-75.562966,True,False,False,S216503029,,US-NC
norpin,Northern Pintail,Anas acuta,L365371,Bodie Island Lighthouse & Pond,2025-03-03 16:45,38.0,35.819076,-75.562966,True,False,False,S216503029,,US-NC
norhar2,Northern Harrier,Circus hudsonius,L365371,Bodie Island Lighthouse & Pond,2025-03-03 16:45,1.0,35.819076,-75.562966,True,False,False,S216503029,,US-NC
brncre,Brown Creeper,Certhia americana,L10227999,Home,2025-03-03 16:45,,36.0839385,-79.11474,True,False,True,S216507260,,US-NC
whiibi,White Ibis,Eudocimus albus,L365371,Bodie Island Lighthouse & Pond,2025-03-03 16:45,2.0,35.819076,-75.562966,True,False,False,S216503029,,US-NC
fiespa,Field Sparrow,Spizella pusilla,L7984234,Brumley Nature Preserve--North,2025-03-03 16:36,1.0,36.03391,-79.041909,True,False,False,S216494830,,US-NC
comloo,Common Loon,Gavia immer,L1054424,Wrightsville Beach--Masonboro Inlet,2025-03-03 16:36,2.0,34.1870979,-77.8114414,True,False,False,S216494881,,US-NC
royter1,Royal Tern,Thalasseus maximus,L269276,Hatteras Island--Haulover Day Use Area (Canadian Hole),2025-03-03 16:32,,35.2984373,-75.5139738,True,False,False,S216499610,,US-NC
blujay,Blue Jay,Cyanocitta cristata,L579187,Prairie Ridge Ecostation for Wildlife Learning,2025-03-03 16:32,4.0,35.811462,-78.7166226,True,False,False,S216507504,,US-NC
bongul,Bonaparte's Gull,Chroicocephalus philadelphia,L269276,Hatteras Island--Haulover Day Use Area (Canadian Hole),2025-03-03 16:32,,35.2984373,-75.5139738,True,False,False,S216499610,,US-NC
hoomer,Hooded Merganser,Lophodytes cucullatus,L579187,Prairie Ridge Ecostation for Wildlife Learning,2025-03-03 16:32,4.0,35.811462,-78.7166226,True,False,False,S216507504,,US-NC
horlar,Horned Lark,Eremophila alpestris,L579187,Prairie Ridge Ecostation for Wildlife Learning,2025-03-03 16:32,2.0,35.811462,-78.7166226,True,False,False,S216507504,,US-NC
laugul,Laughing Gull,Leucophaeus atricilla,L269276,Hatteras Island--Haulover Day Use Area (Canadian Hole),2025-03-03 16:32,,35.2984373,-75.5139738,True,False,False,S216499610,,US-NC
purmar,Purple Martin,Progne subis,L579187,Prairie Ridge Ecostation for Wildlife Learning,2025-03-03 16:32,4.0,35.811462,-78.7166226,True,False,False,S216507504,,US-NC
rocpig,Rock Pigeon,Columba livia,L579187,Prairie Ridge Ecostation for Wildlife Learning,2025-03-03 16:32,3.0,35.811462,-78.7166226,True,False,False,S216507504,N,US-NC
sander,Sanderling,Calidris alba,L269276,Hatteras Island--Haulover Day Use Area (Canadian Hole),2025-03-03 16:32,,35.2984373,-75.5139738,True,False,False,S216499610,,US-NC
swaspa,Swamp Sparrow,Melospiza georgiana,L579187,Prairie Ridge Ecostation for Wildlife Learning,2025-03-03 16:32,1.0,35.811462,-78.7166226,True,False,False,S216507504,,US-NC
wiltur,Wild Turkey,Meleagris gallopavo,L40825744,"4000–4004 Ocean Hwy E, Bolivia US-NC 34.07054, -78.17130",2025-03-03 16:32,8.0,34.070542,-78.171298,True,False,True,S216494404,,US-NC
yebsap,Yellow-bellied Sapsucker,Sphyrapicus varius,L7984234,Brumley Nature Preserve--North,2025-03-03 16:32,1.0,36.03391,-79.041909,True,False,False,S216494427,,US-NC
pilwoo,Pileated Woodpecker,Dryocopus pileatus,L469499,Sandy Mush Game Land,2025-03-03 16:30,1.0,35.7213955,-82.6674414,True,False,False,S216500835,,US-NC
gockin,Golden-crowned Kinglet,Regulus satrapa,L2579291,40 Flack Valley Road,2025-03-03 16:14,1.0,35.7096008,-82.6052141,True,False,True,S216502407,,US-NC
norsho,Northern Shoveler,Spatula clypeata,L190286,Pea Island NWR,2025-03-03 16:14,45.0,35.66591,-75.4799,True,False,False,S216494768,,US-NC
amwpel,American White Pelican,Pelecanus erythrorhynchos,L190286,Pea Island NWR,2025-03-03 16:14,3.0,35.66591,-75.4799,True,False,False,S216494768,,US-NC
easmea,Eastern Meadowlark,Sturnella magna,L40825271,"1–99 Whobody Home Rd, Marshall US-NC 35.71479, -82.69983",2025-03-03 16:14,6.0,35.714795,-82.699832,True,False,True,S216492030,,US-NC
amebit,American Bittern,Botaurus lentiginosus,L190286,Pea Island NWR,2025-03-03 16:14,1.0,35.66591,-75.4799,True,False,False,S216494768,,US-NC
blkski,Black Skimmer,Rynchops niger,L190286,Pea Island NWR,2025-03-03 16:14,2.0,35.66591,-75.4799,True,False,False,S216494768,,US-NC
buwtea,Blue-winged Teal,Spatula discors,L190286,Pea Island NWR,2025-03-03 16:14,1.0,35.66591,-75.4799,True,False,False,S216494768,,US-NC
norgan,Northern Gannet,Morus bassanus,L16540726,"125 Spindrift Ln, Duck US-NC 36.18782, -75.75329",2025-03-03 16:05,15.0,36.187819,-75.753287,True,False,True,S216491805,,US-NC
ruckin,Ruby-crowned Kinglet,Corthylio calendula,L5182546,Coinjock Marsh Causeway (NC 1142),2025-03-03 16:02,1.0,36.3659944,-75.9374571,True,False,False,S216507015,,US-NC
orcwar,Orange-crowned Warbler,Leiothlypis celata,L5182546,Coinjock Marsh Causeway (NC 1142),2025-03-03 16:02,2.0,36.3659944,-75.9374571,True,False,False,S216507015,,US-NC
palwar,Palm Warbler,Setophaga palmarum,L5182546,Coinjock Marsh Causeway (NC 1142),2025-03-03 16:02,5.0,36.3659944,-75.9374571,True,False,False,S216507015,,US-NC
amekes,American Kestrel,Falco sparverius,L5182546,Coinjock Marsh Causeway (NC 1142),2025-03-03 16:02,1.0,36.3659944,-75.9374571,True,False,False,S216507015,,US-NC
amepip,American Pipit,Anthus rubescens,L5182546,Coinjock Marsh Causeway (NC 1142),2025-03-03 16:02,1.0,36.3659944,-75.9374571,True,False,False,S216507015,,US-NC
gresca,Greater Scaup,Aythya marila,L5182546,Coinjock Marsh Causeway (NC 1142),2025-03-03 16:02,5.0,36.3659944,-75.9374571,True,False,False,S216507015,,US-NC
winwre3,Winter Wren,Troglodytes hiemalis,L16902998,Sandy Creek Pond,2025-03-03 15:53,1.0,35.969188,-78.967776,True,False,True,S216501792,,US-NC
horgre,Horned Grebe,Podiceps auritus,L4433077,Cape Hatteras NS--Ramp 1,2025-03-03 15:45,9.0,35.8465869,-75.5637288,True,False,False,S216502517,,US-NC
retloo,Red-throated Loon,Gavia stellata,L4433077,Cape Hatteras NS--Ramp 1,2025-03-03 15:45,2.0,35.8465869,-75.5637288,True,False,False,S216502517,,US-NC
blksco2,Black Scoter,Melanitta americana,L4433077,Cape Hatteras NS--Ramp 1,2025-03-03 15:45,63.0,35.8465869,-75.5637288,True,False,False,S216502517,,US-NC
rebmer,Red-breasted Merganser,Mergus serrator,L4433077,Cape Hatteras NS--Ramp 1,2025-03-03 15:45,6.0,35.8465869,-75.5637288,True,False,False,S216502517,,US-NC
sursco,Surf Scoter,Melanitta perspicillata,L4433077,Cape Hatteras NS--Ramp 1,2025-03-03 15:45,5.0,35.8465869,-75.5637288,True,False,False,S216502517,,US-NC
coohaw,Cooper's Hawk,Astur cooperii,L17599995,Cedar Fork District Park,2025-03-03 15:44,1.0,35.823712,-78.819845,True,False,False,S216492333,,US-NC
pibgre,Pied-billed Grebe,Podilymbus podiceps,L1401097,Wiggins Mill Reservoir--Wiggins Mill Rd.,2025-03-03 15:43,4.0,35.6876317,-77.9520949,True,False,False,S216499599,,US-NC
comrav,Common Raven,Corvus corax,L440334,Grandfather Mountain--Swinging Bridge,2025-03-03 15:29,1.0,36.0961724,-81.8315578,True,False,False,S216495364,,US-NC
balori,Baltimore Oriole,Icterus galbula,L5912931,Joe's Backyard,2025-03-03 15:26,2.0,36.071898,-79.482654,True,False,True,S216488034,,US-NC
eucdov,Eurasian Collared-Dove,Streptopelia decaocto,L22129468,Jr,2025-03-03 15:18,1.0,34.511139,-77.397106,True,False,True,S216494079,N,US-NC
purfin,Purple Finch,Haemorhous purpureus,L39462205,"4000 Sundance Drive, Walnut Cove, North Carolina, US (36.22, -80.121)",2025-03-03 15:01,7.0,36.2204905,-80.1211587,True,False,True,S216489839,,US-NC
rthhum,Ruby-throated Hummingbird,Archilochus colubris,L2022951,"Crab Point, Morehead City",2025-03-03 15:00,1.0,34.7506398,-76.7147827,True,False,True,S216513530,,US-NC
buhvir,Blue-headed Vireo,Vireo solitarius,L40823653,"Durham, North Carolina, US (36, -78.928)
Nasher Museum Pkg Lot",2025-03-03 14:53,2.0,35.9999345,-78.9284443,True,False,True,S216483606,,US-NC
rudtur,Ruddy Turnstone,Arenaria interpres,L1317521,Fort Macon SP--Beach,2025-03-03 14:45,7.0,34.6937795,-76.6793346,True,False,False,S216488075,,US-NC
houwre,Northern House Wren,Troglodytes aedon,L11362817,Sandy Mush Game Land--Norco Tract,2025-03-03 14:44,1.0,35.7294789,-82.696305,True,False,False,S216497259,,US-NC
wessan,Western Sandpiper,Calidris mauri,L4838245,Ocean Isle--East End,2025-03-03 14:14,4.0,33.9010986,-78.3941245,True,False,False,S216488013,,US-NC
mutswa,Mute Swan,Cygnus olor,L3789888,Lake Junaluska--Boat Ramp,2025-03-03 14:06,5.0,35.5232977,-82.980917,True,False,False,S216479169,X,US-NC
rusbla,Rusty Blackbird,Euphagus carolinus,L786704,Biltmore Estate,2025-03-03 13:46,11.0,35.5400314,-82.5507438,True,False,False,S216507437,,US-NC
grhowl,Great Horned Owl,Bubo virginianus,L40266222,"181–197 W T Weaver Blvd, Asheville US-NC 35.61424, -82.56098",2025-03-03 13:38,1.0,35.614241,-82.560979,True,False,True,S216484749,,US-NC
canvas,Canvasback,Aythya valisineria,L1471163,Lake Betz,2025-03-03 13:32,1.0,35.8559929,-78.8834274,True,False,False,S216476035,,US-NC
norbob,Northern Bobwhite,Colinus virginianus,L36806311,Flat river,2025-03-03 13:30,1.0,36.127403,-78.8321005,True,False,True,S216512054,,US-NC
buggna,Blue-gray Gnatcatcher,Polioptila caerulea,L40820215,"1058 14th Avenue Cir NE, Hickory US-NC 35.74785, -81.31324",2025-03-03 13:05,1.0,35.747852,-81.313238,True,False,True,S216466291,,US-NC
pinsis,Pine Siskin,Spinus pinus,L40820215,"1058 14th Avenue Cir NE, Hickory US-NC 35.74785, -81.31324",2025-03-03 13:05,1.0,35.747852,-81.313238,True,False,True,S216466291,,US-NC
egygoo,Egyptian Goose,Alopochen aegyptiaca,L140554,Lake Julian Park,2025-03-03 12:59,2.0,35.4794464,-82.538002,True,False,False,S216475523,X,US-NC
rebnut,Red-breasted Nuthatch,Sitta canadensis,L16247206,Thomas Forest Neighborhood,2025-03-03 12:52,1.0,35.2636345,-82.509266,True,False,True,S216476149,,US-NC
musduc,Muscovy Duck,Cairina moschata,L4177866,Salem Lake--Marina,2025-03-03 12:50,3.0,36.0943088,-80.192771,True,False,False,S216474598,X,US-NC
commer,Common Merganser,Mergus merganser,L4177866,Salem Lake--Marina,2025-03-03 12:50,1.0,36.0943088,-80.192771,True,True,False,S216474598,,US-NC
logshr,Loggerhead Shrike,Lanius ludovicianus,L20853058,"6101–6165 Mabel Ln, Julian US-NC 35.94758, -79.61859",2025-03-03 12:24,1.0,35.947576,-79.618585,True,False,True,S216469216,,US-NC
greyel,Greater Yellowlegs,Tringa melanoleuca,L39821060,"23170 Myrna Peters Rd, Avon US-NC 35.59542, -75.47024",2025-03-03 11:51,3.0,35.595424,-75.470237,True,False,True,S216471040,,US-NC
gwfgoo,Greater White-fronted Goose,Anser albifrons,L2705335,Jim Kidd Rd. ponds,2025-03-03 11:35,2.0,35.3904176,-80.9400666,True,True,False,S216467202,,US-NC
whcspa,White-crowned Sparrow,Zonotrichia leucophrys,L207852,Jackson Park,2025-03-03 11:07,1.0,35.3217702,-82.4483866,True,False,False,S216485070,,US-NC
anhing,Anhinga,Anhinga anhinga,L24478182,Compass Pointe,2025-03-03 11:01,3.0,34.283578,-78.10525,True,False,True,S216444818,,US-NC
bawwar,Black-and-white Warbler,Mniotilta varia,L13738767,Buxton Woods Coastal Reserve,2025-03-03 10:46,,35.2536716,-75.5610888,True,False,False,S216499433,,US-NC
leasan,Least Sandpiper,Calidris minutilla,L2153919,Emerald Isle--Islander Public Beach Access,2025-03-03 10:35,2.0,34.6554068,-77.0561314,True,False,False,S216480235,,US-NC
semplo,Semipalmated Plover,Charadrius semipalmatus,L674614,East Shackleford Banks,2025-03-03 10:24,10.0,34.6495906,-76.5520477,True,False,False,S216470489,,US-NC
dunlin,Dunlin,Calidris alpina,L674614,East Shackleford Banks,2025-03-03 10:24,1000.0,34.6495906,-76.5520477,True,False,False,S216470489,,US-NC
shbdow,Short-billed Dowitcher,Limnodromus griseus,L674614,East Shackleford Banks,2025-03-03 10:24,60.0,34.6495906,-76.5520477,True,False,False,S216470489,,US-NC
margod,Marbled Godwit,Limosa fedoa,L674614,East Shackleford Banks,2025-03-03 10:24,20.0,34.6495906,-76.5520477,True,False,False,S216470489,,US-NC
willet1,Willet,Tringa semipalmata,L674614,East Shackleford Banks,2025-03-03 10:24,25.0,34.6495906,-76.5520477,True,False,False,S216470489,,US-NC
redkno,Red Knot,Calidris canutus,L674614,East Shackleford Banks,2025-03-03 10:24,15.0,34.6495906,-76.5520477,True,False,False,S216470489,,US-NC
bkbplo,Black-bellied Plover,Pluvialis squatarola,L674614,East Shackleford Banks,2025-03-03 10:24,100.0,34.6495906,-76.5520477,True,False,False,S216470489,,US-NC
ovenbi1,Ovenbird,Seiurus aurocapilla,L32393890,"Pat’s home, Manteo US-NC (35.9248,-75.7046)",2025-03-03 10:23,1.0,35.9244038,-75.7043546,True,False,True,S216441831,,US-NC
gragoo,Graylag Goose,Anser anser,L208295,Osceola Lake,2025-03-03 10:15,1.0,35.294094,-82.4764237,True,False,False,S216459714,X,US-NC
merlin,Merlin,Falco columbarius,L1023805,North River Farms (permission required),2025-03-03 09:17,1.0,34.7672108,-76.5368986,True,False,False,S216467936,,US-NC
razorb,Razorbill,Alca torda,L1398808,Nags Head--Jennette's Pier,2025-03-03 09:08,5.0,35.9100819,-75.5955505,True,False,False,S216443703,,US-NC
whwsco2,White-winged Scoter,Melanitta deglandi,L1398808,Nags Head--Jennette's Pier,2025-03-03 09:08,4.0,35.9100819,-75.5955505,True,False,False,S216443703,,US-NC
comyel,Common Yellowthroat,Geothlypis trichas,L28793231,"8817 Buffalo Gourd Lane, Angier, North Carolina, US (35.541, -78.753)",2025-03-03 09:03,1.0,35.5413278,-78.7529505,True,False,True,S216425569,,US-NC
x00758,Graylag x Canada Goose (hybrid),Anser anser x Branta canadensis,L140554,Lake Julian Park,2025-03-03 09:01,1.0,35.4794464,-82.538002,True,False,False,S216425242,X,US-NC
grecor,Great Cormorant,Phalacrocorax carbo,L5977434,Fort Macon SP--Visitor's Center,2025-03-03 08:03,1.0,34.697632,-76.678948,True,False,False,S216434656,,US-NC
marwre,Marsh Wren,Cistothorus palustris,L3129074,Waves soundfront,2025-03-03 06:34,1.0,35.5622821,-75.4715037,True,False,True,S216444565,,US-NC
clarai11,Clapper Rail,Rallus crepitans,L3129074,Waves soundfront,2025-03-03 06:34,1.0,35.5622821,-75.4715037,True,False,True,S216444565,,US-NC
virrai,Virginia Rail,Rallus limicola,L3129074,Waves soundfront,2025-03-03 06:34,1.0,35.5622821,-75.4715037,True,False,True,S216444565,,US-NC
sora,Sora,Porzana carolina,L3129074,Waves soundfront,2025-03-03 06:34,1.0,35.5622821,-75.4715037,True,False,True,S216444565,,US-NC
seaspa,Seaside Sparrow,Ammospiza maritima,L3129074,Waves soundfront,2025-03-03 06:34,1.0,35.5622821,-75.4715037,True,False,True,S216444565,,US-NC
sheowl,Short-eared Owl,Asio flammeus,L23382413,"Cedar Island National Wildlife Refuge, Cedar Island US-NC (34.9382,-76.3465)",2025-03-03 05:52,1.0,34.938223,-76.346482,True,False,True,S216466944,,US-NC
shshaw,Sharp-shinned Hawk,Accipiter striatus,L40794522,Pitzer Rd,2025-03-02 16:33,1.0,36.403692,-80.145214,True,False,True,S216332675,,US-NC
libher,Little Blue Heron,Egretta caerulea,L1826302,Burnt Mill Creek,2025-03-02 16:08,1.0,34.2440524,-77.9254889,True,False,False,S216335558,,US-NC
paibun,Painted Bunting,Passerina ciris,L40793266,Cravens Rest pabu site,2025-03-02 15:15,1.0,36.1664887,-75.7536292,True,True,True,S216326901,,US-NC
rufgro,Ruffed Grouse,Bonasa umbellus,L40790811,Creek,2025-03-02 15:02,1.0,36.408296,-81.654072,True,False,True,S216315885,,US-NC
pursan,Purple Sandpiper,Calidris maritima,L22455627,"Fort Macon State Park, Inlet Jetty",2025-03-02 14:35,1.0,34.693553,-76.676586,True,False,True,S216322522,,US-NC
westan,Western Tanager,Piranga ludoviciana,L39628224,"110 Elkington Way, Pinehurst NC",2025-03-02 11:58,1.0,35.2218937,-79.431202,True,True,True,S216273783,,US-NC
recwoo,Red-cockaded Woodpecker,Dryobates borealis,L28894434,"Private: Windy Ridge, Foxfire US-NC",2025-03-02 11:38,2.0,35.181817,-79.574135,True,False,True,S216358343,,US-NC
swagoo1,Swan Goose,Anser cygnoides,L208295,Osceola Lake,2025-03-02 10:15,2.0,35.294094,-82.4764237,True,False,False,S216305079,X,US-NC
lotduc,Long-tailed Duck,Clangula hyemalis,L842062,Fort Fisher--Ocean Overlook/Coquina Outcropping/Gazebo,2025-03-02 09:40,4.0,33.9697726,-77.9176569,True,False,False,S216235386,,US-NC
rufhum,Rufous Hummingbird,Selasphorus rufus,L40776024,Park Drive,2025-03-02 09:35,1.0,35.787192,-78.653648,True,True,True,S216235327,,US-NC
brebla,Brewer's Blackbird,Euphagus cyanocephalus,L40775704,Brewer’s Stakeout,2025-03-02 08:23,1.0,36.129849,-78.417089,True,True,True,S216233910,,US-NC
vesspa,Vesper Sparrow,Pooecetes gramineus,L1263899,Mid Pines Rd.,2025-03-02 08:03,3.0,35.7250538,-78.6936951,True,True,False,S216218184,,US-NC
snogoo,Snow Goose,Anser caerulescens,L40770403,"6988 Caratoke Hwy, Jarvisburg US-NC 36.20713, -75.86544",2025-03-02 08:00,800.0,36.20713,-75.865437,True,False,True,S216204986,,US-NC
lobdow,Long-billed Dowitcher,Limnodromus scolopaceus,L365371,Bodie Island Lighthouse & Pond,2025-03-01 17:01,14.0,35.819076,-75.562966,True,False,False,S216118433,,US-NC
gloibi,Glossy Ibis,Plegadis falcinellus,L1743452,Duck Park Boardwalk,2025-03-01 15:46,1.0,36.1653951,-75.7558532,True,False,False,S216102898,,US-NC
bknsti,Black-necked Stilt,Himantopus mexicanus,L130800,Pea Island NWR--North Pond,2025-03-01 15:14,2.0,35.7175756,-75.4985794,True,True,False,S216109800,,US-NC
comgal1,Common Gallinule,Gallinula galeata,L37768218,"440–618 Shoreline Dr W, Sunset Beach US-NC 33.88008, -78.53043",2025-03-01 13:08,1.0,33.880077,-78.53043,True,False,True,S216071277,,US-NC
comeid,Common Eider,Somateria mollissima,L1398808,Nags Head--Jennette's Pier,2025-03-01 12:37,1.0,35.9100819,-75.5955505,True,False,False,S216072172,,US-NC
bacspa,Bachman's Sparrow,Peucaea aestivalis,L40722987,4016 Eastdale Drive,2025-03-01 10:43,1.0,35.1167932,-78.8643096,True,False,True,S216030981,,US-NC
redcro,Red Crossbill,Loxia curvirostra,L9486661,Headwaters State Forest,2025-03-01 09:26,1.0,35.083752,-82.76735,True,False,True,S216043366,,US-NC
pipplo,Piping Plover,Charadrius melodus,L5977434,Fort Macon SP--Visitor's Center,2025-03-01 09:17,1.0,34.697632,-76.678948,True,False,False,S216194272,,US-NC
comgol,Common Goldeneye,Bucephala clangula,L2145970,Biltmore Estate--The Lagoon,2025-03-01 08:44,1.0,35.5402234,-82.5613117,True,True,False,S216022364,,US-NC
swtkit,Swallow-tailed Kite,Elanoides forficatus,L994556,Kitty Hawk Woods Coastal Reserve--Birch LaneTrail,2025-03-01 08:31,1.0,36.0922596,-75.7255733,True,True,False,S216026788,,US-NC
mdxmal1,Muscovy Duck x Mallard (hybrid),Cairina moschata x Anas platyrhynchos,L140554,Lake Julian Park,2025-03-01 08:02,1.0,35.4794464,-82.538002,True,True,False,S216032130,X,US-NC
sedwre1,Sedge Wren,Cistothorus stellaris,L241664,Fort Fisher SRA--Basin Trail and Aquarium Pond,2025-03-01 06:53,1.0,33.964264,-77.922871,True,False,False,S215995669,,US-NC
lesyel,Lesser Yellowlegs,Tringa flavipes,L365371,Bodie Island Lighthouse & Pond,2025-03-01 06:10,2.0,35.819076,-75.562966,True,False,False,S216122678,,US-NC
brnowl,American Barn Owl,Tyto furcata,L4099163,1P1D3A5,2025-02-28 20:47,1.0,35.35369,-80.18114,True,True,True,S215934953,,US-NC
x00759,Domestic goose sp. x Canada Goose (hybrid),Anser sp. (Domestic type) x Branta canadensis,L140554,Lake Julian Park,2025-02-28 16:04,2.0,35.4794464,-82.538002,True,False,False,S215903118,X,US-NC
sancra,Sandhill Crane,Antigone canadensis,L29571165,Hilton Pond North (Lansing NC),2025-02-28 13:00,8.0,36.5127778,-81.4488889,True,True,True,S215888629,,US-NC
perfal,Peregrine Falcon,Falco peregrinus,L22506235,Mattamuskeet,2025-02-28 11:45,1.0,35.4672203,-76.14431,True,False,True,S215934909,,US-NC
sumtan,Summer Tanager,Piranga rubra,L37294365,Home,2025-02-28 11:42,1.0,35.644873,-80.27638,True,True,True,S215859214,,US-NC
astfly,Ash-throated Flycatcher,Myiarchus cinerascens,L26085892,"25200 North Turnpike Road, Wagram, North Carolina, US (34.892, -79.445)Home",2025-02-28 08:52,1.0,34.8923317,-79.4449083,True,True,True,S215838522,,US-NC
whevir,White-eyed Vireo,Vireo griseus,L835859,Goose Creek SP,2025-02-28 08:49,1.0,35.4710859,-76.9103909,True,False,False,S215833456,,US-NC
cacgoo1,Cackling Goose,Branta hutchinsii,L1804745,Ecusta Pond (private),2025-02-27 14:30,1.0,35.2580992,-82.6941479,True,True,False,S215726090,,US-NC
categr1,Western Cattle-Egret,Ardea ibis,L477772,Wright Brothers National Monument,2025-02-27 14:00,1.0,36.0151574,-75.6679058,True,False,False,S215771204,,US-NC
norpar,Northern Parula,Setophaga americana,L972559,Hoffman Lake,2025-02-27 12:50,1.0,35.7716211,-78.8162184,True,True,False,S215766657,,US-NC
x00415,Greater White-fronted x Canada Goose (hybrid),Anser albifrons x Branta canadensis,L11110522,Rockwell Fields,2025-02-27 08:18,1.0,35.416902,-82.512084,True,True,True,S215668973,,US-NC
manshe,Manx Shearwater,Puffinus puffinus,L473168,Cape Hatteras NS--Cape Point,2025-02-27 06:45,2.0,35.2234655,-75.5286026,True,False,False,S215719563,,US-NC
x00205,Wood Duck x Mallard (hybrid),Aix sponsa x Anas platyrhynchos,L38479647,Enka Lake,2025-02-26 15:08,1.0,35.5338117,-82.6536284,True,True,True,S215587195,,US-NC
dickci,Dickcissel,Spiza americana,L2327984,Mills River Park,2025-02-26 09:50,1.0,35.383452,-82.5487804,True,True,False,S215556014,,US-NC
linspa,Lincoln's Sparrow,Melospiza lincolnii,L331344,Mason Farm Biological Reserve,2025-02-26 09:03,1.0,35.8849444,-79.0145083,True,True,False,S215549574,,US-NC
x00004,Mallard x American Black Duck (hybrid),Anas platyrhynchos x rubripes,L998132,Flat River Waterfowl Impoundment,2025-02-26 08:18,1.0,36.127421,-78.8321335,True,False,False,S215545342,,US-NC
nstspa,Nelson's Sparrow,Ammospiza nelsoni,L1555375,Pea Island NWR--Salt Flats Wildlife Trail,2025-02-26 07:18,8.0,35.7355509,-75.5053226,True,False,False,S215535908,,US-NC
doveki,Dovekie,Alle alle,L473168,Cape Hatteras NS--Cape Point,2025-02-26 06:45,1.0,35.2234655,-75.5286026,True,False,False,S215566312,,US-NC
nswowl,Northern Saw-whet Owl,Aegolius acadicus,L21717333,"Bodie Island Lighthouse Road, Nags Head, North Carolina, US (35.827, -75.562)",2025-02-25 18:10,1.0,35.8269606,-75.5616922,True,True,True,S215454060,,US-NC
brant,Brant,Branta bernicla,L13863581,Hatteras Point,2025-02-25 16:38,3.0,35.1982747,-75.7309629,True,False,True,S215457611,,US-NC
yetwar,Yellow-throated Warbler,Setophaga dominica,L28734518,"19539 Weaver's Cir, Cornelius US-NC 35.48069, -80.91068",2025-02-24 10:38,1.0,35.480693,-80.910684,True,True,True,S215231306,,US-NC
harduc,Harlequin Duck,Histrionicus histrionicus,L1398808,Nags Head--Jennette's Pier,2025-02-24 09:51,1.0,35.9100819,-75.5955505,True,True,False,S215223618,,US-NC
kinrai4,King Rail,Rallus elegans,L40553693,"Virginia Dare Memorial Bridge, Manteo US-NC 35.88436, -75.67209",2025-02-23 15:16,1.0,35.884364,-75.672085,True,False,True,S215094295,,US-NC
woosto,Wood Stork,Mycteria americana,L40553363,"221 Woodlands Way, Calabash, North Carolina, US (33.93, -78.576)",2025-02-23 15:10,1.0,33.9297095,-78.5762398,True,False,True,S215092708,,US-NC
rinphe1,Ring-necked Pheasant,Phasianus colchicus,L17840374,Forest Knoll Drive,2025-02-23 14:21,1.0,35.695405,-82.545261,True,True,True,S215089814,X,US-NC
atlpuf,Atlantic Puffin,Fratercula arctica,L10719823,Oregon Inlet--Winter Pelagic,2025-02-23 13:50,14.0,35.702628,-75.131308,True,False,False,S215386686,,US-NC
litgul,Little Gull,Hydrocoloeus minutus,L10719823,Oregon Inlet--Winter Pelagic,2025-02-23 09:30,1.0,35.702628,-75.131308,True,False,False,S215384564,,US-NC
redpha1,Red Phalarope,Phalaropus fulicarius,L10719823,Oregon Inlet--Winter Pelagic,2025-02-23 09:30,175.0,35.702628,-75.131308,True,False,False,S215384564,,US-NC
swagoo3,Swan Goose x Canada Goose (hybrid),Anser cygnoides x Branta canadensis,L1002792,Rainbow Road Trail,2025-02-23 07:24,1.0,35.6430726,-82.2909987,True,False,False,S214995389,X,US-NC
caster1,Caspian Tern,Hydroprogne caspia,L791930,Fort Caswell,2025-02-22 17:37,2.0,33.8903675,-78.0199242,True,False,False,S215073345,,US-NC
rosgoo,Ross's Goose,Anser rossii,L1804745,Ecusta Pond (private),2025-02-22 15:01,1.0,35.2580992,-82.6941479,True,True,False,S214899747,,US-NC
grnher,Green Heron,Butorides virescens,L1857093,Buxton Woods Nature Reserve--Water Association Rd.,2025-02-22 10:15,1.0,35.2502082,-75.5847875,True,True,False,S214827715,,US-NC
comnig,Common Nighthawk,Chordeiles minor,L40477221,"Harris Teeter Shopping Center 423 Pisgah Church Road, Greensboro, North Carolina, US (36.131, -79.797)",2025-02-21 18:41,1.0,36.1306585,-79.7967283,True,True,True,S214736961,,US-NC
clcspa,Clay-colored Sparrow,Spizella pallida,L40469139,"Cheyenne Trail, Wilmington, North Carolina, US (34.158, -77.871)",2025-02-21 11:56,1.0,34.158467,-77.8710308,True,True,True,S214700037,,US-NC
yebcha,Yellow-breasted Chat,Icteria virens,L40469139,"Cheyenne Trail, Wilmington, North Carolina, US (34.158, -77.871)",2025-02-21 11:56,1.0,34.158467,-77.8710308,True,True,True,S214700037,,US-NC
graspa,Grasshopper Sparrow,Ammodramus savannarum,L40542192,"Pike Road SE, Morning Star Rd, Pantego US-NC (35.6376,-76.6716)",2025-02-21 10:10,1.0,35.637637,-76.671612,True,False,True,S215040382,,US-NC
larspa,Lark Sparrow,Chondestes grammacus,L40480997,"Pike Road SE, 1179 Morning Star Rd, Pantego US-NC (35.6374,-76.6793)",2025-02-21 08:45,4.0,35.63736,-76.679291,True,True,True,S214754209,,US-NC
y00478,Iceland Gull,Larus glaucoides,L473168,Cape Hatteras NS--Cape Point,2025-02-20 08:57,1.0,35.2234655,-75.5286026,True,True,False,S214598740,,US-NC
glagul,Glaucous Gull,Larus hyperboreus,L35255052,Ocracoke Island— Ramp 63,2025-02-20 08:55,1.0,35.156667,-75.846903,True,True,True,S214524868,,US-NC
magfri,Magnificent Frigatebird,Fregata magnificens,L40423563,"5835–5899 Sylva Rd, Franklin US-NC (35.2257,-83.3533)",2025-02-19 15:40,1.0,35.225727,-83.353345,True,True,True,S214458939,,US-NC
bulori,Bullock's Oriole,Icterus bullockii,L14612920,"28562, New Bern, NC  (Private)",2025-02-19 13:15,1.0,35.1191081,-77.097159,True,True,True,S214439988,,US-NC
monpar,Monk Parakeet,Myiopsitta monachus,L40424887,"US-64, Thomasville, NC, US",2025-02-18 08:39,1.0,35.776235,-80.1145197,True,True,True,S214466138,X,US-NC
parjae,Parasitic Jaeger,Stercorarius parasiticus,L10719823,Oregon Inlet--Winter Pelagic,2025-02-18 07:07,1.0,35.702628,-75.131308,True,False,False,S214454837,,US-NC
