speciesCode,comName,sciName,locId,locName,obsDt,howMany,lat,lng,obsValid,obsReviewed,locationPrivate,subId,exoticCategory,region
varthr,Varied Thrush,Ixoreus naevius,L13656443,Thorton Creek House,2025-03-03 15:59,1.0,47.701709,-122.309747,True,False,True,S216513602,,US-WA
glwgul,Glaucous-winged Gull,Larus glaucescens,L5530198,"Pike Place Market, Seattle",2025-03-03 15:51,1.0,47.6101389,-122.3420106,True,False,False,S216512985,,US-WA
wesgul,Western Gull,Larus occidentalis,L5530198,"Pike Place Market, Seattle",2025-03-03 15:51,1.0,47.6101389,-122.3420106,True,False,False,S216512985,,US-WA
rocpig,Rock Pigeon,Columba livia,L5530198,"Pike Place Market, Seattle",2025-03-03 15:51,4.0,47.6101389,-122.3420106,True,False,False,S216512985,N,US-WA
eursta,European Starling,Sturnus vulgaris,L5530198,"Pike Place Market, Seattle",2025-03-03 15:51,3.0,47.6101389,-122.3420106,True,False,False,S216512985,N,US-WA
hoomer,Hooded Merganser,Lophodytes cucullatus,L901766,Billy Frank Jr. Nisqually NWR--Twin Barns Loop,2025-03-03 15:49,3.0,47.0780133,-122.7119207,True,False,False,S216513413,,US-WA
rewbla,Red-winged Blackbird,Agelaius phoeniceus,L901766,Billy Frank Jr. Nisqually NWR--Twin Barns Loop,2025-03-03 15:49,2.0,47.0780133,-122.7119207,True,False,False,S216513413,,US-WA
rinduc,Ring-necked Duck,Aythya collaris,L901766,Billy Frank Jr. Nisqually NWR--Twin Barns Loop,2025-03-03 15:49,1.0,47.0780133,-122.7119207,True,False,False,S216513413,,US-WA
mallar3,Mallard,Anas platyrhynchos,L901766,Billy Frank Jr. Nisqually NWR--Twin Barns Loop,2025-03-03 15:49,4.0,47.0780133,-122.7119207,True,False,False,S216513413,,US-WA
cangoo,Canada Goose,Branta canadensis,L901766,Billy Frank Jr. Nisqually NWR--Twin Barns Loop,2025-03-03 15:49,,47.0780133,-122.7119207,True,False,False,S216513413,,US-WA
stejay,Steller's Jay,Cyanocitta stelleri,L550783,Fields Spring SP,2025-03-03 15:47,1.0,46.0804052,-117.1690392,True,False,False,S216513297,,US-WA
rufgro,Ruffed Grouse,Bonasa umbellus,L550783,Fields Spring SP,2025-03-03 15:47,1.0,46.0804052,-117.1690392,True,False,False,S216513297,,US-WA
amerob,American Robin,Turdus migratorius,L550783,Fields Spring SP,2025-03-03 15:47,16.0,46.0804052,-117.1690392,True,False,False,S216513297,,US-WA
daejun,Dark-eyed Junco,Junco hyemalis,L550783,Fields Spring SP,2025-03-03 15:47,12.0,46.0804052,-117.1690392,True,False,False,S216513297,,US-WA
amekes,American Kestrel,Falco sparverius,L40828914,"6131 Northwest Drive, Ferndale, Washington, US (48.863, -122.541)",2025-03-03 15:44,1.0,48.8630576,-122.5410125,True,False,True,S216511866,,US-WA
chbchi,Chestnut-backed Chickadee,Poecile rufescens,L38944719,"18922 129th St E, Bonney Lake US-WA 47.14411, -122.17974",2025-03-03 15:43,1.0,47.144111,-122.179736,True,False,True,S216512183,,US-WA
pilwoo,Pileated Woodpecker,Dryocopus pileatus,L38944719,"18922 129th St E, Bonney Lake US-WA 47.14411, -122.17974",2025-03-03 15:43,1.0,47.144111,-122.179736,True,False,True,S216512183,,US-WA
comrav,Common Raven,Corvus corax,L38944719,"18922 129th St E, Bonney Lake US-WA 47.14411, -122.17974",2025-03-03 15:43,1.0,47.144111,-122.179736,True,False,True,S216512183,,US-WA
brncre,Brown Creeper,Certhia americana,L38944719,"18922 129th St E, Bonney Lake US-WA 47.14411, -122.17974",2025-03-03 15:43,1.0,47.144111,-122.179736,True,False,True,S216512183,,US-WA
truswa,Trumpeter Swan,Cygnus buccinator,L2525070,Fall City--Neal Rd.,2025-03-03 15:40,11.0,47.5930764,-121.9113135,True,False,False,S216511412,,US-WA
doccor,Double-crested Cormorant,Nannopterum auritum,L3809656,"Helen's Pond, Dungeness",2025-03-03 15:36,1.0,48.1496,-123.118,True,False,False,S216511893,,US-WA
norsho,Northern Shoveler,Spatula clypeata,L3809656,"Helen's Pond, Dungeness",2025-03-03 15:36,1.0,48.1496,-123.118,True,False,False,S216511893,,US-WA
amecro,American Crow,Corvus brachyrhynchos,L3809656,"Helen's Pond, Dungeness",2025-03-03 15:36,2.0,48.1496,-123.118,True,False,False,S216511893,,US-WA
moudov,Mourning Dove,Zenaida macroura,L3809656,"Helen's Pond, Dungeness",2025-03-03 15:36,2.0,48.1496,-123.118,True,False,False,S216511893,,US-WA
amewig,American Wigeon,Mareca americana,L3809656,"Helen's Pond, Dungeness",2025-03-03 15:36,5.0,48.1496,-123.118,True,False,False,S216511893,,US-WA
baleag,Bald Eagle,Haliaeetus leucocephalus,L3809656,"Helen's Pond, Dungeness",2025-03-03 15:36,2.0,48.1496,-123.118,True,False,False,S216511893,,US-WA
killde,Killdeer,Charadrius vociferus,L3809656,"Helen's Pond, Dungeness",2025-03-03 15:36,1.0,48.1496,-123.118,True,False,False,S216511893,,US-WA
wesmea,Western Meadowlark,Sturnella neglecta,L3809656,"Helen's Pond, Dungeness",2025-03-03 15:36,2.0,48.1496,-123.118,True,False,False,S216511893,,US-WA
eucdov,Eurasian Collared-Dove,Streptopelia decaocto,L3809656,"Helen's Pond, Dungeness",2025-03-03 15:36,1.0,48.1496,-123.118,True,False,False,S216511893,N,US-WA
brebla,Brewer's Blackbird,Euphagus cyanocephalus,L3809656,"Helen's Pond, Dungeness",2025-03-03 15:36,2.0,48.1496,-123.118,True,False,False,S216511893,,US-WA
spotow,Spotted Towhee,Pipilo maculatus,L3809656,"Helen's Pond, Dungeness",2025-03-03 15:36,1.0,48.1496,-123.118,True,False,False,S216511893,,US-WA
sonspa,Song Sparrow,Melospiza melodia,L40214679,UW,2025-03-03 15:33,2.0,47.6584206,-122.3041763,True,False,True,S216510801,,US-WA
bewwre,Bewick's Wren,Thryomanes bewickii,L40214679,UW,2025-03-03 15:33,1.0,47.6584206,-122.3041763,True,False,True,S216510801,,US-WA
gockin,Golden-crowned Kinglet,Regulus satrapa,L40214679,UW,2025-03-03 15:33,1.0,47.6584206,-122.3041763,True,False,True,S216510801,,US-WA
lesgol,Lesser Goldfinch,Spinus psaltria,L39259449,DABCO Stables Apartments,2025-03-03 15:30,2.0,46.740834,-117.1668951,True,False,True,S216510315,,US-WA
bkbmag1,Black-billed Magpie,Pica hudsonia,L14008947,"Montgomery Ridge Rd:  SR-129 - Weisenfels Ridge Rd, Anatone US-WA 46.10958, -117.13533",2025-03-03 15:26,5.0,46.109584,-117.135334,True,False,True,S216513340,,US-WA
rethaw,Red-tailed Hawk,Buteo jamaicensis,L14008947,"Montgomery Ridge Rd:  SR-129 - Weisenfels Ridge Rd, Anatone US-WA 46.10958, -117.13533",2025-03-03 15:26,1.0,46.109584,-117.135334,True,False,True,S216513340,,US-WA
wiltur,Wild Turkey,Meleagris gallopavo,L14008947,"Montgomery Ridge Rd:  SR-129 - Weisenfels Ridge Rd, Anatone US-WA 46.10958, -117.13533",2025-03-03 15:26,8.0,46.109584,-117.135334,True,False,True,S216513340,N,US-WA
buffle,Bufflehead,Bucephala albeola,L29856485,Falling Water Storm Ponds,2025-03-03 15:25,3.0,47.141045,-122.190474,True,False,False,S216510324,,US-WA
houfin,House Finch,Haemorhous mexicanus,L14350717,Deer Creek Park,2025-03-03 15:22,2.0,47.7894057,-122.3839183,True,False,False,S216509538,,US-WA
pacwre1,Pacific Wren,Troglodytes pacificus,L14350717,Deer Creek Park,2025-03-03 15:22,1.0,47.7894057,-122.3839183,True,False,False,S216509538,,US-WA
norfli,Northern Flicker,Colaptes auratus,L14350717,Deer Creek Park,2025-03-03 15:22,1.0,47.7894057,-122.3839183,True,False,False,S216509538,,US-WA
pinsis,Pine Siskin,Spinus pinus,L14350717,Deer Creek Park,2025-03-03 15:22,1.0,47.7894057,-122.3839183,True,False,False,S216509538,,US-WA
annhum,Anna's Hummingbird,Calypte anna,L40827870,2101 - Edith Apartments,2025-03-03 15:22,1.0,47.6380039,-122.3667523,True,False,True,S216510942,,US-WA
marwre,Marsh Wren,Cistothorus palustris,L1437095,Lower Dungeness R. (Creamery) Trail,2025-03-03 15:14,5.0,48.1353767,-123.1375856,True,False,False,S216510074,,US-WA
grbher3,Great Blue Heron,Ardea herodias,L1437095,Lower Dungeness R. (Creamery) Trail,2025-03-03 15:14,2.0,48.1353767,-123.1375856,True,False,False,S216510074,,US-WA
norhar2,Northern Harrier,Circus hudsonius,L29102950,"36900 State Route 20, Oak Harbor, Washington, US (48.354, -122.612)",2025-03-03 15:13,1.0,48.3538738,-122.6123478,True,False,True,S216508029,,US-WA
snogoo,Snow Goose,Anser caerulescens,L40828276,"21043 Wylie Road, Mount Vernon, Washington, US (48.341, -122.379)",2025-03-03 15:13,200.0,48.3406709,-122.3787776,True,False,True,S216508139,,US-WA
norpin,Northern Pintail,Anas acuta,L40828462,"11122–11412 W Jensen Rd, Cheney US-WA 47.52921, -117.57134",2025-03-03 15:11,250.0,47.529213,-117.571341,True,False,True,S216509296,,US-WA
comgol,Common Goldeneye,Bucephala clangula,L40828462,"11122–11412 W Jensen Rd, Cheney US-WA 47.52921, -117.57134",2025-03-03 15:11,13.0,47.529213,-117.571341,True,False,True,S216509296,,US-WA
ruckin,Ruby-crowned Kinglet,Corthylio calendula,L162766,Union Bay Natural Area/Montlake Fill,2025-03-03 15:07,4.0,47.65424,-122.29137,True,False,False,S216512222,,US-WA
wooduc,Wood Duck,Aix sponsa,L162766,Union Bay Natural Area/Montlake Fill,2025-03-03 15:07,2.0,47.65424,-122.29137,True,False,False,S216512222,,US-WA
belkin1,Belted Kingfisher,Megaceryle alcyon,L162766,Union Bay Natural Area/Montlake Fill,2025-03-03 15:07,1.0,47.65424,-122.29137,True,False,False,S216512222,,US-WA
commer,Common Merganser,Mergus merganser,L162766,Union Bay Natural Area/Montlake Fill,2025-03-03 15:07,2.0,47.65424,-122.29137,True,False,False,S216512222,,US-WA
gnwtea,Green-winged Teal,Anas crecca,L162766,Union Bay Natural Area/Montlake Fill,2025-03-03 15:07,6.0,47.65424,-122.29137,True,False,False,S216512222,,US-WA
pibgre,Pied-billed Grebe,Podilymbus podiceps,L162766,Union Bay Natural Area/Montlake Fill,2025-03-03 15:07,2.0,47.65424,-122.29137,True,False,False,S216512222,,US-WA
gadwal,Gadwall,Mareca strepera,L162766,Union Bay Natural Area/Montlake Fill,2025-03-03 15:07,4.0,47.65424,-122.29137,True,False,False,S216512222,,US-WA
bkcchi,Black-capped Chickadee,Poecile atricapillus,L162766,Union Bay Natural Area/Montlake Fill,2025-03-03 15:07,8.0,47.65424,-122.29137,True,False,False,S216512222,,US-WA
y00475,American Coot,Fulica americana,L162766,Union Bay Natural Area/Montlake Fill,2025-03-03 15:07,5.0,47.65424,-122.29137,True,False,False,S216512222,,US-WA
yerwar,Yellow-rumped Warbler,Setophaga coronata,L162766,Union Bay Natural Area/Montlake Fill,2025-03-03 15:07,2.0,47.65424,-122.29137,True,False,False,S216512222,,US-WA
rebnut,Red-breasted Nuthatch,Sitta canadensis,L28140056,"308 Scot Street, Feeder Watch",2025-03-03 15:05,2.0,46.3121905,-119.2689497,True,False,True,S216511618,,US-WA
lessca,Lesser Scaup,Aythya affinis,L352772,West Plains Area--Granite Lake,2025-03-03 15:04,8.0,47.5509112,-117.6271229,True,False,False,S216507101,,US-WA
redhea,Redhead,Aythya americana,L352772,West Plains Area--Granite Lake,2025-03-03 15:04,4.0,47.5509112,-117.6271229,True,False,False,S216507101,,US-WA
bargol,Barrow's Goldeneye,Bucephala islandica,L352772,West Plains Area--Granite Lake,2025-03-03 15:04,2.0,47.5509112,-117.6271229,True,False,False,S216507101,,US-WA
canvas,Canvasback,Aythya valisineria,L352772,West Plains Area--Granite Lake,2025-03-03 15:04,12.0,47.5509112,-117.6271229,True,False,False,S216507101,,US-WA
sursco,Surf Scoter,Melanitta perspicillata,L298030,Carkeek Park,2025-03-03 14:59,15.0,47.7126411,-122.377647,True,False,False,S216507882,,US-WA
retloo,Red-throated Loon,Gavia stellata,L298030,Carkeek Park,2025-03-03 14:59,1.0,47.7126411,-122.377647,True,False,False,S216507882,,US-WA
rengre,Red-necked Grebe,Podiceps grisegena,L298030,Carkeek Park,2025-03-03 14:59,1.0,47.7126411,-122.377647,True,False,False,S216507882,,US-WA
comloo,Common Loon,Gavia immer,L298030,Carkeek Park,2025-03-03 14:59,1.0,47.7126411,-122.377647,True,False,False,S216507882,,US-WA
x00051,Western x Glaucous-winged Gull (hybrid),Larus occidentalis x glaucescens,L298030,Carkeek Park,2025-03-03 14:59,4.0,47.7126411,-122.377647,True,False,False,S216507882,,US-WA
wesgre,Western Grebe,Aechmophorus occidentalis,L298030,Carkeek Park,2025-03-03 14:59,200.0,47.7126411,-122.377647,True,False,False,S216507882,,US-WA
horgre,Horned Grebe,Podiceps auritus,L298030,Carkeek Park,2025-03-03 14:59,5.0,47.7126411,-122.377647,True,False,False,S216507882,,US-WA
rhiauk,Rhinoceros Auklet,Cerorhinca monocerata,L298030,Carkeek Park,2025-03-03 14:59,1.0,47.7126411,-122.377647,True,False,False,S216507882,,US-WA
pelcor,Pelagic Cormorant,Urile pelagicus,L27062189,seeing birds,2025-03-03 14:55,4.0,47.9949033,-122.5384626,True,False,True,S216509033,,US-WA
bushti,Bushtit,Psaltriparus minimus,L3194041,"SE Fish Hatchery Rd, Fall City",2025-03-03 14:55,9.0,47.5514416,-121.8499017,True,False,False,S216510095,,US-WA
piggui,Pigeon Guillemot,Cepphus columba,L27062189,seeing birds,2025-03-03 14:55,1.0,47.9949033,-122.5384626,True,False,True,S216509033,,US-WA
norshr4,Northern Shrike,Lanius borealis,L2411381,Three Crabs,2025-03-03 14:48,1.0,48.1448645,-123.1102395,True,False,True,S216510085,,US-WA
houspa,House Sparrow,Passer domesticus,L374382,Edmonds Waterfront,2025-03-03 14:47,1.0,47.8119268,-122.3854144,True,False,False,S216509658,N,US-WA
cedwax,Cedar Waxwing,Bombycilla cedrorum,L374382,Edmonds Waterfront,2025-03-03 14:47,20.0,47.8119268,-122.3854144,True,False,False,S216509658,,US-WA
rebmer,Red-breasted Merganser,Mergus serrator,L374382,Edmonds Waterfront,2025-03-03 14:47,1.0,47.8119268,-122.3854144,True,False,False,S216509658,,US-WA
greyel,Greater Yellowlegs,Tringa melanoleuca,L1463282,Nordland,2025-03-03 14:33,5.0,48.0510507,-122.6919596,True,False,False,S216502878,,US-WA
gwfgoo,Greater White-fronted Goose,Anser albifrons,L282253,Billy Frank Jr. Nisqually NWR,2025-03-03 14:33,27.0,47.0812514,-122.7180576,True,False,False,S216503496,,US-WA
tunswa,Tundra Swan,Cygnus columbianus,L2604072,Conway,2025-03-03 14:25,120.0,48.3409091,-122.3365402,True,False,False,S216506342,,US-WA
harduc,Harlequin Duck,Histrionicus histrionicus,L279002,Gibson Spit,2025-03-03 14:25,4.0,48.091838,-123.0452702,True,False,False,S216502583,,US-WA
brant,Brant,Branta bernicla,L279002,Gibson Spit,2025-03-03 14:25,84.0,48.091838,-123.0452702,True,False,False,S216502583,,US-WA
haiwoo,Hairy Woodpecker,Dryobates villosus,L10136813,Yard Listing,2025-03-03 14:17,1.0,47.713181,-122.550273,True,False,True,S216512562,,US-WA
rudduc,Ruddy Duck,Oxyura jamaicensis,L6635254,Spearfish Park,2025-03-03 14:17,1.0,45.6265644,-121.1282111,True,False,False,S216508476,,US-WA
brdowl,Barred Owl,Strix varia,L10136813,Yard Listing,2025-03-03 14:17,1.0,47.713181,-122.550273,True,False,True,S216512562,,US-WA
rufhum,Rufous Hummingbird,Selasphorus rufus,L10136813,Yard Listing,2025-03-03 14:17,2.0,47.713181,-122.550273,True,False,True,S216512562,,US-WA
purfin,Purple Finch,Haemorhous purpureus,L10136813,Yard Listing,2025-03-03 14:17,1.0,47.713181,-122.550273,True,False,True,S216512562,,US-WA
hutvir,Hutton's Vireo,Vireo huttoni,L10136813,Yard Listing,2025-03-03 14:17,1.0,47.713181,-122.550273,True,False,True,S216512562,,US-WA
rebsap,Red-breasted Sapsucker,Sphyrapicus ruber,L10136813,Yard Listing,2025-03-03 14:17,1.0,47.713181,-122.550273,True,False,True,S216512562,,US-WA
dowwoo,Downy Woodpecker,Dryobates pubescens,L842108,Priest Point Park,2025-03-03 14:16,1.0,47.073337,-122.9005337,True,False,False,S216511810,,US-WA
saypho,Say's Phoebe,Sayornis saya,L1333823,Weissenfels Ridge Rd.,2025-03-03 14:16,2.0,46.2190482,-117.0072603,True,False,False,S216509367,,US-WA
vigswa,Violet-green Swallow,Tachycineta thalassina,L1333823,Weissenfels Ridge Rd.,2025-03-03 14:16,5.0,46.2190482,-117.0072603,True,False,False,S216509367,,US-WA
wesblu,Western Bluebird,Sialia mexicana,L1333823,Weissenfels Ridge Rd.,2025-03-03 14:16,5.0,46.2190482,-117.0072603,True,False,False,S216509367,,US-WA
gocspa,Golden-crowned Sparrow,Zonotrichia atricapilla,L282253,Billy Frank Jr. Nisqually NWR,2025-03-03 14:16,20.0,47.0812514,-122.7180576,True,False,False,S216501004,,US-WA
horlar,Horned Lark,Eremophila alpestris,L1333823,Weissenfels Ridge Rd.,2025-03-03 14:16,12.0,46.2190482,-117.0072603,True,False,False,S216509367,,US-WA
marmur,Marbled Murrelet,Brachyramphus marmoratus,L1460642,Port Townsend-Keystone Ferry (Island Co.),2025-03-03 14:12,10.0,48.1472328,-122.6790196,True,False,False,S216505486,,US-WA
whwsco2,White-winged Scoter,Melanitta deglandi,L1460642,Port Townsend-Keystone Ferry (Island Co.),2025-03-03 14:12,40.0,48.1472328,-122.6790196,True,False,False,S216505486,,US-WA
towsol,Townsend's Solitaire,Myadestes townsendi,L1108766,Lawson Gardens/Kruegal Park,2025-03-03 14:12,1.0,46.7219761,-117.1756268,True,False,False,S216504501,,US-WA
mewgul2,Short-billed Gull,Larus brachyrhynchus,L1460642,Port Townsend-Keystone Ferry (Island Co.),2025-03-03 14:12,10.0,48.1472328,-122.6790196,True,False,False,S216505486,,US-WA
amegfi,American Goldfinch,Spinus tristis,L1108766,Lawson Gardens/Kruegal Park,2025-03-03 14:12,2.0,46.7219761,-117.1756268,True,False,False,S216504501,,US-WA
commur,Common Murre,Uria aalge,L1460642,Port Townsend-Keystone Ferry (Island Co.),2025-03-03 14:12,6.0,48.1472328,-122.6790196,True,False,False,S216505486,,US-WA
ribgul,Ring-billed Gull,Larus delawarensis,L11409084,Snake River--3 mile rapids (Asotin Co.),2025-03-03 14:08,4.0,46.3052535,-117.0093727,True,False,False,S216499865,,US-WA
whcspa,White-crowned Sparrow,Zonotrichia leucophrys,L40552174,"3416 61st Avenue Southwest, Seattle, Washington, US (47.574, -122.411)",2025-03-03 13:59,3.0,47.5735172,-122.4107117,True,False,True,S216498179,,US-WA
turvul,Turkey Vulture,Cathartes aura,L460921,Kennedy Creek estuary,2025-03-03 13:56,1.0,47.0986424,-123.0860138,True,False,False,S216497624,,US-WA
amepip,American Pipit,Anthus rubescens,L279002,Gibson Spit,2025-03-03 13:47,4.0,48.091838,-123.0452702,True,False,False,S216499079,,US-WA
calgul,California Gull,Larus californicus,L5819467,Austin Estuary Park,2025-03-03 13:47,5.0,47.3368887,-122.5924712,True,False,False,S216497474,,US-WA
eargre,Eared Grebe,Podiceps nigricollis,L279002,Gibson Spit,2025-03-03 13:47,1.0,48.091838,-123.0452702,True,False,False,S216499079,,US-WA
pacloo,Pacific Loon,Gavia pacifica,L2967054,Meadowdale County Park,2025-03-03 13:46,18.0,47.8596993,-122.3351455,True,False,False,S216511327,,US-WA
grhowl,Great Horned Owl,Bubo virginianus,L2591826,Elizabeth Park (Bellingham),2025-03-03 13:38,1.0,48.760093,-122.490488,True,False,False,S216495087,,US-WA
blktur,Black Turnstone,Arenaria melanocephala,L2608551,Charles Richey Sr. Viewpoint,2025-03-03 13:31,13.0,47.5726544,-122.4140185,True,False,False,S216497215,,US-WA
bracor,Brandt's Cormorant,Urile penicillatus,L812287,Fort Flagler SP - Campground/Beach,2025-03-03 13:26,60.0,48.0938751,-122.7226067,True,False,False,S216504934,,US-WA
lotduc,Long-tailed Duck,Clangula hyemalis,L812287,Fort Flagler SP - Campground/Beach,2025-03-03 13:26,2.0,48.0938751,-122.7226067,True,False,False,S216504934,,US-WA
blkoys,Black Oystercatcher,Haematopus bachmani,L812287,Fort Flagler SP - Campground/Beach,2025-03-03 13:26,2.0,48.0938751,-122.7226067,True,False,False,S216504934,,US-WA
redcro,Red Crossbill,Loxia curvirostra,L812287,Fort Flagler SP - Campground/Beach,2025-03-03 13:26,3.0,48.0938751,-122.7226067,True,False,False,S216504934,,US-WA
gresca,Greater Scaup,Aythya marila,L22087865,Port Orchard Waterfront,2025-03-03 13:25,60.0,47.5423235,-122.6334715,True,False,False,S216511325,,US-WA
mouchi,Mountain Chickadee,Poecile gambeli,L18956283,S Terra Verde Dr -- 15 Minute Loop,2025-03-03 13:21,4.0,47.617471,-117.2093622,True,False,True,S216494595,,US-WA
eurwig,Eurasian Wigeon,Mareca penelope,L163354,Green Lake,2025-03-03 13:18,2.0,47.6783945,-122.3382464,True,False,False,S216502117,,US-WA
margod,Marbled Godwit,Limosa fedoa,L30241872,Keeler Road,2025-03-03 13:16,1.0,48.0681534,-123.0580597,True,False,True,S216495331,,US-WA
cowscj1,California Scrub-Jay,Aphelocoma californica,L13810582,Bench Drive Area,2025-03-03 13:16,1.0,46.99653,-123.81295,True,False,True,S216500000,,US-WA
dunlin,Dunlin,Calidris alpina,L283821,Cedar River mouth,2025-03-03 13:10,1.0,47.5007162,-122.2146012,True,False,False,S216493505,,US-WA
cacgoo1,Cackling Goose,Branta hutchinsii,L1064269,Sportsmens Club Road (Cowlitz Co.),2025-03-03 13:07,300.0,46.03891,-122.87399,True,False,False,S216493174,,US-WA
batpig1,Band-tailed Pigeon,Patagioenas fasciata,L3535798,Yard Birds,2025-03-03 13:03,2.0,47.6335332,-122.3699391,True,False,True,S216490478,,US-WA
greegr,Great Egret,Ardea alba,L23739678,"Memorial Park Drive, Longview, Washington, US (46.148, -122.992)",2025-03-03 13:00,1.0,46.1479531,-122.9919876,True,False,True,S216492749,,US-WA
chukar,Chukar,Alectoris chukar,L3655380,Chelan - Gorge Rd,2025-03-03 12:54,2.0,47.820359,-119.9968815,True,False,True,S216497273,N,US-WA
coohaw,Cooper's Hawk,Astur cooperii,L232479,Juanita Bay Park,2025-03-03 12:53,1.0,47.6981686,-122.2101878,True,False,False,S216506832,,US-WA
wilsni1,Wilson's Snipe,Gallinago delicata,L232479,Juanita Bay Park,2025-03-03 12:53,1.0,47.6981686,-122.2101878,True,False,False,S216506832,,US-WA
y00478,Iceland Gull,Larus glaucoides,L608334,Point Hudson,2025-03-03 12:45,1.0,48.117861,-122.7494931,True,False,False,S216494469,,US-WA
calqua,California Quail,Callipepla californica,L1877342,Browns Point Lighthouse Park,2025-03-03 12:41,1.0,47.3057,-122.44382,True,False,False,S216500846,N,US-WA
whbnut,White-breasted Nuthatch,Sitta carolinensis,L592967,Ridgefield NWR--River 'S' Unit,2025-03-03 12:37,2.0,45.7990694,-122.7490082,True,False,False,S216504620,,US-WA
shshaw,Sharp-shinned Hawk,Accipiter striatus,L39389946,"Bitte Baer Preserve, Point  Disney, Waldron Island",2025-03-03 12:37,1.0,48.6785782,-123.0383094,True,False,False,S216502069,,US-WA
merlin,Merlin,Falco columbarius,L40613845,Monse River Rd Boat Ramp,2025-03-03 12:25,1.0,48.1074598,-119.6978045,True,False,False,S216511837,,US-WA
soogro1,Sooty Grouse,Dendragapus fuliginosus,L40823952,"Unnamed Road, Clallam Bay, Washington, US (48.155, -124.016)",2025-03-03 12:25,1.0,48.1553894,-124.0159964,True,False,True,S216485200,,US-WA
nopowl,Northern Pygmy-Owl,Glaucidium gnoma,L40828692,"Capitol Forest, Olympia, Washington, US (46.956, -123.103)",2025-03-03 12:09,1.0,46.9555818,-123.1026261,True,False,True,S216510644,,US-WA
amedip,American Dipper,Cinclus mexicanus,L9603123,"18435 U.S. 2, Leavenworth, Washington, US (47.754, -120.738)",2025-03-03 11:52,1.0,47.7544456,-120.7380516,True,False,True,S216480526,,US-WA
linspa,Lincoln's Sparrow,Melospiza lincolnii,L282253,Billy Frank Jr. Nisqually NWR,2025-03-03 11:28,1.0,47.0812514,-122.7180576,True,False,False,S216480475,,US-WA
treswa,Tree Swallow,Tachycineta bicolor,L282253,Billy Frank Jr. Nisqually NWR,2025-03-03 11:28,1.0,47.0812514,-122.7180576,True,False,False,S216480475,,US-WA
amhgul1,American Herring Gull,Larus smithsonianus,L1061511,Willow Grove Road,2025-03-03 11:25,2.0,46.1729124,-123.0751026,True,False,False,S216488435,,US-WA
blkpho,Black Phoebe,Sayornis nigricans,L1061511,Willow Grove Road,2025-03-03 11:25,1.0,46.1729124,-123.0751026,True,False,False,S216488435,,US-WA
goleag,Golden Eagle,Aquila chrysaetos,L24545639,**Wenatchee Yard—Montana St.,2025-03-03 11:24,2.0,47.413802,-120.32551,True,False,True,S216477018,,US-WA
foxspa,Fox Sparrow,Passerella iliaca,L234899,Onella Road,2025-03-03 11:23,1.0,48.1246785,-123.6607628,True,False,True,S216493306,,US-WA
x00759,Domestic goose sp. x Canada Goose (hybrid),Anser sp. (Domestic type) x Branta canadensis,L1437095,Lower Dungeness R. (Creamery) Trail,2025-03-03 11:23,1.0,48.1353767,-123.1375856,True,False,False,S216496348,X,US-WA
bkbplo,Black-bellied Plover,Pluvialis squatarola,L265438,Three Crabs,2025-03-03 11:19,,48.151945,-123.1222855,True,False,False,S216482607,,US-WA
leasan,Least Sandpiper,Calidris minutilla,L265438,Three Crabs,2025-03-03 11:19,,48.151945,-123.1222855,True,False,False,S216482607,,US-WA
grtgra,Great-tailed Grackle,Quiscalus mexicanus,L29562101,"stakeout Great-tailed Grackle, Moses Lake (2023-2025)",2025-03-03 11:19,1.0,47.141335,-119.276895,True,True,False,S216476441,,US-WA
lobdow,Long-billed Dowitcher,Limnodromus scolopaceus,L476174,Skagit Wildlife Area--Wylie Slough,2025-03-03 11:15,12.0,48.3246351,-122.3741287,True,False,False,S216499287,,US-WA
brnowl,American Barn Owl,Tyto furcata,L2182452,"Barlow Point Road, Longview",2025-03-03 10:55,2.0,46.1580454,-123.0384636,True,False,False,S216476644,,US-WA
virrai,Virginia Rail,Rallus limicola,L592967,Ridgefield NWR--River 'S' Unit,2025-03-03 10:50,1.0,45.7990694,-122.7490082,True,False,False,S216511002,,US-WA
amebit,American Bittern,Botaurus lentiginosus,L592967,Ridgefield NWR--River 'S' Unit,2025-03-03 10:50,2.0,45.7990694,-122.7490082,True,False,False,S216511002,,US-WA
rinphe1,Ring-necked Pheasant,Phasianus colchicus,L10138335,Winona South Road Feed Lot,2025-03-03 10:45,1.0,46.9146268,-117.8383772,True,False,False,S216476612,N,US-WA
whtspa,White-throated Sparrow,Zonotrichia albicollis,L29856771,Falling Water Protected Green Space,2025-03-03 10:42,1.0,47.142467,-122.191364,True,False,False,S216471663,,US-WA
bkbwoo,Black-backed Woodpecker,Picoides arcticus,L3592168,US-WA-Ellensburg Pass,2025-03-03 10:31,2.0,46.903708,-120.732867,True,False,True,S216495627,,US-WA
whhwoo,White-headed Woodpecker,Dryobates albolarvatus,L3592168,US-WA-Ellensburg Pass,2025-03-03 10:31,1.0,46.903708,-120.732867,True,False,True,S216495627,,US-WA
pygnut,Pygmy Nuthatch,Sitta pygmaea,L1955759,4030 South Best Court,2025-03-03 10:30,1.0,47.6189709,-117.2139044,True,False,True,S216487884,,US-WA
bongul,Bonaparte's Gull,Chroicocephalus philadelphia,L109542,Point No Point,2025-03-03 10:25,150.0,47.9118696,-122.5283182,True,False,False,S216480877,,US-WA
moublu,Mountain Bluebird,Sialia currucoides,L109546,Turnbull NWR,2025-03-03 10:10,2.0,47.4333333,-117.5666667,True,False,False,S216476863,,US-WA
herthr,Hermit Thrush,Catharus guttatus,L3054602,Llandover Woods Greenspace,2025-03-03 09:36,1.0,47.7328257,-122.3628473,True,False,False,S216472461,,US-WA
orcwar,Orange-crowned Warbler,Leiothlypis celata,L972403,Crestwoods Park,2025-03-03 09:30,,47.6913924,-122.1954346,True,False,False,S216508148,,US-WA
blksco2,Black Scoter,Melanitta americana,L40819106,"3439 SR-3 S, Bremerton US-WA 47.53255, -122.68881",2025-03-03 09:30,14.0,47.532551,-122.688814,True,False,True,S216460027,,US-WA
sancra,Sandhill Crane,Antigone canadensis,L6274258,Vancouver Lake--North Trail (includes previous Bridge trail access),2025-03-03 09:26,47.0,45.6968967,-122.7275535,True,False,False,S216490800,,US-WA
tufduc,Tufted Duck,Aythya fuligula,L2993848,Carrie Blake Park,2025-03-03 09:21,1.0,48.0800197,-123.0817978,True,True,False,S216462664,,US-WA
canwre,Canyon Wren,Catherpes mexicanus,L769102,Boyer Park,2025-03-03 08:43,1.0,46.6826565,-117.44874,True,False,False,S216462421,,US-WA
ancmur,Ancient Murrelet,Synthliboramphus antiquus,L509262,Point Wilson,2025-03-03 08:35,1.0,48.1442626,-122.7539778,True,False,False,S216463762,,US-WA
towwar,Townsend's Warbler,Setophaga townsendi,L25377355,Foote St House,2025-03-03 08:13,1.0,47.041481,-122.915746,True,False,True,S216447375,,US-WA
acowoo,Acorn Woodpecker,Melanerpes formicivorus,L19402351,Alder sp rd,2025-03-03 07:52,3.0,45.7073335,-121.2385434,True,False,True,S216448388,,US-WA
clanut,Clark's Nutcracker,Nucifraga columbiana,L26748599,"10 Ponderosa Drive, Tonasket, Washington, US (48.596, -119.512)",2025-03-03 06:50,1.0,48.5960617,-119.512375,True,False,True,S216433699,,US-WA
nswowl,Northern Saw-whet Owl,Aegolius acadicus,L7064913,"36 South Pheasant Run Road, Coupeville, Washington, US (48.209, -122.62)",2025-03-02 21:18,1.0,48.2087173,-122.6199524,True,False,True,S216378352,,US-WA
perfal,Peregrine Falcon,Falco peregrinus,L298030,Carkeek Park,2025-03-02 17:20,1.0,47.7126411,-122.377647,True,False,False,S216368864,,US-WA
sheowl,Short-eared Owl,Asio flammeus,L5092532,North Lynden Fields,2025-03-02 16:38,1.0,48.979032,-122.440682,True,False,False,S216364619,,US-WA
wilsap,Williamson's Sapsucker,Sphyrapicus thyroideus,L12076841,Baldy Pass,2025-03-02 16:36,2.0,48.6067116,-119.9158359,True,False,False,S216360920,,US-WA
sprgro,Spruce Grouse,Canachites canadensis,L12076841,Baldy Pass,2025-03-02 16:36,1.0,48.6067116,-119.9158359,True,True,False,S216360920,,US-WA
savspa,Savannah Sparrow,Passerculus sandwichensis,L14129337,Home,2025-03-02 16:30,1.0,47.5452309,-122.1843796,True,False,True,S216360777,,US-WA
wesowl1,Western Screech-Owl,Megascops kennicottii,L40593093,North End Omak Lake Road,2025-03-02 16:22,1.0,48.3353271,-119.4346984,True,False,False,S216371395,,US-WA
snobun,Snow Bunting,Plectrophenax nivalis,L40800226,"Cameron Lake Rd, Okanogan US-WA 48.18873, -119.49431",2025-03-02 16:11,10.0,48.188731,-119.494308,True,False,True,S216360475,,US-WA
sagspa1,Sagebrush Sparrow,Artemisiospiza nevadensis,L40801448,Moses Coulee--Olson Rd.,2025-03-02 15:45,2.0,47.5257067,-119.7425008,True,False,False,S216367222,,US-WA
harspa,Harris's Sparrow,Zonotrichia querula,L40757360,"3103 Coolidge Dr, Bellingham US-WA 48.77113, -122.47814",2025-03-02 15:42,1.0,48.771132,-122.478138,True,True,True,S216362037,,US-WA
rolhaw,Rough-legged Hawk,Buteo lagopus,L1108046,Samish River mouth,2025-03-02 15:10,1.0,48.554228,-122.4546432,True,False,False,S216362062,,US-WA
rocwre,Rock Wren,Salpinctes obsoletus,L33388401,Canyon Pullout,2025-03-02 15:00,2.0,46.006382,-118.968249,True,False,True,S216376707,,US-WA
gryjay,Canada Jay,Perisoreus canadensis,L24512772,"1364 Clugston-Onion Creek Rd, Colville US-WA 48.71510, -117.87439",2025-03-02 14:45,1.0,48.715096,-117.874392,True,False,True,S216347783,,US-WA
barswa,Barn Swallow,Hirundo rustica,L592967,Ridgefield NWR--River 'S' Unit,2025-03-02 13:23,5.0,45.7990694,-122.7490082,True,False,False,S216352163,,US-WA
reshaw,Red-shouldered Hawk,Buteo lineatus,L592967,Ridgefield NWR--River 'S' Unit,2025-03-02 13:23,1.0,45.7990694,-122.7490082,True,False,False,S216352163,,US-WA
sposan,Spotted Sandpiper,Actitis macularius,L1064269,Sportsmens Club Road (Cowlitz Co.),2025-03-02 13:10,1.0,46.03891,-122.87399,True,False,False,S216330516,,US-WA
willet1,Willet,Tringa semipalmata,L257970,Tokeland,2025-03-02 12:50,40.0,46.70642,-123.97198,True,True,False,S216365757,,US-WA
x00427,Western x Clark's Grebe (hybrid),Aechmophorus occidentalis x clarkii,L257970,Tokeland,2025-03-02 12:50,1.0,46.70642,-123.97198,True,True,False,S216365757,,US-WA
hudgod,Hudsonian Godwit,Limosa haemastica,L257970,Tokeland,2025-03-02 12:50,1.0,46.70642,-123.97198,True,True,False,S216365757,,US-WA
chispa,Chipping Sparrow,Spizella passerina,L292411,Crescent Lake WMA,2025-03-02 12:39,2.0,47.8162308,-121.9934082,True,True,False,S216368196,,US-WA
bnhcow,Brown-headed Cowbird,Molothrus ater,L292411,Crescent Lake WMA,2025-03-02 12:39,2.0,47.8162308,-121.9934082,True,False,False,S216368196,,US-WA
swaspa,Swamp Sparrow,Melospiza georgiana,L292411,Crescent Lake WMA,2025-03-02 12:39,1.0,47.8162308,-121.9934082,True,True,False,S216368196,,US-WA
evegro,Evening Grosbeak,Coccothraustes vespertinus,L292411,Crescent Lake WMA,2025-03-02 12:39,3.0,47.8162308,-121.9934082,True,False,False,S216368196,,US-WA
cxbgol1,Common x Barrow's Goldeneye (hybrid),Bucephala clangula x islandica,L732235,Central Ferry (Garfield Co.),2025-03-02 12:29,1.0,46.6159596,-117.7923203,True,True,False,S216346143,,US-WA
snoplo5,Snowy Plover,Anarhynchus nivosus,L302836,Midway Beach,2025-03-02 12:11,4.0,46.7687403,-124.0938386,True,False,False,S216332169,,US-WA
sander,Sanderling,Calidris alba,L302836,Midway Beach,2025-03-02 12:11,10.0,46.7687403,-124.0938386,True,False,False,S216332169,,US-WA
x00050,American Herring x Glaucous-winged Gull (hybrid),Larus smithsonianus x glaucescens,L1363124,Warrenton Cannery Road,2025-03-02 11:41,2.0,46.7464125,-124.0935448,True,False,False,S216332216,,US-WA
bcnher,Black-crowned Night Heron,Nycticorax nycticorax,L832224,Amon Creek--Willowbrook section,2025-03-02 11:40,2.0,46.2070124,-119.2621171,True,False,False,S216335305,,US-WA
amwpel,American White Pelican,Pelecanus erythrorhynchos,L302585,Ridgefield NWR--Carty Unit,2025-03-02 11:19,8.0,45.8352931,-122.7499102,True,False,False,S216319502,,US-WA
ameavo,American Avocet,Recurvirostra americana,L600469,Bateman Island,2025-03-02 11:14,1.0,46.2405035,-119.2254353,True,False,False,S216345181,,US-WA
semplo,Semipalmated Plover,Charadrius semipalmatus,L282253,Billy Frank Jr. Nisqually NWR,2025-03-02 11:07,5.0,47.0812514,-122.7180576,True,True,False,S216336633,,US-WA
ferhaw,Ferruginous Hawk,Buteo regalis,L7192262,9 Mile Canyon Rd,2025-03-02 10:45,1.0,46.0915185,-118.7627435,True,False,False,S216359863,,US-WA
redpol1,Redpoll,Acanthis flammea,L498925,Okanogan Highlands--Chesaw,2025-03-02 10:29,10.0,48.9646668,-119.0404701,True,False,False,S216317806,,US-WA
amtspa,American Tree Sparrow,Spizelloides arborea,L14138467,Saltese Flats,2025-03-02 10:03,1.0,47.6402533,-117.1261561,True,False,False,S216307588,,US-WA
gcrfin,Gray-crowned Rosy-Finch,Leucosticte tephrocotis,L39568998,Okanogan Highlands--Molson,2025-03-02 09:56,1.0,48.979808,-119.197863,True,False,False,S216356124,,US-WA
slbgul,Slaty-backed Gull,Larus schistisagus,L40784122,Carpet Island,2025-03-02 09:18,1.0,46.238046,-119.202174,True,True,True,S216281985,,US-WA
rensap,Red-naped Sapsucker,Sphyrapicus nuchalis,L2091641,Jasper Mountain (Walla Walla Co.),2025-03-02 09:15,1.0,46.1596209,-118.0213165,True,True,False,S216331209,,US-WA
casfin,Cassin's Finch,Haemorhous cassinii,L2091641,Jasper Mountain (Walla Walla Co.),2025-03-02 09:15,2.0,46.1596209,-118.0213165,True,False,False,S216331209,,US-WA
x00421,Eurasian x American Wigeon (hybrid),Mareca penelope x americana,L163354,Green Lake,2025-03-02 09:14,1.0,47.6783945,-122.3382464,True,False,False,S216290569,,US-WA
norwat,Northern Waterthrush,Parkesia noveboracensis,L476174,Skagit Wildlife Area--Wylie Slough,2025-03-02 08:40,1.0,48.3246351,-122.3741287,True,True,False,S216287385,,US-WA
cintea,Cinnamon Teal,Spatula cyanoptera,L592967,Ridgefield NWR--River 'S' Unit,2025-03-02 08:23,5.0,45.7990694,-122.7490082,True,False,False,S216305317,,US-WA
pingro,Pine Grosbeak,Pinicola enucleator,L661934,Pearrygin Lake SP,2025-03-02 08:15,15.0,48.4927198,-120.1521492,True,False,False,S216308385,,US-WA
whwcro,White-winged Crossbill,Loxia leucoptera,L29381683,Sullivan Cemetery,2025-03-02 07:00,1.0,48.473786,-120.17189,True,False,False,S216259882,,US-WA
redkno,Red Knot,Calidris canutus,L190512,Ediz Hook,2025-03-01 16:33,1.0,48.14035,-123.44711,True,True,False,S216151332,,US-WA
mouqua,Mountain Quail,Oreortyx pictus,L10398326,"146th Street Northwest, Gig Harbor, Washington, US (47.39, -122.713)",2025-03-01 16:26,1.0,47.3903418,-122.7130528,True,True,True,S216138102,N,US-WA
logshr,Loggerhead Shrike,Lanius ludovicianus,L7192262,9 Mile Canyon Rd,2025-03-01 15:56,1.0,46.0915185,-118.7627435,True,False,False,S216163282,,US-WA
prafal,Prairie Falcon,Falco mexicanus,L2207130,Cowiche Canyon Trail (east end),2025-03-01 15:44,1.0,46.6220907,-120.6197977,True,False,False,S216147924,,US-WA
yehbla,Yellow-headed Blackbird,Xanthocephalus xanthocephalus,L14830511,"Peninsula Hiking Trail, Burbank, Washington, US (46.164, -118.975)",2025-03-01 15:43,1.0,46.1644974,-118.9751869,True,False,True,S216144213,,US-WA
norgos,American Goshawk,Astur atricapillus,L15084058,"759 Dry Gulch Road, Colville, Washington, US (48.615, -117.836)",2025-03-01 15:38,1.0,48.6151888,-117.8364235,True,False,True,S216132543,,US-WA
lesyel,Lesser Yellowlegs,Tringa flavipes,L296608,Gorst,2025-03-01 15:25,1.0,47.5275848,-122.6978072,True,True,False,S216443165,,US-WA
wessan,Western Sandpiper,Calidris mauri,L109535,Ocean Shores--Oyhut Wildlife Area,2025-03-01 15:11,1.0,46.9444663,-124.1522412,True,False,False,S216131254,,US-WA
rudtur,Ruddy Turnstone,Arenaria interpres,L802523,Tulalip Bay (Tulalip Reservation),2025-03-01 14:50,1.0,48.0545637,-122.2884498,True,True,False,S216139192,,US-WA
rocsan,Rock Sandpiper,Calidris ptilocnemis,L802523,Tulalip Bay (Tulalip Reservation),2025-03-01 14:50,1.0,48.0545637,-122.2884498,True,True,False,S216139192,,US-WA
lbbgul,Lesser Black-backed Gull,Larus fuscus,L2694100,Maple View Farm,2025-03-01 14:12,1.0,48.084168,-123.057287,True,True,False,S216149149,,US-WA
x00205,Wood Duck x Mallard (hybrid),Aix sponsa x Anas platyrhynchos,L195645,Seward Park,2025-03-01 13:22,1.0,47.5538089,-122.2501301,True,True,False,S216138504,,US-WA
grnher,Green Heron,Butorides virescens,L2501732,"Altrusa Park, Longview",2025-03-01 13:13,1.0,46.1669588,-123.0267933,True,False,False,S216115478,,US-WA
snoowl1,Snowy Owl,Bubo scandiacus,L40304992,H Rd NE--north of Hwy 172,2025-03-01 12:46,1.0,47.8370871,-119.5774144,True,False,False,S216118951,,US-WA
clagre,Clark's Grebe,Aechmophorus clarkii,L796311,McNary NWR--Two Rivers Unit,2025-03-01 11:11,1.0,46.136162,-118.942707,True,False,False,S216091301,,US-WA
normoc,Northern Mockingbird,Mimus polyglottos,L8442043,Blyton Landing,2025-03-01 11:06,1.0,46.559094,-117.270529,True,True,False,S216164192,,US-WA
comyel,Common Yellowthroat,Geothlypis trichas,L592967,Ridgefield NWR--River 'S' Unit,2025-03-01 10:56,1.0,45.7990694,-122.7490082,True,True,False,S216078534,,US-WA
grypar,Gray Partridge,Perdix perdix,L939151,Lower Crab Creek Road,2025-03-01 09:36,1.0,46.8397632,-119.6014595,True,False,False,S216069072,N,US-WA
yebloo,Yellow-billed Loon,Gavia adamsii,L38418752,WA State Historical Marker #28 - Fort Okanogan,2025-03-01 07:40,1.0,48.1024358,-119.7218166,True,True,False,S216036686,,US-WA
lobcur,Long-billed Curlew,Numenius americanus,L269804,Ocean Shores -- Bill's Spit,2025-02-28 15:07,13.0,46.9648907,-124.1339435,True,False,False,S215933441,,US-WA
westan,Western Tanager,Piranga ludoviciana,L851387,Montlake Playfield Park,2025-02-28 13:33,1.0,47.6423765,-122.310791,True,True,False,S215927915,,US-WA
lewwoo,Lewis's Woodpecker,Melanerpes lewis,L9493978,Klickitat Wildlife Area--Grayback Road,2025-02-28 13:11,1.0,45.9255623,-121.0687511,True,False,False,S216054037,,US-WA
palwar,Palm Warbler,Setophaga palmarum,L267458,Ocean Shores STP,2025-02-28 11:15,1.0,46.9319547,-124.1577556,True,True,False,S215933289,,US-WA
surfbi,Surfbird,Calidris virgata,L249781,Fort Flagler SP,2025-02-28 10:05,3.0,48.0960511,-122.7139785,True,False,False,S215890170,,US-WA
bklkit,Black-legged Kittiwake,Rissa tridactyla,L168688,Ocean Shores--Pt. Brown Jetty,2025-02-28 10:02,20.0,46.92816,-124.17397,True,False,False,S215932617,,US-WA
whimbr,Whimbrel,Numenius phaeopus,L787853,Tokeland--marina,2025-02-28 09:29,2.0,46.7063518,-123.9671946,True,False,False,S215872742,,US-WA
x00623,Black-capped x Mountain Chickadee (hybrid),Poecile atricapillus x gambeli,L165391,Kamiak Butte,2025-02-28 07:21,1.0,46.86872,-117.156136,True,True,False,S215871004,,US-WA
burowl,Burrowing Owl,Athene cunicularia,L1461815,"N Snively Rd., West Richland",2025-02-27 15:08,1.0,46.33876,-119.3733,True,False,False,S215909925,,US-WA
musduc,Muscovy Duck,Cairina moschata,L7107822,"Lake Serene, North Lynnwood",2025-02-27 14:51,2.0,47.8717024,-122.2916501,True,False,False,S215750944,X,US-WA
grycat,Gray Catbird,Dumetella carolinensis,L1480387,11th St & N Cedar St,2025-02-27 10:45,1.0,47.2598591,-122.4762999,True,True,True,S215728598,,US-WA
bohwax,Bohemian Waxwing,Bombycilla garrulus,L3004474,Harvey Shaw Road,2025-02-26 10:19,2.0,46.1312603,-118.4206009,True,False,False,S215709007,,US-WA
gragoo,Graylag Goose,Anser anser,L3291027,Klickitat-Balfour Trail and Park,2025-02-24 15:47,6.0,45.6998224,-121.2902331,True,False,False,S215334481,X,US-WA
sora,Sora,Porzana carolina,L592967,Ridgefield NWR--River 'S' Unit,2025-02-24 11:36,1.0,45.7990694,-122.7490082,True,True,False,S215290538,,US-WA
tribla,Tricolored Blackbird,Agelaius tricolor,L804433,Wallula Poop Piles,2025-02-24 11:15,6.0,46.1129768,-118.9206719,True,False,False,S215303655,,US-WA
glagul,Glaucous Gull,Larus hyperboreus,L2414975,Asotin County Regional Landfill,2025-02-19 14:25,1.0,46.3839747,-117.1101916,True,True,False,S214467246,,US-WA
x00414,Greater White-fronted x Cackling Goose (hybrid),Anser albifrons x Branta hutchinsii,L384040,Vancouver Lake lowlands,2025-02-19 06:50,1.0,45.6879549,-122.7509308,True,True,False,S214519156,,US-WA
yebsap,Yellow-bellied Sapsucker,Sphyrapicus varius,L19409639,Eirinikos Grove,2025-02-18 07:59,1.0,46.179028,-123.3854117,True,True,True,S214269913,,US-WA
