speciesCode,comName,sciName,locId,locName,obsDt,howMany,lat,lng,obsValid,obsReviewed,locationPrivate,subId,exoticCategory,region
brdowl,Barred Owl,Strix varia,L36012954,"7240 Davis Rd, Naples. Restricted Access",2025-03-03 18:40,2.0,42.650703,-77.422867,True,False,True,S216512205,,US-NY
cangoo,Canada Goose,Branta canadensis,L13469447,Wilbur + Hall Roads,2025-03-03 18:25,88.0,42.4544026,-79.383978,True,False,False,S216510808,,US-NY
rewbla,Red-winged Blackbird,Agelaius phoeniceus,L13469447,Wilbur + Hall Roads,2025-03-03 18:25,20.0,42.4544026,-79.383978,True,False,False,S216510808,,US-NY
amewoo,American Woodcock,Scolopax minor,L38167393,Henry building,2025-03-03 18:22,1.0,41.197757,-74.256373,True,False,True,S216509717,,US-NY
norcar,Northern Cardinal,Cardinalis cardinalis,L11555983,Davis Home,2025-03-03 18:08,5.0,43.0205082,-78.736155,True,False,True,S216508140,,US-NY
moudov,Mourning Dove,Zenaida macroura,L4233401,Home,2025-03-03 18:05,2.0,43.0392509,-78.8711742,True,False,True,S216507265,,US-NY
houspa,House Sparrow,Passer domesticus,L517116,"Landon Rd., Caroline",2025-03-03 18:03,6.0,42.3890302,-76.3940039,True,False,False,S216513300,N,US-NY
comgra,Common Grackle,Quiscalus quiscula,L517116,"Landon Rd., Caroline",2025-03-03 18:03,75.0,42.3890302,-76.3940039,True,False,False,S216513300,,US-NY
perfal,Peregrine Falcon,Falco peregrinus,L16973722,Tappan Zee Bridge/Gov. Mario M. Cuomo Bridge (Rockland Co.),2025-03-03 18:02,1.0,41.071068,-73.9063536,True,False,False,S216506783,,US-NY
amecro,American Crow,Corvus brachyrhynchos,L40828291,Home HF,2025-03-03 17:58,1.0,42.9444858,-77.6014278,True,False,True,S216508224,,US-NY
amerob,American Robin,Turdus migratorius,L40828291,Home HF,2025-03-03 17:58,1.0,42.9444858,-77.6014278,True,False,True,S216508224,,US-NY
eursta,European Starling,Sturnus vulgaris,L40828291,Home HF,2025-03-03 17:58,2.0,42.9444858,-77.6014278,True,False,True,S216508224,N,US-NY
amtspa,American Tree Sparrow,Spizelloides arborea,L40828291,Home HF,2025-03-03 17:58,2.0,42.9444858,-77.6014278,True,False,True,S216508224,,US-NY
rocpig,Rock Pigeon,Columba livia,L22651167,"Bronx Park, New York US-NY 40.87346, -73.87042",2025-03-03 17:54,2.0,40.873461,-73.870416,True,False,True,S216507399,N,US-NY
whtspa,White-throated Sparrow,Zonotrichia albicollis,L22651167,"Bronx Park, New York US-NY 40.87346, -73.87042",2025-03-03 17:54,6.0,40.873461,-73.870416,True,False,True,S216507399,,US-NY
ribgul,Ring-billed Gull,Larus delawarensis,L1396692,George Freer Memorial Beach,2025-03-03 17:51,10.0,41.9102459,-73.9727658,True,False,False,S216505595,,US-NY
buffle,Bufflehead,Bucephala albeola,L1396692,George Freer Memorial Beach,2025-03-03 17:51,,41.9102459,-73.9727658,True,False,False,S216505595,,US-NY
comgol,Common Goldeneye,Bucephala clangula,L1396692,George Freer Memorial Beach,2025-03-03 17:51,,41.9102459,-73.9727658,True,False,False,S216505595,,US-NY
commer,Common Merganser,Mergus merganser,L1396692,George Freer Memorial Beach,2025-03-03 17:51,15.0,41.9102459,-73.9727658,True,False,False,S216505595,,US-NY
shshaw,Sharp-shinned Hawk,Accipiter striatus,L39613027,Hudson Park Crossing,2025-03-03 17:48,1.0,43.109279,-73.576565,True,False,True,S216506049,,US-NY
baleag,Bald Eagle,Haliaeetus leucocephalus,L39613027,Hudson Park Crossing,2025-03-03 17:48,1.0,43.109279,-73.576565,True,False,True,S216506049,,US-NY
rethaw,Red-tailed Hawk,Buteo jamaicensis,L39613027,Hudson Park Crossing,2025-03-03 17:48,1.0,43.109279,-73.576565,True,False,True,S216506049,,US-NY
fiscro,Fish Crow,Corvus ossifragus,L1363523,Drake Lake,2025-03-03 17:47,1.0,41.7871594,-73.8462642,True,False,False,S216504974,,US-NY
tuftit,Tufted Titmouse,Baeolophus bicolor,L1363523,Drake Lake,2025-03-03 17:47,1.0,41.7871594,-73.8462642,True,False,False,S216504974,,US-NY
bkcchi,Black-capped Chickadee,Poecile atricapillus,L1363523,Drake Lake,2025-03-03 17:47,2.0,41.7871594,-73.8462642,True,False,False,S216504974,,US-NY
daejun,Dark-eyed Junco,Junco hyemalis,L1363523,Drake Lake,2025-03-03 17:47,2.0,41.7871594,-73.8462642,True,False,False,S216504974,,US-NY
norhar2,Northern Harrier,Circus hudsonius,L40827560,"3108 William Street, Cheektowaga, New York, US (42.885, -78.755)",2025-03-03 17:44,1.0,42.8850097,-78.7552962,True,False,True,S216504199,,US-NY
coohaw,Cooper's Hawk,Astur cooperii,L8509138,Isham Park,2025-03-03 17:44,1.0,40.8694547,-73.91887,True,False,False,S216504619,,US-NY
merlin,Merlin,Falco columbarius,L8156228,Home,2025-03-03 17:43,1.0,43.140739,-77.4478674,True,False,True,S216504055,,US-NY
rebmer,Red-breasted Merganser,Mergus serrator,L1043589,Webster Park--Mill Creek Outlet,2025-03-03 17:42,150.0,43.2608858,-77.4510384,True,False,False,S216509516,,US-NY
gresca,Greater Scaup,Aythya marila,L1043589,Webster Park--Mill Creek Outlet,2025-03-03 17:42,3.0,43.2608858,-77.4510384,True,False,False,S216509516,,US-NY
mallar3,Mallard,Anas platyrhynchos,L2057173,SUNY Fredonia,2025-03-03 17:42,15.0,42.4510604,-79.3394178,True,False,False,S216508484,,US-NY
tunswa,Tundra Swan,Cygnus columbianus,L2057173,SUNY Fredonia,2025-03-03 17:42,14.0,42.4510604,-79.3394178,True,False,False,S216508484,,US-NY
amhgul1,American Herring Gull,Larus smithsonianus,L1043589,Webster Park--Mill Creek Outlet,2025-03-03 17:42,100.0,43.2608858,-77.4510384,True,False,False,S216509516,,US-NY
bnhcow,Brown-headed Cowbird,Molothrus ater,L22125082,"112 Andover Ln, Buffalo US-NY 42.98762, -78.74893",2025-03-03 17:40,1.0,42.987617,-78.748931,True,False,True,S216513254,,US-NY
grbher3,Great Blue Heron,Ardea herodias,L40827625,"1100–1198 Hartson Rd, Kennedy US-NY 42.11301, -79.13042",2025-03-03 17:40,1.0,42.113007,-79.130423,True,False,True,S216504616,,US-NY
carwre,Carolina Wren,Thryothorus ludovicianus,L22125082,"112 Andover Ln, Buffalo US-NY 42.98762, -78.74893",2025-03-03 17:40,1.0,42.987617,-78.748931,True,False,True,S216513254,,US-NY
blujay,Blue Jay,Cyanocitta cristata,L22125082,"112 Andover Ln, Buffalo US-NY 42.98762, -78.74893",2025-03-03 17:40,1.0,42.987617,-78.748931,True,False,True,S216513254,,US-NY
rebwoo,Red-bellied Woodpecker,Melanerpes carolinus,L22125082,"112 Andover Ln, Buffalo US-NY 42.98762, -78.74893",2025-03-03 17:40,1.0,42.987617,-78.748931,True,False,True,S216513254,,US-NY
snogoo,Snow Goose,Anser caerulescens,L2094076,Timber Point Golf Course,2025-03-03 17:39,3.0,40.7171362,-73.1445837,True,False,False,S216504899,,US-NY
sonspa,Song Sparrow,Melospiza melodia,L2094076,Timber Point Golf Course,2025-03-03 17:39,1.0,40.7171362,-73.1445837,True,False,False,S216504899,,US-NY
doccor,Double-crested Cormorant,Nannopterum auritum,L2094076,Timber Point Golf Course,2025-03-03 17:39,1.0,40.7171362,-73.1445837,True,False,False,S216504899,,US-NY
brant,Brant,Branta bernicla,L2094076,Timber Point Golf Course,2025-03-03 17:39,2.0,40.7171362,-73.1445837,True,False,False,S216504899,,US-NY
dowwoo,Downy Woodpecker,Dryobates pubescens,L6316897,"6921 Porter Road, Naples, New York, US (42.667, -77.406)",2025-03-03 17:34,1.0,42.6670231,-77.4063286,True,False,True,S216503158,,US-NY
cedwax,Cedar Waxwing,Bombycilla cedrorum,L6316897,"6921 Porter Road, Naples, New York, US (42.667, -77.406)",2025-03-03 17:34,9.0,42.6670231,-77.4063286,True,False,True,S216503158,,US-NY
hoomer,Hooded Merganser,Lophodytes cucullatus,L191107,Central Park--Jacqueline Kennedy Onassis Reservoir,2025-03-03 17:31,2.0,40.786003,-73.96196,True,False,False,S216503260,,US-NY
wooduc,Wood Duck,Aix sponsa,L191107,Central Park--Jacqueline Kennedy Onassis Reservoir,2025-03-03 17:31,3.0,40.786003,-73.96196,True,False,False,S216503260,,US-NY
rudduc,Ruddy Duck,Oxyura jamaicensis,L191107,Central Park--Jacqueline Kennedy Onassis Reservoir,2025-03-03 17:31,4.0,40.786003,-73.96196,True,False,False,S216503260,,US-NY
ambduc,American Black Duck,Anas rubripes,L2461422,"Saratoga Lake, Marine Park",2025-03-03 17:24,2.0,43.0533404,-73.71987,True,False,False,S216502532,,US-NY
rinduc,Ring-necked Duck,Aythya collaris,L2461422,"Saratoga Lake, Marine Park",2025-03-03 17:24,1.0,43.0533404,-73.71987,True,False,False,S216502532,,US-NY
comloo,Common Loon,Gavia immer,L2461422,"Saratoga Lake, Marine Park",2025-03-03 17:24,1.0,43.0533404,-73.71987,True,False,False,S216502532,,US-NY
x00004,Mallard x American Black Duck (hybrid),Anas platyrhynchos x rubripes,L2461422,"Saratoga Lake, Marine Park",2025-03-03 17:24,1.0,43.0533404,-73.71987,True,False,False,S216502532,,US-NY
sheowl,Short-eared Owl,Asio flammeus,L132037,Shawangunk Grasslands NWR ,2025-03-03 17:08,1.0,41.6341667,-74.2083282,True,False,False,S216499425,,US-NY
houfin,House Finch,Haemorhous mexicanus,L40826671,"Cornell University, Ithaca US-NY 42.45589, -76.47921",2025-03-03 17:07,2.0,42.455894,-76.479211,True,False,True,S216499667,N,US-NY
norpin,Northern Pintail,Anas acuta,L586720,Reeves Ave. Buffalo Farm,2025-03-03 17:04,30.0,40.9519565,-72.6920271,True,False,False,S216508668,,US-NY
normoc,Northern Mockingbird,Mimus polyglottos,L3906185,EPCAL (Grumman)--McKay Lake,2025-03-03 17:04,1.0,40.9071679,-72.7953324,True,False,False,S216499195,,US-NY
horlar,Horned Lark,Eremophila alpestris,L586720,Reeves Ave. Buffalo Farm,2025-03-03 17:04,70.0,40.9519565,-72.6920271,True,False,False,S216508668,,US-NY
fiespa,Field Sparrow,Spizella pusilla,L3906185,EPCAL (Grumman)--McKay Lake,2025-03-03 17:04,4.0,40.9071679,-72.7953324,True,False,False,S216499195,,US-NY
redhea,Redhead,Aythya americana,L207765,Tifft Nature Preserve,2025-03-03 17:02,5.0,42.8462509,-78.8594553,True,False,False,S216498911,,US-NY
retloo,Red-throated Loon,Gavia stellata,L673443,Lemon Creek Pier,2025-03-03 16:59,1.0,40.5108301,-74.2097712,True,False,False,S216501420,,US-NY
gbbgul,Great Black-backed Gull,Larus marinus,L673443,Lemon Creek Pier,2025-03-03 16:59,3.0,40.5108301,-74.2097712,True,False,False,S216501420,,US-NY
sursco,Surf Scoter,Melanitta perspicillata,L673443,Lemon Creek Pier,2025-03-03 16:59,10.0,40.5108301,-74.2097712,True,False,False,S216501420,,US-NY
gnwtea,Green-winged Teal,Anas crecca,L673443,Lemon Creek Pier,2025-03-03 16:59,3.0,40.5108301,-74.2097712,True,False,False,S216501420,,US-NY
brncre,Brown Creeper,Certhia americana,L2632266,home,2025-03-03 16:59,1.0,41.6077667,-74.3070535,True,False,True,S216497954,,US-NY
horgre,Horned Grebe,Podiceps auritus,L673443,Lemon Creek Pier,2025-03-03 16:59,4.0,40.5108301,-74.2097712,True,False,False,S216501420,,US-NY
gadwal,Gadwall,Mareca strepera,L673443,Lemon Creek Pier,2025-03-03 16:59,12.0,40.5108301,-74.2097712,True,False,False,S216501420,,US-NY
whbnut,White-breasted Nuthatch,Sitta carolinensis,L166701,Derby Hill Hawk Watch--North Lookout,2025-03-03 16:53,1.0,43.527261,-76.2393397,True,False,False,S216502409,,US-NY
pilwoo,Pileated Woodpecker,Dryocopus pileatus,L166701,Derby Hill Hawk Watch--North Lookout,2025-03-03 16:53,1.0,43.527261,-76.2393397,True,False,False,S216502409,,US-NY
killde,Killdeer,Charadrius vociferus,L31690871,796 Garson Avenue,2025-03-03 16:49,1.0,43.164109,-77.5652905,True,False,True,S216496711,,US-NY
easblu,Eastern Bluebird,Sialia sialis,L28372895,"Carlberg Road, Jamestown US-NY (42.0864,-79.1627)",2025-03-03 16:47,3.0,42.086438,-79.162685,True,False,True,S216496443,,US-NY
comrav,Common Raven,Corvus corax,L213239,Five Rivers EEC,2025-03-03 16:46,,42.6099952,-73.8907678,True,False,False,S216503301,,US-NY
gwfgoo,Greater White-fronted Goose,Anser albifrons,L548076,Schoharie Crossing SHS,2025-03-03 16:45,2.0,42.94123,-74.28418,True,True,False,S216496636,,US-NY
amekes,American Kestrel,Falco sparverius,L39197503,"Spook Hollow Rd, Stillwater US-NY",2025-03-03 16:42,1.0,43.035018,-73.659685,True,False,True,S216495626,,US-NY
turvul,Turkey Vulture,Cathartes aura,L11723321,Southwestern blvd.,2025-03-03 16:39,1.0,42.75,-78.853,True,False,True,S216511800,,US-NY
lotduc,Long-tailed Duck,Clangula hyemalis,L1232934,"Brown Rd., Wolcott",2025-03-03 16:38,2.0,43.2927135,-76.8063466,True,False,False,S216503864,,US-NY
lessca,Lesser Scaup,Aythya affinis,L1985531,Bird Island Pier,2025-03-03 16:34,2.0,42.9063684,-78.9027357,True,False,False,S216508630,,US-NY
gockin,Golden-crowned Kinglet,Regulus satrapa,L632194,Lake Ronkonkoma County Park,2025-03-03 16:31,2.0,40.8363275,-73.127591,True,False,False,S216497088,,US-NY
amegfi,American Goldfinch,Spinus tristis,L632194,Lake Ronkonkoma County Park,2025-03-03 16:31,6.0,40.8363275,-73.127591,True,False,False,S216497088,,US-NY
osprey,Osprey,Pandion haliaetus,L632194,Lake Ronkonkoma County Park,2025-03-03 16:31,1.0,40.8363275,-73.127591,True,False,False,S216497088,,US-NY
foxspa,Fox Sparrow,Passerella iliaca,L632194,Lake Ronkonkoma County Park,2025-03-03 16:31,1.0,40.8363275,-73.127591,True,False,False,S216497088,,US-NY
grycat,Gray Catbird,Dumetella carolinensis,L632194,Lake Ronkonkoma County Park,2025-03-03 16:31,1.0,40.8363275,-73.127591,True,False,False,S216497088,,US-NY
eastow,Eastern Towhee,Pipilo erythrophthalmus,L632194,Lake Ronkonkoma County Park,2025-03-03 16:31,2.0,40.8363275,-73.127591,True,False,False,S216497088,,US-NY
herthr,Hermit Thrush,Catharus guttatus,L632194,Lake Ronkonkoma County Park,2025-03-03 16:31,1.0,40.8363275,-73.127591,True,False,False,S216497088,,US-NY
norfli,Northern Flicker,Colaptes auratus,L14611944,"Co Rt 53, Cooperstown",2025-03-03 16:31,1.0,42.8212524,-74.8830339,True,False,True,S216494113,,US-NY
mutswa,Mute Swan,Cygnus olor,L632194,Lake Ronkonkoma County Park,2025-03-03 16:31,2.0,40.8363275,-73.127591,True,False,False,S216497088,N,US-NY
savspa,Savannah Sparrow,Passerculus sandwichensis,L632194,Lake Ronkonkoma County Park,2025-03-03 16:31,4.0,40.8363275,-73.127591,True,False,False,S216497088,,US-NY
pibgre,Pied-billed Grebe,Podilymbus podiceps,L632194,Lake Ronkonkoma County Park,2025-03-03 16:31,2.0,40.8363275,-73.127591,True,False,False,S216497088,,US-NY
haiwoo,Hairy Woodpecker,Dryobates villosus,L985142,"Onondaga Lake Park--West Shore Trail, Maple Bay",2025-03-03 16:30,2.0,43.1081268,-76.2464261,True,False,False,S216504558,,US-NY
amewig,American Wigeon,Mareca americana,L15606913,"Pepperidge Lake, Eastport",2025-03-03 16:25,10.0,40.8211069,-72.7404519,True,False,False,S216493981,,US-NY
monpar,Monk Parakeet,Myiopsitta monachus,L285884,"Green-Wood Cemetery, Brooklyn",2025-03-03 16:21,6.0,40.6523083,-73.9904281,True,False,False,S216497136,N,US-NY
wiltur,Wild Turkey,Meleagris gallopavo,L40825760,Dippikill Road,2025-03-03 16:20,12.0,43.5415175,-73.8652968,True,False,True,S216494488,,US-NY
reshaw,Red-shouldered Hawk,Buteo lineatus,L23189112,Ardsley Golf Course,2025-03-03 16:19,1.0,41.0211476,-73.8662599,True,False,False,S216508912,,US-NY
yebsap,Yellow-bellied Sapsucker,Sphyrapicus varius,L23189112,Ardsley Golf Course,2025-03-03 16:19,2.0,41.0211476,-73.8662599,True,False,False,S216508912,,US-NY
winwre3,Winter Wren,Troglodytes hiemalis,L23189112,Ardsley Golf Course,2025-03-03 16:19,1.0,41.0211476,-73.8662599,True,False,False,S216508912,,US-NY
treswa,Tree Swallow,Tachycineta bicolor,L2035653,Huguenot Ave. Beach,2025-03-03 16:15,2.0,40.5200028,-74.1832461,True,False,False,S216496250,,US-NY
rebnut,Red-breasted Nuthatch,Sitta canadensis,L5072257,Anchor Diamond Park,2025-03-03 16:09,1.0,42.939491,-73.8850028,True,False,False,S216496599,,US-NY
norsho,Northern Shoveler,Spatula clypeata,L1096289,Arbutus Lake,2025-03-03 16:02,26.0,40.5227091,-74.1783006,True,False,False,S216491895,,US-NY
swaspa,Swamp Sparrow,Melospiza georgiana,L624405,Gibbs Pond,2025-03-03 16:01,4.0,40.8445931,-73.1397521,True,False,False,S216491344,,US-NY
canvas,Canvasback,Aythya valisineria,L286192,Ladoga Park,2025-03-03 16:01,1.0,42.5353445,-76.5396472,True,False,False,S216504571,,US-NY
wilsni1,Wilson's Snipe,Gallinago delicata,L777433,Red Bridge Area,2025-03-03 15:50,1.0,40.9176312,-73.7559414,True,False,True,S216500557,,US-NY
y00475,American Coot,Fulica americana,L1788995,Flushing Meadows Corona Park--Meadow Lake,2025-03-03 15:47,36.0,40.7351876,-73.8404751,True,False,False,S216509855,,US-NY
rolhaw,Rough-legged Hawk,Buteo lagopus,L6262976,9N/22 south of Westport,2025-03-03 15:36,1.0,44.164193,-73.425184,True,False,True,S216486972,,US-NY
rusbla,Rusty Blackbird,Euphagus carolinus,L191106,Central Park,2025-03-03 15:34,1.0,40.7715482,-73.9724819,True,False,False,S216512204,,US-NY
whwsco2,White-winged Scoter,Melanitta deglandi,L1985531,Bird Island Pier,2025-03-03 15:34,2.0,42.9063684,-78.9027357,True,False,False,S216508710,,US-NY
lbbgul,Lesser Black-backed Gull,Larus fuscus,L159024,Allan H. Treman State Marine Park--marina (not lakeshore or woods),2025-03-03 15:21,1.0,42.4571425,-76.5143238,True,False,False,S216499483,,US-NY
grecor,Great Cormorant,Phalacrocorax carbo,L16489726,Orchard Beach,2025-03-03 14:48,5.0,40.864233,-73.7945627,True,False,True,S216491884,,US-NY
easowl1,Eastern Screech-Owl,Megascops asio,L4487182,Harriman SP--Lake Skannatati,2025-03-03 14:38,1.0,41.2407506,-74.1050581,True,False,False,S216502591,,US-NY
snobun,Snow Bunting,Plectrophenax nivalis,L40822643,"2196 New York 96A, Ovid, New York, US (42.681, -76.82)",2025-03-03 14:36,200.0,42.6806235,-76.8202507,True,False,True,S216478640,,US-NY
belkin1,Belted Kingfisher,Megaceryle alcyon,L852369,Eastport Lake (aka Seatuck Creek),2025-03-03 14:36,1.0,40.8277092,-72.7276897,True,False,False,S216488684,,US-NY
musduc,Muscovy Duck,Cairina moschata,L40822471,"Camillus Erie Canal Park, Camillus US-NY 43.05259, -76.30324",2025-03-03 14:31,1.0,43.052587,-76.303235,True,False,True,S216477814,X,US-NY
blkvul,Black Vulture,Coragyps atratus,L40822376,"New York State Thruway N, Schenectady US-NY 42.77096, -73.97330",2025-03-03 14:29,2.0,42.770956,-73.973301,True,False,True,S216477274,,US-NY
cacgoo1,Cackling Goose,Branta hutchinsii,L1297552,NY:TOM:Ithaca: Allan H Treman State Marine Park,2025-03-03 14:16,2.0,42.4598512,-76.5173829,True,False,True,S216491213,,US-NY
rengre,Red-necked Grebe,Podiceps grisegena,L1297552,NY:TOM:Ithaca: Allan H Treman State Marine Park,2025-03-03 14:16,1.0,42.4598512,-76.5173829,True,False,True,S216491213,,US-NY
yerwar,Yellow-rumped Warbler,Setophaga coronata,L167247,Jones Beach SP,2025-03-03 14:15,1.0,40.5945237,-73.5104002,True,False,False,S216485492,,US-NY
rosgoo,Ross's Goose,Anser rossii,L148712,Seneca Lake SP,2025-03-03 14:10,1.0,42.8731414,-76.949299,True,False,False,S216506962,,US-NY
norshr4,Northern Shrike,Lanius borealis,L40821802,Shrike spot,2025-03-03 14:03,1.0,44.25039,-73.464876,True,False,True,S216474459,,US-NY
ameoys,American Oystercatcher,Haematopus palliatus,L1845933,Jones Beach SP--Field 10,2025-03-03 13:45,6.0,40.6017384,-73.5144666,True,False,False,S216485047,,US-NY
grhowl,Great Horned Owl,Bubo virginianus,L250511,Muttontown Preserve,2025-03-03 13:41,1.0,40.8315708,-73.5416646,True,False,False,S216474723,,US-NY
blksco2,Black Scoter,Melanitta americana,L40820543,"Glen Oaks Oval, New York US-NY 40.75012, -73.71611",2025-03-03 13:18,1.0,40.750121,-73.716106,True,False,True,S216467974,,US-NY
purfin,Purple Finch,Haemorhous purpureus,L21613525,Fletcher Farm Road,2025-03-03 13:11,2.0,44.419798,-74.068605,True,False,True,S216466709,,US-NY
norlap,Northern Lapwing,Vanellus vanellus,L40468103,"Halsey Lane, Bridgehampton",2025-03-03 13:06,1.0,40.913723,-72.311806,True,True,False,S216466149,,US-NY
pursan,Purple Sandpiper,Calidris maritima,L1985531,Bird Island Pier,2025-03-03 12:47,1.0,42.9063684,-78.9027357,True,True,False,S216477106,,US-NY
bargol,Barrow's Goldeneye,Bucephala islandica,L1985531,Bird Island Pier,2025-03-03 12:47,1.0,42.9063684,-78.9027357,True,True,False,S216477106,,US-NY
pinsis,Pine Siskin,Spinus pinus,L1485004,Paul Smith's College,2025-03-03 12:44,5.0,44.4375537,-74.2530447,True,False,False,S216465258,,US-NY
redcro,Red Crossbill,Loxia curvirostra,L1485004,Paul Smith's College,2025-03-03 12:44,1.0,44.4375537,-74.2530447,True,False,False,S216465258,,US-NY
goleag,Golden Eagle,Aquila chrysaetos,L109140,Derby Hill Hawk Watch--South Lookout,2025-03-03 12:39,1.0,43.5166667,-76.2333333,True,False,False,S216486749,,US-NY
truswa,Trumpeter Swan,Cygnus buccinator,L6206084,Onondaga Lake Park--Marshy Spits Area,2025-03-03 12:33,2.0,43.065508,-76.192503,True,False,False,S216473677,,US-NY
bongul,Bonaparte's Gull,Chroicocephalus philadelphia,L1341892,Erie Basin Marina,2025-03-03 12:16,20.0,42.8814376,-78.8885872,True,False,False,S216482911,,US-NY
dunlin,Dunlin,Calidris alpina,L109146,Jones Beach SP--Coast Guard Station,2025-03-03 12:00,171.0,40.5888889,-73.5566667,True,False,False,S216484295,,US-NY
ruckin,Ruby-crowned Kinglet,Corthylio calendula,L30540859,Stillwater Blockhouse Park,2025-03-03 10:24,1.0,42.9372008,-73.6567423,True,True,True,S216456659,,US-NY
balori,Baltimore Oriole,Icterus galbula,L2082174,New Hyde Park Yard: Nassau County,2025-03-03 10:00,1.0,40.7269986,-73.6824596,True,True,True,S216460551,,US-NY
comeid,Common Eider,Somateria mollissima,L835192,Orient Point County Park,2025-03-03 09:59,1.0,41.1597479,-72.2347641,True,False,False,S216435815,,US-NY
helgui,Helmeted Guineafowl,Numida meleagris,L28206897,"Private property, Eastport,NY",2025-03-03 09:47,3.0,40.824496,-72.727924,True,False,True,S216437864,X,US-NY
greyel,Greater Yellowlegs,Tringa melanoleuca,L21075127,Boys and Girls Harbor Park,2025-03-03 09:31,3.0,41.0111993,-72.2018489,True,False,False,S216439422,,US-NY
sander,Sanderling,Calidris alba,L1071573,Point Lookout--Town Park,2025-03-03 09:27,65.0,40.5865165,-73.5903203,True,False,False,S216435416,,US-NY
rudtur,Ruddy Turnstone,Arenaria interpres,L1845933,Jones Beach SP--Field 10,2025-03-03 09:25,3.0,40.6017384,-73.5144666,True,False,False,S216427147,,US-NY
laplon,Lapland Longspur,Calcarius lapponicus,L17000568,Great Kills Park--Education Field Station,2025-03-03 09:23,1.0,40.5450227,-74.1266383,True,False,False,S216494111,,US-NY
harduc,Harlequin Duck,Histrionicus histrionicus,L1985531,Bird Island Pier,2025-03-03 09:16,1.0,42.9063684,-78.9027357,True,True,False,S216457268,,US-NY
brnthr,Brown Thrasher,Toxostoma rufum,L476032,Hempstead Lake SP--south end,2025-03-03 09:00,1.0,40.6724362,-73.6499405,True,False,False,S216459785,,US-NY
evegro,Evening Grosbeak,Coccothraustes vespertinus,L17839292,"49 Drew Lane, Chateaugay, New York, US (44.838, -74.04)",2025-03-03 08:33,1.0,44.8381898,-74.0399963,True,False,True,S216509427,,US-NY
rinphe1,Ring-necked Pheasant,Phasianus colchicus,L799182,Nations Road,2025-03-03 08:16,2.0,42.8579487,-77.8129005,True,False,True,S216459193,N,US-NY
whcspa,White-crowned Sparrow,Zonotrichia leucophrys,L31798213,Hudson Valley Farm Hub,2025-03-03 07:55,1.0,41.912732,-74.0924283,True,False,False,S216456115,,US-NY
chispa,Chipping Sparrow,Spizella passerina,L10897265,"729 Quaker Road, Scottsville, New York, US (43.005, -77.764)",2025-03-03 06:54,1.0,43.0047756,-77.7636862,True,True,True,S216456620,,US-NY
orcwar,Orange-crowned Warbler,Leiothlypis celata,L12723697,Home,2025-03-03 06:39,1.0,40.7678452,-72.9142914,True,True,True,S216406409,,US-NY
snoowl1,Snowy Owl,Bubo scandiacus,L3284263,Finger Lakes Regional Airport,2025-03-02 16:58,1.0,42.8787599,-76.783458,True,False,False,S216340853,,US-NY
bcnher,Black-crowned Night Heron,Nycticorax nycticorax,L5768049,Central Park--The Lake (Hernshead),2025-03-02 16:50,1.0,40.7776167,-73.9728892,True,False,False,S216473888,,US-NY
botgra,Boat-tailed Grackle,Quiscalus major,L2026478,Gilgo Beach--bay side (parking lot),2025-03-02 16:21,1.0,40.6194672,-73.3941026,True,False,False,S216375878,,US-NY
bkbplo,Black-bellied Plover,Pluvialis squatarola,L2026478,Gilgo Beach--bay side (parking lot),2025-03-02 16:21,1.0,40.6194672,-73.3941026,True,False,False,S216375878,,US-NY
easmea,Eastern Meadowlark,Sturnella magna,L621108,EPCAL (Grumman),2025-03-02 16:20,25.0,40.924214,-72.7969551,True,False,False,S216344335,,US-NY
bkhgro,Black-headed Grosbeak,Pheucticus melanocephalus,L40153778,"stakeout Black-headed Grosbeak, Meyer Rd., Constableville (2025)",2025-03-02 15:58,1.0,43.5496182,-75.5165011,True,True,False,S216355338,,US-NY
razorb,Razorbill,Alca torda,L300477,Wolfe's Pond Park,2025-03-02 15:53,1.0,40.5140992,-74.191022,True,False,False,S216332927,,US-NY
sancra,Sandhill Crane,Antigone canadensis,L12466516,"1942–1996 E River Rd, Olean US-NY 42.06949, -78.40748",2025-03-02 15:22,10.0,42.069493,-78.407477,True,True,True,S216323377,,US-NY
greegr,Great Egret,Ardea alba,L2094076,Timber Point Golf Course,2025-03-02 14:58,2.0,40.7171362,-73.1445837,True,False,False,S216321778,,US-NY
y00478,Iceland Gull,Larus glaucoides,L5494129,"Edward Vincent Ecker, Sr. County Park",2025-03-02 14:53,1.0,41.0428717,-71.9794899,True,True,False,S216318281,,US-NY
eurgol,European Goldfinch,Carduelis carduelis,L109516,Prospect Park,2025-03-02 14:09,1.0,40.6602841,-73.9689534,True,False,False,S216328144,P,US-NY
pifgoo,Pink-footed Goose,Anser brachyrhynchus,L852369,Eastport Lake (aka Seatuck Creek),2025-03-02 13:37,1.0,40.8277092,-72.7276897,True,True,False,S216304715,,US-NY
redpol1,Redpoll,Acanthis flammea,L40623772,"441 Thyme Dr, Webster US-NY 43.24684, -77.43170",2025-03-02 13:09,8.0,43.246837,-77.431703,True,False,True,S216290589,,US-NY
easpho,Eastern Phoebe,Sayornis phoebe,L4195582,Fort Wadsworth,2025-03-02 12:24,1.0,40.5998449,-74.0536666,True,True,False,S216312455,,US-NY
gryjay,Canada Jay,Perisoreus canadensis,L212481,Bloomingdale Bog Trail,2025-03-02 11:45,5.0,44.4128015,-74.121715,True,False,False,S216473647,,US-NY
amepip,American Pipit,Anthus rubescens,L1091458,Horsemill Ln.,2025-03-02 11:13,8.0,40.9065233,-72.3194361,True,False,False,S216274602,,US-NY
rufgro,Ruffed Grouse,Bonasa umbellus,L4241067,"Mackey Road, Treadwell, NY",2025-03-02 10:53,1.0,42.30673,-75.093805,True,False,True,S216263170,,US-NY
rehwoo,Red-headed Woodpecker,Melanerpes erythrocephalus,L279864,Sunken Meadow SP,2025-03-02 08:30,1.0,40.911701,-73.2578964,True,True,False,S216301483,,US-NY
borchi2,Boreal Chickadee,Poecile hudsonicus,L6140356,Lower Wolfjaw Mtn.,2025-03-01 17:08,2.0,44.1482614,-73.8326401,True,False,False,S216356307,,US-NY
bkhgul,Black-headed Gull,Chroicocephalus ridibundus,L519918,Plumb Beach--West,2025-03-01 14:50,1.0,40.5830444,-73.93058,True,True,False,S216090728,,US-NY
amebit,American Bittern,Botaurus lentiginosus,L194386,JFK Memorial Wildlife Sanctuary,2025-03-01 14:43,1.0,40.6105495,-73.4519033,True,True,False,S216096064,,US-NY
norgan,Northern Gannet,Morus bassanus,L13116728,Jones Beach SP--West End 2,2025-03-01 14:43,1.0,40.5844142,-73.5627208,True,False,False,S216103222,,US-NY
x00758,Graylag x Canada Goose (hybrid),Anser anser x Branta canadensis,L2582841,Old Field Point and Lighthouse,2025-03-01 14:27,1.0,40.9773181,-73.1186217,True,False,False,S216349732,X,US-NY
pinwar,Pine Warbler,Setophaga pinus,L31568048,Dylan’s spot,2025-03-01 14:01,1.0,40.77607,-73.970085,True,True,True,S216086866,,US-NY
vesspa,Vesper Sparrow,Pooecetes gramineus,L6231566,Hulse Landing Rd.,2025-03-01 14:01,2.0,40.9454117,-72.801748,True,True,False,S216098948,,US-NY
x01134,American Herring x Lesser Black-backed Gull (hybrid),Larus smithsonianus x fuscus,L212389,Stevenson Rd. Game Farm and Compost,2025-03-01 11:33,1.0,42.4467995,-76.4406126,True,True,False,S216066475,,US-NY
x00415,Greater White-fronted x Canada Goose (hybrid),Anser albifrons x Branta canadensis,L2432461,Deposit Farm Pond,2025-03-01 10:46,1.0,42.0707613,-75.4041106,True,True,True,S216057025,,US-NY
kineid,King Eider,Somateria spectabilis,L293510,Mt. Loretto Unique Area,2025-03-01 10:42,1.0,40.5072899,-74.2180324,True,True,False,S216054236,,US-NY
x00685,Snow Goose x Brant (hybrid),Anser caerulescens x Branta bernicla,L247765,Canarsie Pier,2025-03-01 10:15,1.0,40.6287773,-73.8836704,True,True,False,S216153513,,US-NY
marwre,Marsh Wren,Cistothorus palustris,L523654,Terrell River County Park,2025-03-01 10:07,1.0,40.7921091,-72.7785873,True,True,False,S216082214,,US-NY
nswowl,Northern Saw-whet Owl,Aegolius acadicus,L341171,Summerhill SF--Dresser Rd. Bog,2025-03-01 05:37,1.0,42.666532,-76.317848,True,False,False,S215969120,,US-NY
whwcro,White-winged Crossbill,Loxia leucoptera,L4963531,"Sabattis Circle Road, east-west segment",2025-02-28 13:32,3.0,44.0446129,-74.5422229,True,False,False,S215930913,,US-NY
litgul,Little Gull,Hydrocoloeus minutus,L22734903,Lewiston Marina and Boat Ramp,2025-02-28 13:19,1.0,43.1741542,-79.0495562,True,False,False,S215891569,,US-NY
glagul,Glaucous Gull,Larus hyperboreus,L834654,Sodus Bay--Sodus Point,2025-02-28 12:25,1.0,43.2748307,-76.9732189,True,False,False,S215903568,,US-NY
gragoo,Graylag Goose,Anser anser,L259743,Caumsett SP,2025-02-28 11:35,1.0,40.9308721,-73.4720876,True,False,False,S215951767,X,US-NY
varthr,Varied Thrush,Ixoreus naevius,L9235240,N Main St home,2025-02-27 16:14,1.0,43.0754147,-74.3424331,True,True,True,S215745055,,US-NY
palwar,Palm Warbler,Setophaga palmarum,L28206897,"Private property, Eastport,NY",2025-02-27 10:57,1.0,40.824496,-72.727924,True,True,True,S215697067,,US-NY
semplo,Semipalmated Plover,Charadrius semipalmatus,L152773,Floyd Bennett Field,2025-02-27 08:57,1.0,40.5923453,-73.8914328,True,True,False,S215708916,,US-NY
pipplo,Piping Plover,Charadrius melodus,L109044,Point Lookout,2025-02-26 15:29,1.0,40.5872222,-73.5772222,True,True,False,S215599257,,US-NY
compea,Indian Peafowl,Pavo cristatus,L12723697,Home,2025-02-26 07:08,1.0,40.7678452,-72.9142914,True,False,True,S215502923,X,US-NY
linspa,Lincoln's Sparrow,Melospiza lincolnii,L1896224,"Fowler Road, Millbrook",2025-02-25 11:37,1.0,41.7831809,-73.7438978,True,True,False,S215399472,,US-NY
buwtea,Blue-winged Teal,Spatula discors,L852362,Patchogue Lake,2025-02-24 12:07,1.0,40.7684842,-73.0212522,True,True,False,S215231428,,US-NY
redjun,Red Junglefowl,Gallus gallus,L40624319,"Halsey Lane, Water Mill, NY",2025-02-24 10:45,1.0,40.91319,-72.3129,True,True,True,S215463223,X,US-NY
swahaw,Swainson's Hawk,Buteo swainsoni,L285884,"Green-Wood Cemetery, Brooklyn",2025-02-24 09:11,1.0,40.6523083,-73.9904281,True,True,False,S215245006,,US-NY
bkbwoo,Black-backed Woodpecker,Picoides arcticus,L29437967,Blue Ridge Road - Joan’s Chickadee Spot,2025-02-24 08:12,2.0,43.949868,-73.921489,True,False,True,S215220871,,US-NY
x00759,Domestic goose sp. x Canada Goose (hybrid),Anser sp. (Domestic type) x Branta canadensis,L491873,Kissena Park,2025-02-23 15:32,1.0,40.7462409,-73.8080852,True,True,False,S215125740,X,US-NY
clcspa,Clay-colored Sparrow,Spizella pallida,L40547295,"116 Beach 27th St, New York US-NY (40.5925,-73.7592)",2025-02-23 12:40,1.0,40.592516,-73.759211,True,True,True,S215064623,,US-NY
x00047,American Herring x Great Black-backed Gull (hybrid),Larus smithsonianus x marinus,L210265,Fort Niagara SP,2025-02-23 10:16,1.0,43.2638703,-79.0567981,True,True,False,S215041317,,US-NY
cxbgol1,Common x Barrow's Goldeneye (hybrid),Bucephala clangula x islandica,L2303580,Fort Ontario Park,2025-02-22 15:14,1.0,43.4669069,-76.5069098,True,True,False,S214917991,,US-NY
virrai,Virginia Rail,Rallus limicola,L803495,Mendon Ponds Park--Quaker Pond Trail,2025-02-22 14:47,1.0,43.0130182,-77.571609,True,True,False,S214887605,,US-NY
bklkit,Black-legged Kittiwake,Rissa tridactyla,L40576423,Brooklyn Pelagic Trip (American Princess) 02222025 I,2025-02-22 14:00,1.0,39.9823794,-73.1497984,True,True,True,S215207677,,US-NY
doveki,Dovekie,Alle alle,L40576423,Brooklyn Pelagic Trip (American Princess) 02222025 I,2025-02-22 14:00,172.0,39.9823794,-73.1497984,True,True,True,S215207677,,US-NY
clarai11,Clapper Rail,Rallus crepitans,L2094076,Timber Point Golf Course,2025-02-22 13:03,1.0,40.7171362,-73.1445837,True,True,False,S214872170,,US-NY
atlpuf,Atlantic Puffin,Fratercula arctica,L40576535,Brooklyn Pelagic Trip (American Princess) 02222025 H,2025-02-22 13:00,2.0,39.944943,-72.891277,True,True,True,S215240070,,US-NY
commur,Common Murre,Uria aalge,L40576415,Brooklyn Pelagic Trip (American Princess) 02222025 E,2025-02-22 10:00,3.0,40.1883133,-73.2307836,True,True,True,S215207630,,US-NY
lesyel,Lesser Yellowlegs,Tringa flavipes,L547888,"Heckscher SP, East Islip",2025-02-22 09:25,1.0,40.7129149,-73.1650615,True,True,False,S214862204,,US-NY
bohwax,Bohemian Waxwing,Bombycilla garrulus,L825062,Bloomingdale Bog Trail--South Entrance,2025-02-21 15:34,23.0,44.3641149,-74.1511381,True,False,False,S214749739,,US-NY
x01131,American Herring x Glaucous Gull (hybrid),Larus smithsonianus x hyperboreus,L6080224,Jerome Park Reservoir,2025-02-21 10:45,1.0,40.8779122,-73.8954009,True,True,False,S215139300,,US-NY
lobdow,Long-billed Dowitcher,Limnodromus scolopaceus,L523654,Terrell River County Park,2025-02-19 14:04,1.0,40.7921091,-72.7785873,True,True,False,S214448699,,US-NY
x00679,Redhead x Ring-necked Duck (hybrid),Aythya americana x collaris,L22528856,"Brook Road Bridge, Westhampton Beach, NY",2025-02-18 10:29,1.0,40.8180024,-72.6368013,True,True,True,S214259826,,US-NY
norgos,American Goshawk,Astur atricapillus,L40153778,"stakeout Black-headed Grosbeak, Meyer Rd., Constableville (2025)",2025-02-18 10:04,1.0,43.5496182,-75.5165011,True,True,False,S214346129,,US-NY
