speciesCode,comName,sciName,locId,locName,obsDt,howMany,lat,lng,obsValid,obsReviewed,locationPrivate,subId,exoticCategory,region
normoc,Northern Mockingbird,Mimus polyglottos,L30590185,"Blucher Park, Corpus Christi US-TX 27.79150, -97.39982",2025-03-03 17:52,1.0,27.791502,-97.399821,True,False,True,S216513009,,US-TX
purmar,Purple Martin,Progne subis,L30590185,"Blucher Park, Corpus Christi US-TX 27.79150, -97.39982",2025-03-03 17:52,6.0,27.791502,-97.399821,True,False,True,S216513009,,US-TX
rethaw,Red-tailed Hawk,Buteo jamaicensis,L21505865,"Shackleford-Texas 351, Abilene, Texas, US (32.529, -99.6)",2025-03-03 17:52,1.0,32.5294307,-99.600233,True,False,True,S216513074,,US-TX
grtgra,Great-tailed Grackle,Quiscalus mexicanus,L30590185,"Blucher Park, Corpus Christi US-TX 27.79150, -97.39982",2025-03-03 17:52,12.0,27.791502,-97.399821,True,False,True,S216513009,,US-TX
blkvul,Black Vulture,Coragyps atratus,L40829162,"390 Church Ln, Rio Grande City US-TX 26.39125, -98.79923",2025-03-03 17:51,3.0,26.391254,-98.799232,True,False,True,S216513512,,US-TX
eursta,European Starling,Sturnus vulgaris,L40829006,"Callahan-Texas 351, Abilene, Texas, US (32.515, -99.625)",2025-03-03 17:50,1.0,32.5148009,-99.6252769,True,False,True,S216512329,N,US-TX
neocor,Neotropic Cormorant,Nannopterum brasilianum,L29675554,"6029 Blue Bluff Rd, Austin US-TX 30.27693, -97.61025",2025-03-03 17:49,1.0,30.27693,-97.610251,True,False,True,S216512235,,US-TX
doccor,Double-crested Cormorant,Nannopterum auritum,L29675554,"6029 Blue Bluff Rd, Austin US-TX 30.27693, -97.61025",2025-03-03 17:49,4.0,30.27693,-97.610251,True,False,True,S216512235,,US-TX
norcar,Northern Cardinal,Cardinalis cardinalis,L29164622,"9832 Makiposa Ln, Fort Worth US-TX (32.9186,-97.3392)",2025-03-03 17:47,2.0,32.918644,-97.3392,True,False,True,S216512293,,US-TX
whcspa,White-crowned Sparrow,Zonotrichia leucophrys,L29164622,"9832 Makiposa Ln, Fort Worth US-TX (32.9186,-97.3392)",2025-03-03 17:47,1.0,32.918644,-97.3392,True,False,True,S216512293,,US-TX
amecro,American Crow,Corvus brachyrhynchos,L28797454,my house,2025-03-03 17:46,5.0,32.879612,-96.8540726,True,False,True,S216512005,,US-TX
comgra,Common Grackle,Quiscalus quiscula,L28797454,my house,2025-03-03 17:46,20.0,32.879612,-96.8540726,True,False,True,S216512005,,US-TX
eucdov,Eurasian Collared-Dove,Streptopelia decaocto,L40828926,"Taylor-Texas 351, Abilene, Texas, US (32.48, -99.695)",2025-03-03 17:45,1.0,32.4796211,-99.6949862,True,False,True,S216511961,N,US-TX
blujay,Blue Jay,Cyanocitta cristata,L18859751,"12134 Vista Nogal St, San Antonio US-TX 29.55183, -98.51765",2025-03-03 17:42,1.0,29.551834,-98.517648,True,False,True,S216512933,,US-TX
blctit4,Black-crested Titmouse,Baeolophus atricristatus,L18859751,"12134 Vista Nogal St, San Antonio US-TX 29.55183, -98.51765",2025-03-03 17:42,2.0,29.551834,-98.517648,True,False,True,S216512933,,US-TX
carchi,Carolina Chickadee,Poecile carolinensis,L18859751,"12134 Vista Nogal St, San Antonio US-TX 29.55183, -98.51765",2025-03-03 17:42,3.0,29.551834,-98.517648,True,False,True,S216512933,,US-TX
carwre,Carolina Wren,Thryothorus ludovicianus,L18859751,"12134 Vista Nogal St, San Antonio US-TX 29.55183, -98.51765",2025-03-03 17:42,1.0,29.551834,-98.517648,True,False,True,S216512933,,US-TX
easpho,Eastern Phoebe,Sayornis phoebe,L18859751,"12134 Vista Nogal St, San Antonio US-TX 29.55183, -98.51765",2025-03-03 17:42,1.0,29.551834,-98.517648,True,False,True,S216512933,,US-TX
bewwre,Bewick's Wren,Thryomanes bewickii,L18859751,"12134 Vista Nogal St, San Antonio US-TX 29.55183, -98.51765",2025-03-03 17:42,2.0,29.551834,-98.517648,True,False,True,S216512933,,US-TX
rewbla,Red-winged Blackbird,Agelaius phoeniceus,L18859751,"12134 Vista Nogal St, San Antonio US-TX 29.55183, -98.51765",2025-03-03 17:42,1.0,29.551834,-98.517648,True,False,True,S216512933,,US-TX
amegfi,American Goldfinch,Spinus tristis,L18859751,"12134 Vista Nogal St, San Antonio US-TX 29.55183, -98.51765",2025-03-03 17:42,1.0,29.551834,-98.517648,True,False,True,S216512933,,US-TX
orcwar,Orange-crowned Warbler,Leiothlypis celata,L18859751,"12134 Vista Nogal St, San Antonio US-TX 29.55183, -98.51765",2025-03-03 17:42,1.0,29.551834,-98.517648,True,False,True,S216512933,,US-TX
sonspa,Song Sparrow,Melospiza melodia,L18859751,"12134 Vista Nogal St, San Antonio US-TX 29.55183, -98.51765",2025-03-03 17:42,1.0,29.551834,-98.517648,True,False,True,S216512933,,US-TX
lesgol,Lesser Goldfinch,Spinus psaltria,L18859751,"12134 Vista Nogal St, San Antonio US-TX 29.55183, -98.51765",2025-03-03 17:42,6.0,29.551834,-98.517648,True,False,True,S216512933,,US-TX
dowwoo,Downy Woodpecker,Dryobates pubescens,L18859751,"12134 Vista Nogal St, San Antonio US-TX 29.55183, -98.51765",2025-03-03 17:42,1.0,29.551834,-98.517648,True,False,True,S216512933,,US-TX
houspa,House Sparrow,Passer domesticus,L18859751,"12134 Vista Nogal St, San Antonio US-TX 29.55183, -98.51765",2025-03-03 17:42,1.0,29.551834,-98.517648,True,False,True,S216512933,N,US-TX
yerwar,Yellow-rumped Warbler,Setophaga coronata,L18859751,"12134 Vista Nogal St, San Antonio US-TX 29.55183, -98.51765",2025-03-03 17:42,1.0,29.551834,-98.517648,True,False,True,S216512933,,US-TX
houfin,House Finch,Haemorhous mexicanus,L18859751,"12134 Vista Nogal St, San Antonio US-TX 29.55183, -98.51765",2025-03-03 17:42,2.0,29.551834,-98.517648,True,False,True,S216512933,,US-TX
buwtea,Blue-winged Teal,Spatula discors,L1894099,"Shadow Creek Ranch Nature Park, Pearland",2025-03-03 17:39,2.0,29.5812562,-95.4160952,True,False,False,S216512582,,US-TX
barswa,Barn Swallow,Hirundo rustica,L1894099,"Shadow Creek Ranch Nature Park, Pearland",2025-03-03 17:39,12.0,29.5812562,-95.4160952,True,False,False,S216512582,,US-TX
mallar3,Mallard,Anas platyrhynchos,L1894099,"Shadow Creek Ranch Nature Park, Pearland",2025-03-03 17:39,4.0,29.5812562,-95.4160952,True,False,False,S216512582,,US-TX
turvul,Turkey Vulture,Cathartes aura,L1894099,"Shadow Creek Ranch Nature Park, Pearland",2025-03-03 17:39,5.0,29.5812562,-95.4160952,True,False,False,S216512582,,US-TX
greegr,Great Egret,Ardea alba,L1894099,"Shadow Creek Ranch Nature Park, Pearland",2025-03-03 17:39,1.0,29.5812562,-95.4160952,True,False,False,S216512582,,US-TX
moudov,Mourning Dove,Zenaida macroura,L8718952,"Plantation Meadows, Richmond, TX",2025-03-03 17:37,3.0,29.6127443,-95.7284644,True,False,True,S216512022,,US-TX
coukin,Couch's Kingbird,Tyrannus couchii,L8718952,"Plantation Meadows, Richmond, TX",2025-03-03 17:37,1.0,29.6127443,-95.7284644,True,False,True,S216512022,,US-TX
bbwduc,Black-bellied Whistling-Duck,Dendrocygna autumnalis,L8718952,"Plantation Meadows, Richmond, TX",2025-03-03 17:37,49.0,29.6127443,-95.7284644,True,False,True,S216512022,,US-TX
easblu,Eastern Bluebird,Sialia sialis,L8718952,"Plantation Meadows, Richmond, TX",2025-03-03 17:37,3.0,29.6127443,-95.7284644,True,False,True,S216512022,,US-TX
amhgul1,American Herring Gull,Larus smithsonianus,L3121964,High Island Beach (Gulf Seawatch),2025-03-03 17:30,1.0,29.5497991,-94.3877969,True,False,False,S216511762,,US-TX
laugul,Laughing Gull,Leucophaeus atricilla,L3121964,High Island Beach (Gulf Seawatch),2025-03-03 17:30,13.0,29.5497991,-94.3877969,True,False,False,S216511762,,US-TX
lessca,Lesser Scaup,Aythya affinis,L3121964,High Island Beach (Gulf Seawatch),2025-03-03 17:30,6.0,29.5497991,-94.3877969,True,False,False,S216511762,,US-TX
amerob,American Robin,Turdus migratorius,L40828803,"Seven Lakes High School, Katy US-TX 29.70945, -95.80741",2025-03-03 17:30,15.0,29.709453,-95.807413,True,False,True,S216511202,,US-TX
royter1,Royal Tern,Thalasseus maximus,L3121964,High Island Beach (Gulf Seawatch),2025-03-03 17:30,2.0,29.5497991,-94.3877969,True,False,False,S216511762,,US-TX
ribgul,Ring-billed Gull,Larus delawarensis,L3121964,High Island Beach (Gulf Seawatch),2025-03-03 17:30,2.0,29.5497991,-94.3877969,True,False,False,S216511762,,US-TX
lbbgul,Lesser Black-backed Gull,Larus fuscus,L3121964,High Island Beach (Gulf Seawatch),2025-03-03 17:30,1.0,29.5497991,-94.3877969,True,False,False,S216511762,,US-TX
cedwax,Cedar Waxwing,Bombycilla cedrorum,L40276817,The Carlton’s home,2025-03-03 17:30,20.0,33.011714,-97.186639,True,False,True,S216513127,,US-TX
redegr,Reddish Egret,Egretta rufescens,L3121964,High Island Beach (Gulf Seawatch),2025-03-03 17:30,1.0,29.5497991,-94.3877969,True,False,False,S216511762,,US-TX
brnpel,Brown Pelican,Pelecanus occidentalis,L3121964,High Island Beach (Gulf Seawatch),2025-03-03 17:30,6.0,29.5497991,-94.3877969,True,False,False,S216511762,,US-TX
whwdov,White-winged Dove,Zenaida asiatica,L40828966,"14220 Running Deer Trail, Austin, Texas, US (30.374, -97.924)",2025-03-03 17:26,7.0,30.3740236,-97.9243513,True,False,True,S216512118,,US-TX
snoegr,Snowy Egret,Egretta thula,L10412245,"Brazos Bend State Park, Needville US-TX (29.3709,-95.6268)",2025-03-03 17:24,1.0,29.370914,-95.626827,True,False,True,S216510532,,US-TX
grbher3,Great Blue Heron,Ardea herodias,L10412245,"Brazos Bend State Park, Needville US-TX (29.3709,-95.6268)",2025-03-03 17:24,1.0,29.370914,-95.626827,True,False,True,S216510532,,US-TX
rebwoo,Red-bellied Woodpecker,Melanerpes carolinus,L10412245,"Brazos Bend State Park, Needville US-TX (29.3709,-95.6268)",2025-03-03 17:24,2.0,29.370914,-95.626827,True,False,True,S216510532,,US-TX
tuftit,Tufted Titmouse,Baeolophus bicolor,L10412245,"Brazos Bend State Park, Needville US-TX (29.3709,-95.6268)",2025-03-03 17:24,2.0,29.370914,-95.626827,True,False,True,S216510532,,US-TX
pilwoo,Pileated Woodpecker,Dryocopus pileatus,L10412245,"Brazos Bend State Park, Needville US-TX (29.3709,-95.6268)",2025-03-03 17:24,1.0,29.370914,-95.626827,True,False,True,S216510532,,US-TX
pibgre,Pied-billed Grebe,Podilymbus podiceps,L10412245,"Brazos Bend State Park, Needville US-TX (29.3709,-95.6268)",2025-03-03 17:24,2.0,29.370914,-95.626827,True,False,True,S216510532,,US-TX
limpki,Limpkin,Aramus guarauna,L10412245,"Brazos Bend State Park, Needville US-TX (29.3709,-95.6268)",2025-03-03 17:24,2.0,29.370914,-95.626827,True,False,True,S216510532,,US-TX
whtspa,White-throated Sparrow,Zonotrichia albicollis,L10412245,"Brazos Bend State Park, Needville US-TX (29.3709,-95.6268)",2025-03-03 17:24,12.0,29.370914,-95.626827,True,False,True,S216510532,,US-TX
reshaw,Red-shouldered Hawk,Buteo lineatus,L10412245,"Brazos Bend State Park, Needville US-TX (29.3709,-95.6268)",2025-03-03 17:24,1.0,29.370914,-95.626827,True,False,True,S216510532,,US-TX
anhing,Anhinga,Anhinga anhinga,L10412245,"Brazos Bend State Park, Needville US-TX (29.3709,-95.6268)",2025-03-03 17:24,1.0,29.370914,-95.626827,True,False,True,S216510532,,US-TX
comgal1,Common Gallinule,Gallinula galeata,L10412245,"Brazos Bend State Park, Needville US-TX (29.3709,-95.6268)",2025-03-03 17:24,1.0,29.370914,-95.626827,True,False,True,S216510532,,US-TX
brdowl,Barred Owl,Strix varia,L10412245,"Brazos Bend State Park, Needville US-TX (29.3709,-95.6268)",2025-03-03 17:24,1.0,29.370914,-95.626827,True,False,True,S216510532,,US-TX
ruckin,Ruby-crowned Kinglet,Corthylio calendula,L10412245,"Brazos Bend State Park, Needville US-TX (29.3709,-95.6268)",2025-03-03 17:24,1.0,29.370914,-95.626827,True,False,True,S216510532,,US-TX
whiibi,White Ibis,Eudocimus albus,L10412245,"Brazos Bend State Park, Needville US-TX (29.3709,-95.6268)",2025-03-03 17:24,2.0,29.370914,-95.626827,True,False,True,S216510532,,US-TX
triher,Tricolored Heron,Egretta tricolor,L10412245,"Brazos Bend State Park, Needville US-TX (29.3709,-95.6268)",2025-03-03 17:24,1.0,29.370914,-95.626827,True,False,True,S216510532,,US-TX
lesyel,Lesser Yellowlegs,Tringa flavipes,L2330440,Aransas NWR--Rail Trail,2025-03-03 17:20,1.0,28.3089147,-96.8013954,True,False,False,S216513467,,US-TX
amebit,American Bittern,Botaurus lentiginosus,L2330440,Aransas NWR--Rail Trail,2025-03-03 17:20,1.0,28.3089147,-96.8013954,True,False,False,S216513467,,US-TX
amekes,American Kestrel,Falco sparverius,L2330440,Aransas NWR--Rail Trail,2025-03-03 17:20,1.0,28.3089147,-96.8013954,True,False,False,S216513467,,US-TX
y00475,American Coot,Fulica americana,L2330440,Aransas NWR--Rail Trail,2025-03-03 17:20,1.0,28.3089147,-96.8013954,True,False,False,S216513467,,US-TX
belkin1,Belted Kingfisher,Megaceryle alcyon,L2330440,Aransas NWR--Rail Trail,2025-03-03 17:20,1.0,28.3089147,-96.8013954,True,False,False,S216513467,,US-TX
nrwswa,Northern Rough-winged Swallow,Stelgidopteryx serripennis,L2330440,Aransas NWR--Rail Trail,2025-03-03 17:20,2.0,28.3089147,-96.8013954,True,False,False,S216513467,,US-TX
rosspo1,Roseate Spoonbill,Platalea ajaja,L2330440,Aransas NWR--Rail Trail,2025-03-03 17:20,15.0,28.3089147,-96.8013954,True,False,False,S216513467,,US-TX
grekis,Great Kiskadee,Pitangus sulphuratus,L2330440,Aransas NWR--Rail Trail,2025-03-03 17:20,1.0,28.3089147,-96.8013954,True,False,False,S216513467,,US-TX
gnwtea,Green-winged Teal,Anas crecca,L2330440,Aransas NWR--Rail Trail,2025-03-03 17:20,4.0,28.3089147,-96.8013954,True,False,False,S216513467,,US-TX
norpin,Northern Pintail,Anas acuta,L9845309,"1102 Harbor Village Drive, Corpus Christi, Texas, US (27.691, -97.321)",2025-03-03 17:17,20.0,27.6905893,-97.3206588,True,False,True,S216510775,,US-TX
rocpig,Rock Pigeon,Columba livia,L9845309,"1102 Harbor Village Drive, Corpus Christi, Texas, US (27.691, -97.321)",2025-03-03 17:17,5.0,27.6905893,-97.3206588,True,False,True,S216510775,N,US-TX
whocra,Whooping Crane,Grus americana,L1415138,Aransas NWR--Heron Flats Trail (Aransas Co.),2025-03-03 17:17,2.0,28.3015409,-96.8063205,True,False,False,S216509019,,US-TX
willet1,Willet,Tringa semipalmata,L9845309,"1102 Harbor Village Drive, Corpus Christi, Texas, US (27.691, -97.321)",2025-03-03 17:17,1.0,27.6905893,-97.3206588,True,False,True,S216510775,,US-TX
lobcur,Long-billed Curlew,Numenius americanus,L9845309,"1102 Harbor Village Drive, Corpus Christi, Texas, US (27.691, -97.321)",2025-03-03 17:17,1.0,27.6905893,-97.3206588,True,False,True,S216510775,,US-TX
lobdow,Long-billed Dowitcher,Limnodromus scolopaceus,L1415138,Aransas NWR--Heron Flats Trail (Aransas Co.),2025-03-03 17:17,20.0,28.3015409,-96.8063205,True,False,False,S216509019,,US-TX
bkbplo,Black-bellied Plover,Pluvialis squatarola,L9845309,"1102 Harbor Village Drive, Corpus Christi, Texas, US (27.691, -97.321)",2025-03-03 17:17,1.0,27.6905893,-97.3206588,True,False,True,S216510775,,US-TX
gofwoo,Golden-fronted Woodpecker,Melanerpes aurifrons,L9845309,"1102 Harbor Village Drive, Corpus Christi, Texas, US (27.691, -97.321)",2025-03-03 17:17,1.0,27.6905893,-97.3206588,True,False,True,S216510775,,US-TX
margod,Marbled Godwit,Limosa fedoa,L9845309,"1102 Harbor Village Drive, Corpus Christi, Texas, US (27.691, -97.321)",2025-03-03 17:17,33.0,27.6905893,-97.3206588,True,False,True,S216510775,,US-TX
amewig,American Wigeon,Mareca americana,L9845309,"1102 Harbor Village Drive, Corpus Christi, Texas, US (27.691, -97.321)",2025-03-03 17:17,15.0,27.6905893,-97.3206588,True,False,True,S216510775,,US-TX
libher,Little Blue Heron,Egretta caerulea,L2330440,Aransas NWR--Rail Trail,2025-03-03 17:16,2.0,28.3089147,-96.8013954,True,False,False,S216513133,,US-TX
killde,Killdeer,Charadrius vociferus,L2330440,Aransas NWR--Rail Trail,2025-03-03 17:16,2.0,28.3089147,-96.8013954,True,False,False,S216513133,,US-TX
greyel,Greater Yellowlegs,Tringa melanoleuca,L2330440,Aransas NWR--Rail Trail,2025-03-03 17:16,3.0,28.3089147,-96.8013954,True,False,False,S216513133,,US-TX
wooscj2,Woodhouse's Scrub-Jay,Aphelocoma woodhouseii,L40828277,"3208–3296 Stillman Valley Rd, Florence US-TX 30.89685, -97.77010",2025-03-03 17:14,2.0,30.89685,-97.7701,True,False,True,S216508143,,US-TX
greroa,Greater Roadrunner,Geococcyx californianus,L40828277,"3208–3296 Stillman Valley Rd, Florence US-TX 30.89685, -97.77010",2025-03-03 17:14,1.0,30.89685,-97.7701,True,False,True,S216508143,,US-TX
linspa,Lincoln's Sparrow,Melospiza lincolnii,L926665,Southwest Greenway & Butterfly Garden (Mueller),2025-03-03 17:12,1.0,30.2891992,-97.7030468,True,False,False,S216511407,,US-TX
grnpar,Green Parakeet,Psittacara holochlorus,L10965050,"501 S P St, Harlingen US-TX 26.18789, -97.71345",2025-03-03 17:11,8.0,26.187893,-97.713448,True,False,True,S216508213,N,US-TX
blkpho,Black Phoebe,Sayornis nigricans,L9822293,"Fort Clark Springs,""rocky trail""",2025-03-03 17:09,1.0,29.3034732,-100.4174303,True,False,True,S216507966,,US-TX
whevir,White-eyed Vireo,Vireo griseus,L9822293,"Fort Clark Springs,""rocky trail""",2025-03-03 17:09,1.0,29.3034732,-100.4174303,True,False,True,S216507966,,US-TX
coohaw,Cooper's Hawk,Astur cooperii,L9822293,"Fort Clark Springs,""rocky trail""",2025-03-03 17:09,1.0,29.3034732,-100.4174303,True,False,True,S216507966,,US-TX
herthr,Hermit Thrush,Catharus guttatus,L4490978,High Island--Houston Audubon Field Station,2025-03-03 17:09,1.0,29.5620561,-94.3908982,True,False,False,S216507827,,US-TX
grnkin,Green Kingfisher,Chloroceryle americana,L9822293,"Fort Clark Springs,""rocky trail""",2025-03-03 17:09,1.0,29.3034732,-100.4174303,True,False,True,S216507966,,US-TX
comyel,Common Yellowthroat,Geothlypis trichas,L9822293,"Fort Clark Springs,""rocky trail""",2025-03-03 17:09,1.0,29.3034732,-100.4174303,True,False,True,S216507966,,US-TX
swtkit,Swallow-tailed Kite,Elanoides forficatus,L2951291,Burrier Yard,2025-03-03 17:04,1.0,29.2404618,-97.9629958,True,True,True,S216507381,,US-TX
amepip,American Pipit,Anthus rubescens,L512205,Brushy Creek Lake Park,2025-03-03 17:03,2.0,30.5085076,-97.7719923,True,False,False,S216511480,,US-TX
daejun,Dark-eyed Junco,Junco hyemalis,L38810054,"Barley Field Pass, Falcon Pointe Pflugerville, TX",2025-03-03 17:00,1.0,30.4593778,-97.5799666,True,False,True,S216509372,,US-TX
easmea,Eastern Meadowlark,Sturnella magna,L7004915,Muir Lake (Lakeline Park),2025-03-03 16:58,2.0,30.4859552,-97.8113177,True,False,False,S216506707,,US-TX
pinwar,Pine Warbler,Setophaga pinus,L208734,Edith L. Moore Nature Sanctuary (UTC 094),2025-03-03 16:52,2.0,29.7717945,-95.5695572,True,False,False,S216510830,,US-TX
wlswar,Wilson's Warbler,Cardellina pusilla,L208734,Edith L. Moore Nature Sanctuary (UTC 094),2025-03-03 16:52,1.0,29.7717945,-95.5695572,True,False,False,S216510830,,US-TX
pinsis,Pine Siskin,Spinus pinus,L208734,Edith L. Moore Nature Sanctuary (UTC 094),2025-03-03 16:52,1.0,29.7717945,-95.5695572,True,False,False,S216510830,,US-TX
buggna,Blue-gray Gnatcatcher,Polioptila caerulea,L208734,Edith L. Moore Nature Sanctuary (UTC 094),2025-03-03 16:52,1.0,29.7717945,-95.5695572,True,False,False,S216510830,,US-TX
y00678,Crested Caracara,Caracara plancus,L40827766,"County Road 213, Bertram US-TX 30.82967, -97.92877",2025-03-03 16:52,1.0,30.82967,-97.928766,True,False,True,S216505322,,US-TX
bawwar,Black-and-white Warbler,Mniotilta varia,L208734,Edith L. Moore Nature Sanctuary (UTC 094),2025-03-03 16:52,1.0,29.7717945,-95.5695572,True,False,False,S216510830,,US-TX
grnher,Green Heron,Butorides virescens,L1115335,Balmorhea SP (FWTX 19),2025-03-03 16:47,1.0,30.9448014,-103.7864685,True,False,False,S216511791,,US-TX
yebsap,Yellow-bellied Sapsucker,Sphyrapicus varius,L1115335,Balmorhea SP (FWTX 19),2025-03-03 16:47,1.0,30.9448014,-103.7864685,True,False,False,S216511791,,US-TX
buffle,Bufflehead,Bucephala albeola,L1115335,Balmorhea SP (FWTX 19),2025-03-03 16:47,1.0,30.9448014,-103.7864685,True,False,False,S216511791,,US-TX
comgol,Common Goldeneye,Bucephala clangula,L1115335,Balmorhea SP (FWTX 19),2025-03-03 16:47,1.0,30.9448014,-103.7864685,True,False,False,S216511791,,US-TX
rinduc,Ring-necked Duck,Aythya collaris,L1115335,Balmorhea SP (FWTX 19),2025-03-03 16:47,3.0,30.9448014,-103.7864685,True,False,False,S216511791,,US-TX
logshr,Loggerhead Shrike,Lanius ludovicianus,L40828453,"78541, Edinburg US-TX 26.48711, -98.43577",2025-03-03 16:45,1.0,26.487112,-98.43577,True,False,True,S216509225,,US-TX
comrav,Common Raven,Corvus corax,L40827616,"Mitchell-Interstate 20, Colorado City, Texas, US (32.409, -100.847)",2025-03-03 16:45,1.0,32.4093481,-100.8465717,True,False,True,S216504563,,US-TX
larspa,Lark Sparrow,Chondestes grammacus,L40828453,"78541, Edinburg US-TX 26.48711, -98.43577",2025-03-03 16:45,12.0,26.487112,-98.43577,True,False,True,S216509225,,US-TX
perfal,Peregrine Falcon,Falco peregrinus,L40828453,"78541, Edinburg US-TX 26.48711, -98.43577",2025-03-03 16:45,1.0,26.487112,-98.43577,True,False,True,S216509225,,US-TX
whthaw,White-tailed Hawk,Geranoaetus albicaudatus,L40828453,"78541, Edinburg US-TX 26.48711, -98.43577",2025-03-03 16:45,1.0,26.487112,-98.43577,True,False,True,S216509225,,US-TX
horlar,Horned Lark,Eremophila alpestris,L40828453,"78541, Edinburg US-TX 26.48711, -98.43577",2025-03-03 16:45,8.0,26.487112,-98.43577,True,False,True,S216509225,,US-TX
bnhcow,Brown-headed Cowbird,Molothrus ater,L40828453,"78541, Edinburg US-TX 26.48711, -98.43577",2025-03-03 16:45,50.0,26.487112,-98.43577,True,False,True,S216509225,,US-TX
savspa,Savannah Sparrow,Passerculus sandwichensis,L40828453,"78541, Edinburg US-TX 26.48711, -98.43577",2025-03-03 16:45,7.0,26.487112,-98.43577,True,False,True,S216509225,,US-TX
wesmea,Western Meadowlark,Sturnella neglecta,L40827517,"Texas St, Stratford US-TX 36.28020, -102.16098",2025-03-03 16:42,1.0,36.280205,-102.160978,True,False,True,S216503955,,US-TX
norhar2,Northern Harrier,Circus hudsonius,L40827517,"Texas St, Stratford US-TX 36.28020, -102.16098",2025-03-03 16:42,1.0,36.280205,-102.160978,True,False,True,S216503955,,US-TX
placha,Plain Chachalaca,Ortalis vetula,L129005,Laguna Atascosa NWR (LTC 024),2025-03-03 16:37,3.0,26.2295776,-97.3466982,True,False,False,S216509264,,US-TX
labwoo,Ladder-backed Woodpecker,Dryobates scalaris,L24973176,"Cypress Forest pond, Kyle",2025-03-03 16:37,1.0,29.9920018,-97.8983117,True,False,False,S216508347,,US-TX
grnjay,Green Jay,Cyanocorax yncas,L129005,Laguna Atascosa NWR (LTC 024),2025-03-03 16:37,2.0,26.2295776,-97.3466982,True,False,False,S216509264,,US-TX
cacwre,Cactus Wren,Campylorhynchus brunneicapillus,L129005,Laguna Atascosa NWR (LTC 024),2025-03-03 16:37,1.0,26.2295776,-97.3466982,True,False,False,S216509264,,US-TX
hrshaw,Harris's Hawk,Parabuteo unicinctus,L129005,Laguna Atascosa NWR (LTC 024),2025-03-03 16:37,2.0,26.2295776,-97.3466982,True,False,False,S216509264,,US-TX
incdov,Inca Dove,Columbina inca,L3466792,my yard,2025-03-03 16:35,1.0,27.9171921,-97.1575643,True,False,True,S216508197,,US-TX
norfli,Northern Flicker,Colaptes auratus,L40827396,"957 Farm to Market Road 2373, Panhandle, Texas, US (35.318, -101.556)",2025-03-03 16:35,1.0,35.3181026,-101.5562028,True,False,True,S216503489,,US-TX
forter,Forster's Tern,Sterna forsteri,L10437828,Aransas NWR- Calhoun county,2025-03-03 16:35,1.0,28.255855,-96.794517,True,False,True,S216512890,,US-TX
osprey,Osprey,Pandion haliaetus,L3466792,my yard,2025-03-03 16:35,1.0,27.9171921,-97.1575643,True,False,True,S216508197,,US-TX
whtkit,White-tailed Kite,Elanus leucurus,L21529885,Blue Bunting Lodge,2025-03-03 16:34,2.0,26.140993,-97.883783,True,False,True,S216503745,,US-TX
chispa,Chipping Sparrow,Spizella passerina,L28106607,Old Junction Road,2025-03-03 16:34,1.0,30.754832,-99.329271,True,False,True,S216505189,,US-TX
amwpel,American White Pelican,Pelecanus erythrorhynchos,L39892521,Silverado Quarry Pond,2025-03-03 16:27,1.0,33.25618,-96.95419,True,False,False,S216510804,,US-TX
norsho,Northern Shoveler,Spatula clypeata,L39892521,Silverado Quarry Pond,2025-03-03 16:27,3.0,33.25618,-96.95419,True,False,False,S216510804,,US-TX
amewoo,American Woodcock,Scolopax minor,L35977270,Strickland Middle School,2025-03-03 16:27,1.0,33.2430093,-97.1273867,True,False,True,S216501905,,US-TX
pyrrhu,Pyrrhuloxia,Cardinalis sinuatus,L3354369,Sanderson Cemeteries,2025-03-03 16:27,2.0,30.1321374,-102.3874712,True,False,False,S216506436,,US-TX
gadwal,Gadwall,Mareca strepera,L39892521,Silverado Quarry Pond,2025-03-03 16:27,17.0,33.25618,-96.95419,True,False,False,S216510804,,US-TX
canvas,Canvasback,Aythya valisineria,L39892521,Silverado Quarry Pond,2025-03-03 16:27,2.0,33.25618,-96.95419,True,False,False,S216510804,,US-TX
gresca,Greater Scaup,Aythya marila,L39892521,Silverado Quarry Pond,2025-03-03 16:27,1.0,33.25618,-96.95419,True,False,False,S216510804,,US-TX
cangoo,Canada Goose,Branta canadensis,L39892521,Silverado Quarry Pond,2025-03-03 16:27,7.0,33.25618,-96.95419,True,False,False,S216510804,,US-TX
leasan,Least Sandpiper,Calidris minutilla,L39892521,Silverado Quarry Pond,2025-03-03 16:27,18.0,33.25618,-96.95419,True,False,False,S216510804,,US-TX
fiespa,Field Sparrow,Spizella pusilla,L268131,Stephen F. Austin SP (UTC 102),2025-03-03 16:26,4.0,29.8168169,-96.1122608,True,False,False,S216504581,,US-TX
categr1,Western Cattle-Egret,Ardea ibis,L268131,Stephen F. Austin SP (UTC 102),2025-03-03 16:26,2.0,29.8168169,-96.1122608,True,False,False,S216504581,,US-TX
motduc,Mottled Duck,Anas fulvigula,L770565,South Padre Is.--Birding and Nature Center,2025-03-03 16:22,1.0,26.1374628,-97.1739367,True,False,False,S216501576,,US-TX
musduc,Muscovy Duck,Cairina moschata,L770565,South Padre Is.--Birding and Nature Center,2025-03-03 16:22,1.0,26.1374628,-97.1739367,True,False,False,S216501576,X,US-TX
treswa,Tree Swallow,Tachycineta bicolor,L129098,High Island--Smith Oaks Sanctuary (UTC 052),2025-03-03 16:21,2.0,29.573681,-94.3898535,True,False,False,S216509316,,US-TX
grycat,Gray Catbird,Dumetella carolinensis,L129098,High Island--Smith Oaks Sanctuary (UTC 052),2025-03-03 16:21,1.0,29.573681,-94.3898535,True,False,False,S216509316,,US-TX
buhvir,Blue-headed Vireo,Vireo solitarius,L129098,High Island--Smith Oaks Sanctuary (UTC 052),2025-03-03 16:21,1.0,29.573681,-94.3898535,True,False,False,S216509316,,US-TX
bcnher,Black-crowned Night Heron,Nycticorax nycticorax,L129098,High Island--Smith Oaks Sanctuary (UTC 052),2025-03-03 16:21,1.0,29.573681,-94.3898535,True,False,False,S216509316,,US-TX
redhea,Redhead,Aythya americana,L40828521,"E 14th St, Brownsville US-TX 25.96236, -97.40489",2025-03-03 16:21,1.0,25.962356,-97.404894,True,False,True,S216509642,,US-TX
rudduc,Ruddy Duck,Oxyura jamaicensis,L40828521,"E 14th St, Brownsville US-TX 25.96236, -97.40489",2025-03-03 16:21,20.0,25.962356,-97.404894,True,False,True,S216509642,,US-TX
rufhum,Rufous Hummingbird,Selasphorus rufus,L26742422,"14554 Broadgreen Dr, Houston US-TX 29.76851, -95.60571",2025-03-03 16:20,1.0,29.768514,-95.605711,True,False,True,S216505849,,US-TX
rinkin1,Ringed Kingfisher,Megaceryle torquata,L1796429,Laredo- Muller Pond Park,2025-03-03 16:20,1.0,27.6143641,-99.5304174,True,False,False,S216506847,,US-TX
norbob,Northern Bobwhite,Colinus virginianus,L128962,Falcon State Park—SE portion (Starr Co.)  (LTC 084),2025-03-03 16:18,2.0,26.5836148,-99.1452921,True,False,False,S216507263,,US-TX
sprpip,Sprague's Pipit,Anthus spragueii,L128962,Falcon State Park—SE portion (Starr Co.)  (LTC 084),2025-03-03 16:18,2.0,26.5836148,-99.1452921,True,False,False,S216507263,,US-TX
audori,Audubon's Oriole,Icterus graduacauda,L16079129,1258 Saddleback Ridge Trail,2025-03-03 16:13,2.0,29.628802,-99.15295,True,False,True,S216501773,,US-TX
whtdov,White-tipped Dove,Leptotila verreauxi,L273764,Hugh Ramsey Park (Harlingen Arroyo Colorado) WBC (LTC 026),2025-03-03 16:10,1.0,26.1857402,-97.6641657,True,False,False,S216508311,,US-TX
altori,Altamira Oriole,Icterus gularis,L273764,Hugh Ramsey Park (Harlingen Arroyo Colorado) WBC (LTC 026),2025-03-03 16:10,1.0,26.1857402,-97.6641657,True,False,False,S216508311,,US-TX
lobthr,Long-billed Thrasher,Toxostoma longirostre,L273764,Hugh Ramsey Park (Harlingen Arroyo Colorado) WBC (LTC 026),2025-03-03 16:10,1.0,26.1857402,-97.6641657,True,False,False,S216508311,,US-TX
verdin,Verdin,Auriparus flaviceps,L273764,Hugh Ramsey Park (Harlingen Arroyo Colorado) WBC (LTC 026),2025-03-03 16:10,1.0,26.1857402,-97.6641657,True,False,False,S216508311,,US-TX
cubthr,Curve-billed Thrasher,Toxostoma curvirostre,L273764,Hugh Ramsey Park (Harlingen Arroyo Colorado) WBC (LTC 026),2025-03-03 16:10,1.0,26.1857402,-97.6641657,True,False,False,S216508311,,US-TX
wooduc,Wood Duck,Aix sponsa,L4065284,"Boggy Creek Greenbelt, Austin",2025-03-03 16:08,1.0,30.2676159,-97.7143054,True,False,False,S216499498,,US-TX
gockin,Golden-crowned Kinglet,Regulus satrapa,L209996,High Island--Eubanks Woods (UTC 053),2025-03-03 16:06,2.0,29.5664803,-94.3905334,True,False,False,S216500732,,US-TX
whfibi,White-faced Ibis,Plegadis chihi,L129085,Santa Ana NWR (LTC 059),2025-03-03 16:04,1.0,26.0813003,-98.1351399,True,False,False,S216506494,,US-TX
sposan,Spotted Sandpiper,Actitis macularius,L129085,Santa Ana NWR (LTC 059),2025-03-03 16:04,1.0,26.0813003,-98.1351399,True,False,False,S216506494,,US-TX
baleag,Bald Eagle,Haliaeetus leucocephalus,L9444207,Mitchell Nature Preserve--Creekside West Trailhead (Harris Co.),2025-03-03 16:00,1.0,30.148734,-95.563425,True,False,False,S216504227,,US-TX
botgra,Boat-tailed Grackle,Quiscalus major,L16531225,Quintana Beach County Park,2025-03-03 15:59,11.0,28.9351667,-95.3046041,True,False,False,S216508950,,US-TX
astfly,Ash-throated Flycatcher,Myiarchus cinerascens,L39844283,"117 Daisy Street, Weslaco, Texas, US (26.15, -97.96)",2025-03-03 15:58,,26.1500714,-97.959873,True,False,True,S216498904,,US-TX
trokin,Tropical Kingbird,Tyrannus melancholicus,L39844283,"117 Daisy Street, Weslaco, Texas, US (26.15, -97.96)",2025-03-03 15:58,,26.1500714,-97.959873,True,False,True,S216498904,,US-TX
houwre,Northern House Wren,Troglodytes aedon,L39844283,"117 Daisy Street, Weslaco, Texas, US (26.15, -97.96)",2025-03-03 15:58,,26.1500714,-97.959873,True,False,True,S216498904,,US-TX
solsan,Solitary Sandpiper,Tringa solitaria,L40826401,"78578, Port Isabel US-TX 26.02621, -97.25876",2025-03-03 15:57,2.0,26.026209,-97.258758,True,False,True,S216498004,,US-TX
eargre,Eared Grebe,Podiceps nigricollis,L893913,Moss Creek Lake,2025-03-03 15:53,3.0,32.2386498,-101.3142014,True,False,False,S216499801,,US-TX
sagthr,Sage Thrasher,Oreoscoptes montanus,L893913,Moss Creek Lake,2025-03-03 15:53,1.0,32.2386498,-101.3142014,True,False,False,S216499801,,US-TX
bongul,Bonaparte's Gull,Chroicocephalus philadelphia,L893913,Moss Creek Lake,2025-03-03 15:53,2.0,32.2386498,-101.3142014,True,False,False,S216499801,,US-TX
comloo,Common Loon,Gavia immer,L893913,Moss Creek Lake,2025-03-03 15:53,1.0,32.2386498,-101.3142014,True,False,False,S216499801,,US-TX
monpar,Monk Parakeet,Myiopsitta monachus,L3566344,Austin--Meals on Wheels Central Texas,2025-03-03 15:50,24.0,30.2544521,-97.7064103,True,False,True,S216496837,N,US-TX
whbnut,White-breasted Nuthatch,Sitta carolinensis,L7922562,Westwood Bend area,2025-03-03 15:49,1.0,31.292738,-94.847344,True,False,True,S216501806,,US-TX
brnthr,Brown Thrasher,Toxostoma rufum,L7922562,Westwood Bend area,2025-03-03 15:49,1.0,31.292738,-94.847344,True,False,True,S216501806,,US-TX
brebla,Brewer's Blackbird,Euphagus cyanocephalus,L797450,Ascarate Park/Lake,2025-03-03 15:48,4.0,31.7532135,-106.4023923,True,False,False,S216508326,,US-TX
vesspa,Vesper Sparrow,Pooecetes gramineus,L40826260,"Howard-East Moss Lake Road, Big Spring, Texas, US (32.235, -101.345)",2025-03-03 15:47,2.0,32.2354115,-101.3452711,True,False,True,S216497165,,US-TX
revbul,Red-vented Bulbul,Pycnonotus cafer,L35646862,home,2025-03-03 15:46,2.0,29.7120304,-95.368103,True,False,True,S216501858,N,US-TX
bkchum,Black-chinned Hummingbird,Archilochus alexandri,L4454879,US-TX-Pasadena-4515 Olive Green Ct,2025-03-03 15:45,1.0,29.61233,-95.112571,True,False,True,S216496171,,US-TX
egygoo,Egyptian Goose,Alopochen aegyptiaca,L823377,Riverwalk--Roosevelt Park/Eagleland Reach,2025-03-03 15:38,2.0,29.4017401,-98.4874159,True,False,False,S216495154,P,US-TX
canwre,Canyon Wren,Catherpes mexicanus,L527223,Junction--Easter Pageant Hill,2025-03-03 15:30,1.0,30.4748638,-99.7592926,True,False,False,S216494916,,US-TX
marwre,Marsh Wren,Cistothorus palustris,L130767,Aransas NWR (CTC 037) (Aransas Co.),2025-03-03 15:21,2.0,28.3108004,-96.8011664,True,False,False,S216513097,,US-TX
sora,Sora,Porzana carolina,L130767,Aransas NWR (CTC 037) (Aransas Co.),2025-03-03 15:21,5.0,28.3108004,-96.8011664,True,False,False,S216513097,,US-TX
bubhum,Buff-bellied Hummingbird,Amazilia yucatanensis,L2392487,Laguna Vista Nature Trail,2025-03-03 15:14,1.0,26.1009454,-97.29914,True,False,False,S216496436,,US-TX
olispa,Olive Sparrow,Arremonops rufivirgatus,L2392487,Laguna Vista Nature Trail,2025-03-03 15:14,1.0,26.1009454,-97.29914,True,False,False,S216496436,,US-TX
naswar,Nashville Warbler,Leiothlypis ruficapilla,L2392487,Laguna Vista Nature Trail,2025-03-03 15:14,1.0,26.1009454,-97.29914,True,False,False,S216496436,,US-TX
rucspa,Rufous-crowned Sparrow,Aimophila ruficeps,L12698059,"1295 Corky Cox Ranch Rd, Dripping Springs US-TX 30.34700, -98.16774",2025-03-03 15:12,1.0,30.346997,-98.167738,True,False,True,S216496992,,US-TX
sancra,Sandhill Crane,Antigone canadensis,L130767,Aransas NWR (CTC 037) (Aransas Co.),2025-03-03 15:07,5.0,28.3108004,-96.8011664,True,False,False,S216505836,,US-TX
woosto,Wood Stork,Mycteria americana,L130767,Aransas NWR (CTC 037) (Aransas Co.),2025-03-03 15:07,1.0,28.3108004,-96.8011664,True,True,False,S216505836,,US-TX
rthhum,Ruby-throated Hummingbird,Archilochus colubris,L9006565,Nueces Park Yard,2025-03-03 15:06,1.0,26.201199,-97.765257,True,False,True,S216491083,,US-TX
wessan,Western Sandpiper,Calidris mauri,L1504749,Galveston--Moody Gardens,2025-03-03 15:05,20.0,29.2744864,-94.8543092,True,False,False,S216496200,,US-TX
wiltur,Wild Turkey,Meleagris gallopavo,L34799741,"Der Stadt Friedhof Cemetery, Fredericksburg US-TX (30.2727,-98.8604)",2025-03-03 15:04,2.0,30.272665,-98.860351,True,False,True,S216492718,,US-TX
bcxtit1,Tufted x Black-crested Titmouse (hybrid),Baeolophus bicolor x atricristatus,L13052365,Baylor Camp Road,2025-03-03 15:03,1.0,31.6276722,-97.3075765,True,False,True,S216499725,,US-TX
clarai11,Clapper Rail,Rallus crepitans,L422541,Leonabelle Turnbull Birding Ctr. (CTC 057),2025-03-03 15:00,1.0,27.8275297,-97.0789558,True,False,False,S216500094,,US-TX
merlin,Merlin,Falco columbarius,L129098,High Island--Smith Oaks Sanctuary (UTC 052),2025-03-03 15:00,1.0,29.573681,-94.3898535,True,False,False,S216507547,,US-TX
ameavo,American Avocet,Recurvirostra americana,L422541,Leonabelle Turnbull Birding Ctr. (CTC 057),2025-03-03 15:00,17.0,27.8275297,-97.0789558,True,False,False,S216500094,,US-TX
brncre,Brown Creeper,Certhia americana,L129098,High Island--Smith Oaks Sanctuary (UTC 052),2025-03-03 15:00,1.0,29.573681,-94.3898535,True,False,False,S216507547,,US-TX
bknsti,Black-necked Stilt,Himantopus mexicanus,L422541,Leonabelle Turnbull Birding Ctr. (CTC 057),2025-03-03 15:00,37.0,27.8275297,-97.0789558,True,False,False,S216500094,,US-TX
gubter2,Gull-billed Tern,Gelochelidon nilotica,L1344227,Charlie's Pasture South Boardwalk (off TX-361),2025-03-03 14:59,1.0,27.81398,-97.080079,True,False,False,S216503954,,US-TX
burowl,Burrowing Owl,Athene cunicularia,L4023515,Refugio county Ag Fields,2025-03-03 14:58,1.0,28.335274,-96.905008,True,False,True,S216491455,,US-TX
eastow,Eastern Towhee,Pipilo erythrophthalmus,L40824830,"Tram Rd, De Berry US-TX (32.2880,-94.2759)",2025-03-03 14:54,1.0,32.288017,-94.275853,True,False,True,S216489810,,US-TX
swagoo1,Swan Goose,Anser cygnoides,L2497926,"Lakeside Park, Dallas",2025-03-03 14:52,3.0,32.82587,-96.800859,True,False,False,S216495229,X,US-TX
mdxmal1,Muscovy Duck x Mallard (hybrid),Cairina moschata x Anas platyrhynchos,L2497926,"Lakeside Park, Dallas",2025-03-03 14:52,5.0,32.82587,-96.800859,True,False,False,S216495229,X,US-TX
caster1,Caspian Tern,Hydroprogne caspia,L1896322,Anahuac NWR--Shoveler Pond Loop,2025-03-03 14:48,2.0,29.6138335,-94.5452351,True,False,False,S216511522,,US-TX
rebmer,Red-breasted Merganser,Mergus serrator,L1340108,Bolivar Flats Shorebird Sanctuary--17th Str. Jetty,2025-03-03 14:47,15.0,29.3681375,-94.7474419,True,False,False,S216497421,,US-TX
nstspa,Nelson's Sparrow,Ammospiza nelsoni,L1340108,Bolivar Flats Shorebird Sanctuary--17th Str. Jetty,2025-03-03 14:47,3.0,29.3681375,-94.7474419,True,False,False,S216497421,,US-TX
sander,Sanderling,Calidris alba,L1340108,Bolivar Flats Shorebird Sanctuary--17th Str. Jetty,2025-03-03 14:47,3.0,29.3681375,-94.7474419,True,False,False,S216497421,,US-TX
santer1,Sandwich Tern,Thalasseus sandvicensis,L1340108,Bolivar Flats Shorebird Sanctuary--17th Str. Jetty,2025-03-03 14:47,1.0,29.3681375,-94.7474419,True,False,False,S216497421,,US-TX
rudtur,Ruddy Turnstone,Arenaria interpres,L1340108,Bolivar Flats Shorebird Sanctuary--17th Str. Jetty,2025-03-03 14:47,10.0,29.3681375,-94.7474419,True,False,False,S216497421,,US-TX
shbdow,Short-billed Dowitcher,Limnodromus griseus,L1340108,Bolivar Flats Shorebird Sanctuary--17th Str. Jetty,2025-03-03 14:47,125.0,29.3681375,-94.7474419,True,False,False,S216497421,,US-TX
wilsni1,Wilson's Snipe,Gallinago delicata,L130766,Hornsby Bend (HOTE 037),2025-03-03 14:30,1.0,30.2181988,-97.6458054,True,False,False,S216492292,,US-TX
pecsan,Pectoral Sandpiper,Calidris melanotos,L681730,"Country Club Lake/Williamson Pk, Bryan",2025-03-03 14:29,1.0,30.6424167,-96.3609123,True,False,False,S216496355,,US-TX
blkski,Black Skimmer,Rynchops niger,L714512,Sunset Lake  (Portland),2025-03-03 14:20,112.0,27.8679131,-97.3274088,True,False,False,S216502401,,US-TX
semplo,Semipalmated Plover,Charadrius semipalmatus,L714512,Sunset Lake  (Portland),2025-03-03 14:20,1.0,27.8679131,-97.3274088,True,False,False,S216502401,,US-TX
indbun,Indigo Bunting,Passerina cyanea,L249889,Edinburg Scenic Wetlands WBC (LTC 061),2025-03-03 14:18,3.0,26.2905822,-98.1351909,True,False,False,S216505052,,US-TX
clcrob,Clay-colored Thrush,Turdus grayi,L249889,Edinburg Scenic Wetlands WBC (LTC 061),2025-03-03 14:18,2.0,26.2905822,-98.1351909,True,False,False,S216505052,,US-TX
leagre,Least Grebe,Tachybaptus dominicus,L249889,Edinburg Scenic Wetlands WBC (LTC 061),2025-03-03 14:18,1.0,26.2905822,-98.1351909,True,False,False,S216505052,,US-TX
sumtan,Summer Tanager,Piranga rubra,L249889,Edinburg Scenic Wetlands WBC (LTC 061),2025-03-03 14:18,1.0,26.2905822,-98.1351909,True,False,False,S216505052,,US-TX
swaspa,Swamp Sparrow,Melospiza georgiana,L4790485,Medina River Greenway--Mitchell Lake Trailhead,2025-03-03 14:11,4.0,29.2823283,-98.4795892,True,False,False,S216509897,,US-TX
cintea,Cinnamon Teal,Spatula cyanoptera,L4790485,Medina River Greenway--Mitchell Lake Trailhead,2025-03-03 14:11,5.0,29.2823283,-98.4795892,True,False,False,S216509897,,US-TX
brocow,Bronzed Cowbird,Molothrus aeneus,L14591925,"1101 Bayou Shore Dr, Galveston US-TX 29.28823, -94.83201",2025-03-03 14:10,1.0,29.288231,-94.832012,True,False,True,S216489410,,US-TX
fiscro,Fish Crow,Corvus ossifragus,L40826612,Nacogdoches - Austin St at University,2025-03-03 14:05,1.0,31.6326185,-94.6411542,True,False,True,S216499870,,US-TX
prafal,Prairie Falcon,Falco mexicanus,L593396,"Sibley Nature Center, Midland (FWTX 57)",2025-03-03 14:05,1.0,32.0349286,-102.0706594,True,False,False,S216484380,,US-TX
rebnut,Red-breasted Nuthatch,Sitta canadensis,L31001092,"South Llano River State Park, Junction US-TX 30.45088, -99.81432",2025-03-03 13:59,1.0,30.450882,-99.81432,True,False,True,S216483276,,US-TX
pipplo,Piping Plover,Charadrius melodus,L248017,Bolivar Flats Shorebird Sanctuary,2025-03-03 13:58,5.0,29.3711371,-94.7287083,True,False,False,S216483090,,US-TX
leater1,Least Tern,Sternula antillarum,L248017,Bolivar Flats Shorebird Sanctuary,2025-03-03 13:58,1.0,29.3711371,-94.7287083,True,False,False,S216483090,,US-TX
gryhaw2,Gray Hawk,Buteo plagiatus,L129075,Salineño Wildlife Preserve (LTC 080),2025-03-03 13:57,1.0,26.5148584,-99.1162062,True,False,False,S216494388,,US-TX
bktspa,Black-throated Sparrow,Amphispiza bilineata,L305948,Milton Reimers Ranch Park,2025-03-03 13:45,1.0,30.3641504,-98.1237811,True,False,False,S216504689,,US-TX
cogdov,Common Ground Dove,Columbina passerina,L305948,Milton Reimers Ranch Park,2025-03-03 13:45,2.0,30.3641504,-98.1237811,True,False,False,S216504689,,US-TX
compau,Common Pauraque,Nyctidromus albicollis,L259855,Estero Llano Grande SP WBC (LTC 054),2025-03-03 13:36,1.0,26.1268335,-97.9578167,True,False,False,S216493871,,US-TX
ycnher,Yellow-crowned Night Heron,Nyctanassa violacea,L259855,Estero Llano Grande SP WBC (LTC 054),2025-03-03 13:36,6.0,26.1268335,-97.9578167,True,False,False,S216493871,,US-TX
mexjay4,Mexican Jay,Aphelocoma wollweberi,L128912,Big Bend NP--Window Trail,2025-03-03 13:34,4.0,29.2772372,-103.307005,True,False,False,S216510924,,US-TX
cattyr,Cattle Tyrant,Machetornis rixosa,L27932697,"Cattle Tyrant stakeout—Lawrence, Water, N. Chaparral, Schatzell area",2025-03-03 13:32,1.0,27.7948673,-97.3933977,True,True,False,S216485455,P,US-TX
verfly,Vermilion Flycatcher,Pyrocephalus rubinus,L374196,Junction WTP (HOTW 090),2025-03-03 13:30,1.0,30.4978483,-99.7418475,True,False,False,S216494572,,US-TX
larbun,Lark Bunting,Calamospiza melanocorys,L374196,Junction WTP (HOTW 090),2025-03-03 13:30,8.0,30.4978483,-99.7418475,True,False,False,S216494572,,US-TX
fragul,Franklin's Gull,Leucophaeus pipixcan,L22167207,South Padre Is.--Beach Access #16 - Neptune Circle,2025-03-03 13:20,1.0,26.1180378,-97.1655643,True,False,False,S216476917,,US-TX
cantow,Canyon Towhee,Melozone fusca,L7945206,South Llano River SP--Lora’s Bird Blind,2025-03-03 13:18,2.0,30.4394455,-99.8107186,True,False,False,S216483953,,US-TX
spotow,Spotted Towhee,Pipilo maculatus,L7945206,South Llano River SP--Lora’s Bird Blind,2025-03-03 13:18,2.0,30.4394455,-99.8107186,True,False,False,S216483953,,US-TX
foxspa,Fox Sparrow,Passerella iliaca,L9101671,South Llano River SP--Juniper blind,2025-03-03 13:12,1.0,30.4451176,-99.7978554,True,False,False,S216477807,,US-TX
saypho,Say's Phoebe,Sayornis saya,L293455,Boerne City Lake Park,2025-03-03 13:11,1.0,29.8267792,-98.7707455,True,False,False,S216483338,,US-TX
cavswa,Cave Swallow,Petrochelidon fulva,L293455,Boerne City Lake Park,2025-03-03 13:11,4.0,29.8267792,-98.7707455,True,False,False,S216483338,,US-TX
harspa,Harris's Sparrow,Zonotrichia querula,L1050285,Lewisville Lake Environmental Learning Area (LLELA),2025-03-03 12:52,2.0,33.0662579,-96.9750008,True,False,False,S216499439,,US-TX
winwre3,Winter Wren,Troglodytes hiemalis,L1050285,Lewisville Lake Environmental Learning Area (LLELA),2025-03-03 12:52,1.0,33.0662579,-96.9750008,True,False,False,S216499439,,US-TX
graspa,Grasshopper Sparrow,Ammodramus savannarum,L30904518,Dietz Elkhorn Rd. dead end,2025-03-03 12:50,1.0,29.7310027,-98.6175605,True,False,True,S216481017,,US-TX
comter,Common Tern,Sterna hirundo,L129067,Rollover Pass (UTC 056),2025-03-03 12:42,1.0,29.5100602,-94.5008326,True,False,False,S216472949,,US-TX
ameoys,American Oystercatcher,Haematopus palliatus,L129067,Rollover Pass (UTC 056),2025-03-03 12:42,1.0,29.5100602,-94.5008326,True,False,False,S216472949,,US-TX
grhowl,Great Horned Owl,Bubo virginianus,L29110795,"Kent County, Texas, Lake Alan Henry Wildlife Mitigation Area",2025-03-03 12:21,1.0,33.0503804,-101.0277375,True,False,True,S216499215,,US-TX
hoomer,Hooded Merganser,Lophodytes cucullatus,L498572,Walnut Creek WTP,2025-03-03 12:13,3.0,30.2815651,-97.6520634,True,False,False,S216469750,,US-TX
sedwre1,Sedge Wren,Cistothorus stellaris,L1415138,Aransas NWR--Heron Flats Trail (Aransas Co.),2025-03-03 12:10,1.0,28.3015409,-96.8063205,True,False,False,S216477384,,US-TX
nutman,Scaly-breasted Munia,Lonchura punctulata,L438238,Rice U. Campus,2025-03-03 12:00,25.0,29.7185728,-95.3991151,True,False,False,S216490695,N,US-TX
rocwre,Rock Wren,Salpinctes obsoletus,L516628,Devils River SNA— Del Norte Unit (HOTW 015),2025-03-03 12:00,1.0,29.9406182,-100.9710073,True,False,False,S216476995,,US-TX
gwfgoo,Greater White-fronted Goose,Anser albifrons,L1498563,Katy Prairie--Pattison/Morrison rds (N. from FM529 to Hebert rd.),2025-03-03 11:40,20.0,29.9135789,-95.9076619,True,False,False,S216470710,,US-TX
snogoo,Snow Goose,Anser caerulescens,L1498563,Katy Prairie--Pattison/Morrison rds (N. from FM529 to Hebert rd.),2025-03-03 11:40,500.0,29.9135789,-95.9076619,True,False,False,S216470710,,US-TX
rosgoo,Ross's Goose,Anser rossii,L1498563,Katy Prairie--Pattison/Morrison rds (N. from FM529 to Hebert rd.),2025-03-03 11:40,10.0,29.9135789,-95.9076619,True,False,False,S216470710,,US-TX
dunlin,Dunlin,Calidris alpina,L793778,Port Aransas Nature Preserve at Charlie's Pasture,2025-03-03 11:33,5.0,27.8327765,-97.0873833,True,False,False,S216476234,,US-TX
purfin,Purple Finch,Haemorhous purpureus,L1271963,Chiles Jack House,2025-03-03 11:32,3.0,33.7797626,-96.6817582,True,True,True,S216465232,,US-TX
lilmea2,Chihuahuan Meadowlark,Sturnella lilianae,L1661754,"Sandia Wetlands, Balmorhea",2025-03-03 11:28,1.0,30.98631,-103.70718,True,False,False,S216468641,,US-TX
snoplo5,Snowy Plover,Anarhynchus nivosus,L276835,LRGV NWR--La Sal del Rey (LTC 005),2025-03-03 11:28,65.0,26.5305713,-98.0540943,True,True,False,S216460106,,US-TX
norwat,Northern Waterthrush,Parkesia noveboracensis,L770565,South Padre Is.--Birding and Nature Center,2025-03-03 11:14,3.0,26.1374628,-97.1739367,True,False,False,S216477308,,US-TX
helgui,Helmeted Guineafowl,Numida meleagris,L18819154,"4108 Buckingham Cir, College Station US-TX 30.54807, -96.29849",2025-03-03 10:52,4.0,30.548074,-96.298488,True,False,True,S216454798,X,US-TX
scaqua,Scaled Quail,Callipepla squamata,L40817291,"Monahans Sandhills State Park, Monahans US-TX 31.63506, -102.81545",2025-03-03 10:31,6.0,31.635058,-102.815451,True,False,True,S216451345,,US-TX
sctfly,Scissor-tailed Flycatcher,Tyrannus forficatus,L3319969,Brushline Rd.--FM490 to FM186,2025-03-03 10:19,1.0,26.4751445,-98.0530643,True,False,False,S216466031,,US-TX
rebpig1,Red-billed Pigeon,Patagioenas flavirostris,L287918,Salineño Wildlife Preserve--DeWind's Yard,2025-03-03 10:17,1.0,26.514616,-99.1155021,True,False,False,S216451375,,US-TX
casspa,Cassin's Sparrow,Peucaea cassinii,L514799,Palo Alto Battlefield NHP (LTC 031),2025-03-03 10:13,1.0,26.0191488,-97.4760676,True,False,False,S216457557,,US-TX
shshaw,Sharp-shinned Hawk,Accipiter striatus,L16778799,Raincrow,2025-03-03 10:08,2.0,30.923189,-99.845133,True,False,True,S216456362,,US-TX
brespa,Brewer's Sparrow,Spizella breweri,L40817156,"Ward-Private Road 205, Thorntonville, Texas, US (31.614, -102.906)",2025-03-03 10:06,1.0,31.6144593,-102.906486,True,False,True,S216450795,,US-TX
whcsee1,Morelet's Seedeater,Sporophila morelleti,L129075,Salineño Wildlife Preserve (LTC 080),2025-03-03 09:59,1.0,26.5148584,-99.1162062,True,True,False,S216469664,,US-TX
amtspa,American Tree Sparrow,Spizelloides arborea,L260936,Palo Duro Canyon  SP (PHP 040),2025-03-03 09:51,1.0,34.9651086,-101.671257,True,False,False,S216508445,,US-TX
stisan,Stilt Sandpiper,Calidris himantopus,L259855,Estero Llano Grande SP WBC (LTC 054),2025-03-03 09:46,12.0,26.1268335,-97.9578167,True,False,False,S216502601,,US-TX
bktgna,Black-tailed Gnatcatcher,Polioptila melanura,L40820497,"Grapevine Spring, Alpine US-TX 29.36798, -103.22408",2025-03-03 09:42,2.0,29.36798,-103.224082,True,False,True,S216467700,,US-TX
wesblu,Western Bluebird,Sialia mexicana,L454404,San Angelo SP--South Unit (HOTW 109),2025-03-03 09:35,2.0,31.4677918,-100.5033213,True,False,False,S216442127,,US-TX
acowoo,Acorn Woodpecker,Melanerpes formicivorus,L787380,Big Bend NP--Lost Mine Trail,2025-03-03 09:29,2.0,29.2712542,-103.2811965,True,False,False,S216483149,,US-TX
hutvir,Hutton's Vireo,Vireo huttoni,L787380,Big Bend NP--Lost Mine Trail,2025-03-03 09:29,2.0,29.2712542,-103.2811965,True,False,False,S216483149,,US-TX
gamqua,Gambel's Quail,Callipepla gambelii,L15947949,Terrace Hill Apartments,2025-03-03 09:27,1.0,31.7891254,-106.5117605,True,False,True,S216451640,,US-TX
bnhnut,Brown-headed Nuthatch,Sitta pusilla,L247020,Kleb Woods Nature Preserve (UTC 098),2025-03-03 09:19,3.0,30.0720853,-95.7398187,True,False,False,S216461645,,US-TX
kinrai4,King Rail,Rallus elegans,L374001,Tiocano Lake (LTC 017),2025-03-03 09:19,1.0,26.2116649,-97.8146911,True,True,False,S216442147,,US-TX
bushti,Bushtit,Psaltriparus minimus,L4753011,Big Bend NP--Chisos Basin Loop area,2025-03-03 09:19,1.0,29.2754569,-103.3053339,True,False,False,S216501111,,US-TX
rehwoo,Red-headed Woodpecker,Melanerpes erythrocephalus,L247020,Kleb Woods Nature Preserve (UTC 098),2025-03-03 09:19,2.0,30.0720853,-95.7398187,True,False,False,S216461645,,US-TX
cacgoo1,Cackling Goose,Branta hutchinsii,L282986,Maxey Park (PHP 030),2025-03-03 09:13,9.0,33.5702868,-101.9019926,True,False,False,S216453761,,US-TX
yelwar,Yellow Warbler,Setophaga petechia,L770565,South Padre Is.--Birding and Nature Center,2025-03-03 09:12,1.0,26.1374628,-97.1739367,True,True,False,S216450565,,US-TX
hooori,Hooded Oriole,Icterus cucullatus,L7071934,Bentsen-Rio Grande Valley SP--Green Jay Blind,2025-03-03 09:08,1.0,26.176812,-98.389983,True,False,False,S216502548,,US-TX
whimbr,Whimbrel,Numenius phaeopus,L1756412,Redfish Point (Copano Bay),2025-03-03 09:00,4.0,28.1167359,-97.0424999,True,False,False,S216436051,,US-TX
recwoo,Red-cockaded Woodpecker,Dryobates borealis,L129118,W.G. Jones State Forest (UTC 036),2025-03-03 08:54,2.0,30.235563,-95.4852676,True,False,False,S216450737,,US-TX
haiwoo,Hairy Woodpecker,Dryobates villosus,L40818683,"Caddo Lake State Park, Karnack US-TX 32.69374, -94.17503",2025-03-03 08:50,1.0,32.693743,-94.175029,True,False,True,S216458076,,US-TX
seaspa,Seaside Sparrow,Ammospiza maritima,L282666,Magic Ridge (CTC-032),2025-03-03 08:45,2.0,28.5411756,-96.5206432,True,False,False,S216495609,,US-TX
monqua,Montezuma Quail,Cyrtonyx montezumae,L18976002,Davis Mtns SP--Interpretive Center,2025-03-03 08:43,6.0,30.5956658,-103.9304521,True,False,False,S216438475,,US-TX
rensap,Red-naped Sapsucker,Sphyrapicus nuchalis,L18976002,Davis Mtns SP--Interpretive Center,2025-03-03 08:43,1.0,30.5956658,-103.9304521,True,False,False,S216438475,,US-TX
bkcspa,Black-chinned Sparrow,Spizella atrogularis,L807645,Cibolo Creek Ranch (Presidio Co.),2025-03-03 08:33,2.0,29.8624649,-104.33424,True,False,False,S216470750,,US-TX
clcspa,Clay-colored Sparrow,Spizella pallida,L807645,Cibolo Creek Ranch (Presidio Co.),2025-03-03 08:33,1.0,29.8624649,-104.33424,True,False,False,S216470750,,US-TX
zothaw,Zone-tailed Hawk,Buteo albonotatus,L40827531,Quemado North,2025-03-03 08:31,,29.049305,-100.661413,True,False,True,S216504052,,US-TX
chirav,Chihuahuan Raven,Corvus cryptoleucus,L40827531,Quemado North,2025-03-03 08:31,,29.049305,-100.661413,True,False,True,S216504052,,US-TX
paibun,Painted Bunting,Passerina ciris,L1911675,"Pearland, TX  yard",2025-03-03 08:30,1.0,29.538366,-95.2564323,True,False,True,S216472372,,US-TX
brthum,Broad-tailed Hummingbird,Selasphorus platycercus,L635556,3115 Norris Dr,2025-03-03 08:28,1.0,29.6873514,-95.426487,True,False,True,S216429384,,US-TX
mutswa,Mute Swan,Cygnus olor,L1939579,Lake Windcrest Golf Course,2025-03-03 08:12,2.0,30.2190994,-95.6061816,True,False,True,S216468736,X,US-TX
recpar,Red-crowned Amazon,Amazona viridigenalis,L1673682,CC: San Benito- Resaca Shores yard,2025-03-03 08:10,3.0,26.1519982,-97.6257509,True,False,True,S216426542,N,US-TX
lazbun,Lazuli Bunting,Passerina amoena,L249889,Edinburg Scenic Wetlands WBC (LTC 061),2025-03-03 08:10,1.0,26.2905822,-98.1351909,True,True,False,S216471772,,US-TX
easowl1,Eastern Screech-Owl,Megascops asio,L259855,Estero Llano Grande SP WBC (LTC 054),2025-03-03 08:00,1.0,26.1268335,-97.9578167,True,False,False,S216459741,,US-TX
yehbla,Yellow-headed Blackbird,Xanthocephalus xanthocephalus,L40816738,"Balmorhea State Park, Balmorhea US-TX 30.94463, -103.78553",2025-03-03 07:54,1.0,30.944632,-103.785531,True,False,True,S216448565,,US-TX
amgplo,American Golden-Plover,Pluvialis dominica,L5063962,South Padre Is.--County Park mudflats N. of Conv Ctr.,2025-03-03 07:45,4.0,26.1440832,-97.1757324,True,False,False,S216444268,,US-TX
cliswa,Cliff Swallow,Petrochelidon pyrrhonota,L169375,Inks Lake SP (HOTE 021),2025-03-03 07:41,10.0,30.7431179,-98.368218,True,False,False,S216468239,,US-TX
annhum,Anna's Hummingbird,Calypte anna,L21872258,Pine Ridge Way,2025-03-03 07:35,1.0,31.868802,-106.5420764,True,False,True,S216434738,,US-TX
x00449,Altamira x Audubon's Oriole (hybrid),Icterus gularis x graduacauda,L128890,Bentsen-Rio Grande Val. SP WBC (Mission) (LTC 069),2025-03-03 07:33,1.0,26.1849709,-98.3793885,True,True,False,S216467614,,US-TX
norpar,Northern Parula,Setophaga americana,L129065,Resaca de la Palma SP WBC (Brownsville) (LTC 048),2025-03-03 07:27,1.0,25.9965839,-97.5690513,True,False,False,S216454120,,US-TX
tropar,Tropical Parula,Setophaga pitiayumi,L129065,Resaca de la Palma SP WBC (Brownsville) (LTC 048),2025-03-03 07:27,2.0,25.9965839,-97.5690513,True,True,False,S216454120,,US-TX
moublu,Mountain Bluebird,Sialia currucoides,L29116517,"Garza County, Texas, Lake Alan Henry Wildlife Mitigation Area",2025-03-03 07:20,47.0,33.0705994,-101.0434736,True,False,True,S216467940,,US-TX
chwwid,Chuck-will's-widow,Antrostomus carolinensis,L129098,High Island--Smith Oaks Sanctuary (UTC 052),2025-03-03 07:10,1.0,29.573681,-94.3898535,True,True,False,S216429473,,US-TX
robgro,Rose-breasted Grosbeak,Pheucticus ludovicianus,L4603374,Saintsgirl,2025-03-03 07:10,1.0,25.9375635,-97.5161371,True,True,True,S216419032,,US-TX
leafly,Least Flycatcher,Empidonax minimus,L128890,Bentsen-Rio Grande Val. SP WBC (Mission) (LTC 069),2025-03-03 07:07,1.0,26.1849709,-98.3793885,True,False,False,S216477336,,US-TX
mexduc,Mexican Duck,Anas diazi,L797450,Ascarate Park/Lake,2025-03-03 06:46,2.0,31.7532135,-106.4023923,True,False,False,S216431932,,US-TX
lesnig,Lesser Nighthawk,Chordeiles acutipennis,L11838284,Bentsen-Rio Grande Valley SP—Primitive Camping Area,2025-03-03 05:10,2.0,26.1774664,-98.3836279,True,False,False,S216407649,,US-TX
brnowl,American Barn Owl,Tyto furcata,L128987,High Island (UTC 051),2025-03-02 23:00,1.0,29.565224,-94.3963361,True,False,False,S216378043,,US-TX
phaino,Phainopepla,Phainopepla nitens,L18976002,Davis Mtns SP--Interpretive Center,2025-03-02 17:50,2.0,30.5956658,-103.9304521,True,False,False,S216372524,,US-TX
yetwar,Yellow-throated Warbler,Setophaga dominica,L22112976,Private Residence,2025-03-02 17:49,1.0,29.684217,-95.531497,True,False,True,S216357105,,US-TX
caskin,Cassin's Kingbird,Tyrannus vociferans,L39451473,San Marcos Toyota (stakeout winter Tyrannid roost),2025-03-02 17:46,2.0,29.8162499,-97.9974706,True,True,False,S216359168,,US-TX
wesgre,Western Grebe,Aechmophorus occidentalis,L6789271,"Hillside Helium rd. Playa, Amarillo",2025-03-02 17:22,1.0,35.1416989,-101.9561847,True,False,False,S216355182,,US-TX
fuwduc,Fulvous Whistling-Duck,Dendrocygna bicolor,L40799044,"2601 8 Mile Rd, Galveston US-TX 29.25160, -94.89195",2025-03-02 17:13,1.0,29.251597,-94.891955,True,False,True,S216354111,,US-TX
whfpar1,White-fronted Amazon,Amazona albifrons,L1918641,"Oliveira Park, Brownsville",2025-03-02 17:04,30.0,25.9374284,-97.52159,True,False,False,S216362823,P,US-TX
clagre,Clark's Grebe,Aechmophorus clarkii,L128968,McNary Reservoir (RESTRICTED ACCESS – PERMIT HOLDERS ONLY – NO TRESPASSING),2025-03-02 16:49,10.0,31.2248324,-105.7917064,True,False,False,S216358072,,US-TX
commer,Common Merganser,Mergus merganser,L128968,McNary Reservoir (RESTRICTED ACCESS – PERMIT HOLDERS ONLY – NO TRESPASSING),2025-03-02 16:49,3.0,31.2248324,-105.7917064,True,False,False,S216358072,,US-TX
sheowl,Short-eared Owl,Asio flammeus,L18039017,Ellis Co.—Cut-off Road,2025-03-02 16:41,1.0,32.4030605,-96.4568467,True,False,False,S216346822,,US-TX
gragoo,Graylag Goose,Anser anser,L128990,Hermann Park,2025-03-02 15:33,1.0,29.7168676,-95.3921521,True,False,False,S216345499,X,US-TX
gloibi,Glossy Ibis,Plegadis falcinellus,L1896322,Anahuac NWR--Shoveler Pond Loop,2025-03-02 15:00,,29.6138335,-94.5452351,True,False,False,S216348935,,US-TX
virrai,Virginia Rail,Rallus limicola,L1343025,Springfield Park (Dallas Co.),2025-03-02 14:07,1.0,32.9141453,-96.5901067,True,False,False,S216328950,,US-TX
chclon,Chestnut-collared Longspur,Calcarius ornatus,L40790526,"12330–12346 Fort McKavett Rd, San Angelo US-TX (31.3131,-100.1435)",2025-03-02 13:46,1.0,31.313055,-100.143545,True,False,True,S216314501,,US-TX
btywar,Black-throated Gray Warbler,Setophaga nigrescens,L40789395,"1521 Tierra Bella Street, Weslaco, Texas, US (26.121, -98.006)",2025-03-02 13:23,,26.1206263,-98.0058331,True,False,True,S216309567,,US-TX
lotduc,Long-tailed Duck,Clangula hyemalis,L39892521,Silverado Quarry Pond,2025-03-02 13:01,1.0,33.25618,-96.95419,True,True,False,S216318028,,US-TX
rusbla,Rusty Blackbird,Euphagus carolinus,L477925,Lake Pat Cleburne--Buddy Stewart Park,2025-03-02 12:45,4.0,32.3284641,-97.4483013,True,False,False,S216310908,,US-TX
aplfal,Aplomado Falcon,Falco femoralis,L3322724,Cameron Co.--TX100--Aplomado Viewing Area,2025-03-02 12:37,1.0,26.0913939,-97.3272438,True,False,False,S216361305,,US-TX
yehcar1,Yellow-headed Caracara,Daptrius chimachima,L4003125,Galveston--Schreiber Park,2025-03-02 12:31,1.0,29.2599904,-94.8477688,True,True,False,S216299667,X,US-TX
lecspa,LeConte's Sparrow,Ammospiza leconteii,L698067,Mustang Isl.- TX361 area S. of Port A. & N. of State Park,2025-03-02 12:07,1.0,27.7551777,-97.1208572,True,False,False,S216454381,,US-TX
berhum,Berylline Hummingbird,Saucerottia beryllina,L40738346,"El Paso-404 Kenyon Joyce Lane, El Paso, Texas, US (31.801, -106.504)",2025-03-02 12:07,1.0,31.8014942,-106.5037109,True,True,True,S216305468,,US-TX
wilplo,Wilson's Plover,Anarhynchus wilsonia,L248017,Bolivar Flats Shorebird Sanctuary,2025-03-02 12:01,2.0,29.3711371,-94.7287083,True,False,False,S216313747,,US-TX
gnttow,Green-tailed Towhee,Pipilo chlorurus,L2593129,Lower Rio Grande Valley NWR--Yturria Tract,2025-03-02 11:42,1.0,26.2680954,-98.5357557,True,True,False,S216292379,,US-TX
sagspa1,Sagebrush Sparrow,Artemisiospiza nevadensis,L128971,Fred Hervey WTP (FWTX 4),2025-03-02 11:24,1.0,31.9493008,-106.3423004,True,False,False,S216337298,,US-TX
bulori,Bullock's Oriole,Icterus bullockii,L336009,National Butterfly Center--General & area North of Levee,2025-03-02 11:22,1.0,26.1796025,-98.3664483,True,True,False,S216313807,,US-TX
x00776,Graylag x Swan Goose (hybrid),Anser anser x cygnoides,L12979881,"Shady Grove Park, Azle",2025-03-02 10:03,1.0,32.9084444,-97.5300556,True,False,False,S216271948,X,US-TX
gryfly,Gray Flycatcher,Empidonax wrightii,L40801343,"Daniels Ranch Road, Big Bend National Park, Texas, US (29.186, -102.972)",2025-03-02 09:42,1.0,29.1862056,-102.9722738,True,False,True,S216366363,,US-TX
crithr,Crissal Thrasher,Toxostoma crissale,L40801343,"Daniels Ranch Road, Big Bend National Park, Texas, US (29.186, -102.972)",2025-03-02 09:42,1.0,29.1862056,-102.9722738,True,False,True,S216366363,,US-TX
mouplo,Mountain Plover,Anarhynchus montanus,L40781656,"County Road 4304, Edinburg, Texas, US (26.489, -98.435)",2025-03-02 09:35,45.0,26.4886597,-98.4354757,True,True,True,S216269941,,US-TX
y00478,Iceland Gull,Larus glaucoides,L129107,Texas City Dike (UTC 074),2025-03-02 09:31,1.0,29.3838952,-94.867115,True,True,False,S216269757,,US-TX
ferhaw,Ferruginous Hawk,Buteo regalis,L262264,"Canyon Lake 6, Lubbock (PHP 025)",2025-03-02 09:20,1.0,33.5676571,-101.8033202,True,False,False,S216356284,,US-TX
horgre,Horned Grebe,Podiceps auritus,L4257960,Lebanon Lake,2025-03-02 08:40,1.0,33.1263814,-96.8969196,True,False,False,S216243525,,US-TX
palwar,Palm Warbler,Setophaga palmarum,L129094,Sheldon Lake SP (UTC 033),2025-03-02 08:10,1.0,29.857,-95.164,True,False,False,S216373332,,US-TX
redkno,Red Knot,Calidris canutus,L1340108,Bolivar Flats Shorebird Sanctuary--17th Str. Jetty,2025-03-02 07:55,2.0,29.3681375,-94.7474419,True,False,False,S216358567,,US-TX
yehpar,Yellow-headed Amazon,Amazona oratrix,L1673682,CC: San Benito- Resaca Shores yard,2025-03-02 07:50,1.0,26.1519982,-97.6257509,True,False,True,S216223471,X,US-TX
ovenbi1,Ovenbird,Seiurus aurocapilla,L2392487,Laguna Vista Nature Trail,2025-03-02 07:42,1.0,26.1009454,-97.29914,True,False,False,S216336467,,US-TX
grpchi,Greater Prairie-Chicken,Tympanuchus cupido,L260784,Attwater Prairie Chicken NWR (CTC 004),2025-03-02 07:07,3.0,29.671349,-96.2737083,True,False,False,S216448171,,US-TX
rotbec,Rose-throated Becard,Pachyramphus aglaiae,L129086,Santa Margarita Ranch (LTC 079) (restricted access - guided groups only),2025-03-02 06:57,2.0,26.4856177,-99.0912337,True,True,False,S216317700,,US-TX
hobkit,Hook-billed Kite,Chondrohierax uncinatus,L129086,Santa Margarita Ranch (LTC 079) (restricted access - guided groups only),2025-03-02 06:57,1.0,26.4856177,-99.0912337,True,True,False,S216317700,,US-TX
x00922,Mexican x Mottled Duck (hybrid),Anas diazi x fulvigula,L129086,Santa Margarita Ranch (LTC 079) (restricted access - guided groups only),2025-03-02 06:57,2.0,26.4856177,-99.0912337,True,False,False,S216317700,,US-TX
brnjay,Brown Jay,Cyanocorax morio,L129086,Santa Margarita Ranch (LTC 079) (restricted access - guided groups only),2025-03-02 06:57,7.0,26.4856177,-99.0912337,True,True,False,S216317700,,US-TX
magwar,Magnolia Warbler,Setophaga magnolia,L129005,Laguna Atascosa NWR (LTC 024),2025-03-01 18:31,1.0,26.2295776,-97.3466982,True,True,False,S216137987,,US-TX
relpar,Red-lored Amazon,Amazona autumnalis,L1918641,"Oliveira Park, Brownsville",2025-03-01 18:19,1.0,25.9374284,-97.52159,True,False,False,S216140923,P,US-TX
motowl,Mottled Owl,Strix virgata,L129086,Santa Margarita Ranch (LTC 079) (restricted access - guided groups only),2025-03-01 17:15,1.0,26.4856177,-99.0912337,True,True,False,S216156854,,US-TX
redjun,Red Junglefowl,Gallus gallus,L3332127,Alamo Inn,2025-03-01 17:10,1.0,26.1821828,-98.1182098,True,True,False,S216136267,X,US-TX
smilon,Smith's Longspur,Calcarius pictus,L260457,Lake Tawakoni--Rains Co. beach & CR1480 (restricted access),2025-03-01 16:21,6.0,32.8530912,-95.8913876,True,True,False,S216135137,,US-TX
westan,Western Tanager,Piranga ludoviciana,L1911675,"Pearland, TX  yard",2025-03-01 15:21,1.0,29.538366,-95.2564323,True,True,True,S216131499,,US-TX
balori,Baltimore Oriole,Icterus galbula,L1911675,"Pearland, TX  yard",2025-03-01 15:21,1.0,29.538366,-95.2564323,True,True,True,S216131499,,US-TX
rinphe1,Ring-necked Pheasant,Phasianus colchicus,L1864428,Plainview Apartments Playa,2025-03-01 14:43,1.0,34.199019,-101.7320408,True,False,False,S216111130,N,US-TX
mcclon,Thick-billed Longspur,Rhynchophanes mccownii,L16291758,I-27/ CR 275 Playa,2025-03-01 12:54,,33.919755,-101.855659,True,False,True,S216087255,,US-TX
btnwar,Black-throated Green Warbler,Setophaga virens,L129070,Sabal Palm Sanctuary (LTC 042),2025-03-01 12:06,2.0,25.85233,-97.4176839,True,False,False,S216085023,,US-TX
henspa,Henslow's Sparrow,Centronyx henslowii,L39087986,201 BDY LN,2025-03-01 12:00,1.0,30.5008237,-95.2086523,True,False,True,S216151393,,US-TX
x00422,Mallard x Mottled Duck (hybrid),Anas platyrhynchos x fulvigula,L249889,Edinburg Scenic Wetlands WBC (LTC 061),2025-03-01 11:58,2.0,26.2905822,-98.1351909,True,False,False,S216107717,,US-TX
allhum,Allen's Hummingbird,Selasphorus sasin,L21171314,Lake Rhapsody House/Creek,2025-03-01 11:30,1.0,27.673396,-97.351384,True,True,True,S216095063,,US-TX
dickci,Dickcissel,Spiza americana,L129092,Galveston--Settegast Rd. (UTC 067),2025-03-01 10:30,1.0,29.2233618,-94.9262028,True,True,False,S216127912,,US-TX
whtswi,White-throated Swift,Aeronautes saxatalis,L40738346,"El Paso-404 Kenyon Joyce Lane, El Paso, Texas, US (31.801, -106.504)",2025-03-01 09:24,2.0,31.8014942,-106.5037109,True,False,True,S216059996,,US-TX
goleag,Golden Eagle,Aquila chrysaetos,L1002471,"Warnock Park Picnic Area, Pecos Co.",2025-03-01 09:16,1.0,30.4823082,-102.9316297,True,False,False,S216070624,,US-TX
louwat,Louisiana Waterthrush,Parkesia motacilla,L158397,Sabine Woods (UTC 026),2025-03-01 08:51,1.0,29.6984073,-93.9481795,True,False,False,S216088163,,US-TX
pacloo,Pacific Loon,Gavia pacifica,L4473219,Galveston Fishing Pier,2025-03-01 08:20,1.0,29.2505668,-94.8531916,True,False,False,S216348088,,US-TX
grbani,Groove-billed Ani,Crotophaga sulcirostris,L613081,Bentsen-Rio Grande Val. SP--Hawk Watch,2025-03-01 08:00,1.0,26.1690952,-98.3805352,True,False,False,S216115770,,US-TX
vigswa,Violet-green Swallow,Tachycineta thalassina,L1052368,Big Bend NP--Daniels Ranch Rd.,2025-03-01 07:25,2.0,29.1839794,-102.9645274,True,False,False,S216098384,,US-TX
litgul,Little Gull,Hydrocoloeus minutus,L303269,Port Aransas Jetty (CTC 058),2025-03-01 07:05,1.0,27.8348271,-97.046015,True,True,False,S216078223,,US-TX
bkhgro,Black-headed Grosbeak,Pheucticus melanocephalus,L5232277,Laredo--Rio Grande railroad bridge area,2025-03-01 06:47,1.0,27.49874,-99.51646,True,False,False,S216025544,,US-TX
norgan,Northern Gannet,Morus bassanus,L36604531,Ranzells,2025-03-01 06:42,4.0,27.177073,-96.899521,True,False,True,S216412789,,US-TX
wesowl1,Western Screech-Owl,Megascops kennicottii,L4308022,DMR property,2025-02-28 19:20,1.0,30.6005002,-104.0565562,True,False,True,S215964972,,US-TX
blksco2,Black Scoter,Melanitta americana,L3120335,Swantner Park,2025-02-28 16:07,7.0,27.7278682,-97.3498374,True,True,False,S215920825,,US-TX
laplon,Lapland Longspur,Calcarius lapponicus,L18393698,"SH-317 Spur, Del Rio US-TX (29.3429,-100.8219)",2025-02-28 14:32,1.0,29.342902,-100.821904,True,True,True,S215916754,,US-TX
bkhpar,Nanday Parakeet,Aratinga nenday,L40734734,Nanday,2025-02-28 11:28,1.0,29.2736085,-94.8351259,True,True,True,S216043444,X,US-TX
x00679,Redhead x Ring-necked Duck (hybrid),Aythya americana x collaris,L10265379,Nacogdoches WTP,2025-02-28 10:42,1.0,31.5606236,-94.6494967,True,True,False,S215861667,,US-TX
bacspa,Bachman's Sparrow,Peucaea aestivalis,L40697183,FM-114 Sabine National Forest,2025-02-28 10:14,5.0,31.249226,-93.91919,True,False,True,S215857401,,US-TX
baisan,Baird's Sandpiper,Calidris bairdii,L276835,LRGV NWR--La Sal del Rey (LTC 005),2025-02-28 09:53,1.0,26.5305713,-98.0540943,True,True,False,S215865907,,US-TX
grepew,Greater Pewee,Contopus pertinax,L1263591,Laredo- North Central Park,2025-02-28 08:59,1.0,27.6001374,-99.4713843,True,True,False,S216104195,,US-TX
swahaw,Swainson's Hawk,Buteo swainsoni,L40692059,"30762–30780 FM-2920, Waller US-TX 30.06556, -95.90271",2025-02-28 08:16,1.0,30.06556,-95.90271,True,True,True,S215834308,,US-TX
nobtyr,Northern Beardless-Tyrannulet,Camptostoma imberbe,L391117,Old Hidalgo Pumphouse (WBC) (LTC067),2025-02-28 07:50,1.0,26.0972624,-98.261892,True,False,False,S215854216,,US-TX
compea,Indian Peafowl,Pavo cristatus,L21636963,Peculiar Nest Airbnb (restricted access),2025-02-28 07:08,9.0,26.180693,-98.272806,True,True,False,S215849178,X,US-TX
licpar,Lilac-crowned Amazon,Amazona finschi,L1918641,"Oliveira Park, Brownsville",2025-02-27 18:28,1.0,25.9374284,-97.52159,True,False,False,S215765240,P,US-TX
mewgul2,Short-billed Gull,Larus brachyrhynchus,L607561,Grapevine Lake--Meadowmere Pk (Tarrant Co. portion),2025-02-27 12:26,1.0,32.9792562,-97.118969,True,True,False,S215767700,,US-TX
rubrob,Rufous-backed Robin,Turdus rufopalliatus,L7945206,South Llano River SP--Lora’s Bird Blind,2025-02-27 11:20,1.0,30.4394455,-99.8107186,True,True,False,S215717063,,US-TX
purgal2,Purple Gallinule,Porphyrio martinica,L224113,"Cullinan Park, Sugar Land (UTC 095)",2025-02-27 08:05,1.0,29.6355459,-95.6603193,True,True,False,S215699019,,US-TX
manduc,Mandarin Duck,Aix galericulata,L40651356,Mag Creek Pond,2025-02-26 17:00,2.0,29.4809649,-95.1400007,True,True,True,S215608566,X,US-TX
cockat,Cockatiel,Nymphicus hollandicus,L685611,Country Brook Park & Pond (Collin Co.),2025-02-26 14:10,1.0,32.9999899,-96.8349123,True,True,False,S216054203,X,US-TX
tenwar,Tennessee Warbler,Leiothlypis peregrina,L2392487,Laguna Vista Nature Trail,2025-02-26 14:00,1.0,26.1009454,-97.29914,True,True,False,S215581648,,US-TX
whwsco2,White-winged Scoter,Melanitta deglandi,L607561,Grapevine Lake--Meadowmere Pk (Tarrant Co. portion),2025-02-26 12:45,1.0,32.9792562,-97.118969,True,True,False,S215755856,,US-TX
sursco,Surf Scoter,Melanitta perspicillata,L3120335,Swantner Park,2025-02-26 12:00,2.0,27.7278682,-97.3498374,True,True,False,S215562761,,US-TX
mouchi,Mountain Chickadee,Poecile gambeli,L6293015,Guadalupe Mts. NP--Guadalupe Peak Trail,2025-02-26 07:58,3.0,31.8924706,-104.8527391,True,False,False,S215600716,,US-TX
stejay,Steller's Jay,Cyanocitta stelleri,L6293015,Guadalupe Mts. NP--Guadalupe Peak Trail,2025-02-26 07:58,2.0,31.8924706,-104.8527391,True,False,False,S215600716,,US-TX
calhum,Calliope Hummingbird,Selasphorus calliope,L13891711,"3410 Cedar Dr, Dickinson US-TX 29.46152, -95.06441",2025-02-26 07:40,1.0,29.461524,-95.064409,True,True,True,S215526412,,US-TX
camwar,Cape May Warbler,Setophaga tigrina,L273764,Hugh Ramsey Park (Harlingen Arroyo Colorado) WBC (LTC 026),2025-02-25 19:54,1.0,26.1857402,-97.6641657,True,True,False,S215463973,,US-TX
rudshe,Ruddy Shelduck,Tadorna ferruginea,L18250825,"P Pad, Sadler US-TX (33.7320,-96.7756)",2025-02-25 16:44,6.0,33.731995,-96.775636,True,True,True,S215444651,X,US-TX
brnboo,Brown Booby,Sula leucogaster,L40619273,"Ocean Dr, Corpus Christi US-TX 27.70862, -97.30275",2025-02-25 15:54,1.0,27.708624,-97.302752,True,False,True,S215433726,,US-TX
leabit,Least Bittern,Botaurus exilis,L2508694,Cross Creek Ranch wetlands,2025-02-25 15:31,2.0,29.6986869,-95.8764732,True,True,False,S215445834,,US-TX
x00613,Ring-necked Duck x Lesser Scaup (hybrid),Aythya collaris x affinis,L35153444,Sendera-John Day Woods,2025-02-25 14:48,1.0,33.002742,-97.368041,True,True,True,S215460550,,US-TX
mallar4,Mallard x Mexican Duck (hybrid),Anas platyrhynchos x diazi,L267806,"Guy Park, Lubbock",2025-02-25 13:50,1.0,33.5119625,-101.8964211,True,False,False,S216354024,,US-TX
glagul,Glaucous Gull,Larus hyperboreus,L40609791,"Auto selected 29.00278, -95.21973",2025-02-25 10:21,1.0,29.002783,-95.219728,True,True,True,S215383121,,US-TX
bncfly,Brown-crested Flycatcher,Myiarchus tyrannulus,L40626176,"78583, Rio Hondo US-TX 26.30164, -97.43276",2025-02-25 08:55,1.0,26.301638,-97.432763,True,True,True,S215470541,,US-TX
redcro,Red Crossbill,Loxia curvirostra,L24223766,"FS 908, Alvord, Texas, US (33.409, -97.649)",2025-02-25 07:04,1.0,33.4086947,-97.6492196,True,True,True,S215366574,,US-TX
compoo,Common Poorwill,Phalaenoptilus nuttallii,L13133740,"2400 The Low Road, San Marcos, Texas, US (29.917, -98.156)",2025-02-25 06:22,1.0,29.9166851,-98.1559591,True,True,True,S215339956,,US-TX
orcori,Orchard Oriole,Icterus spurius,L40560262,"27756–28312 Mile 5 Rd W, Edcouch US-TX 26.41929, -97.95640",2025-02-23 15:44,1.0,26.419288,-97.956401,True,True,True,S215124125,,US-TX
rolhaw,Rough-legged Hawk,Buteo lagopus,L40551300,Playa NW of Lubbock,2025-02-23 12:31,1.0,33.766336,-101.957473,True,False,True,S215083141,,US-TX
x00460,Golden-fronted x Red-bellied Woodpecker (hybrid),Melanerpes aurifrons x carolinus,L486383,Commons Ford Ranch Metro Park,2025-02-23 10:18,1.0,30.3373826,-97.8930759,True,True,False,S215067433,,US-TX
scoori,Scott's Oriole,Icterus parisorum,L952366,Bexar Co.--Hardy/Mathis Rd. (E. of I-37),2025-02-23 09:55,1.0,29.1352193,-98.4127378,True,True,False,S215086413,,US-TX
pomjae,Pomarine Jaeger,Stercorarius pomarinus,L303269,Port Aransas Jetty (CTC 058),2025-02-22 07:57,1.0,27.8348271,-97.046015,True,True,False,S214831044,,US-TX
prowar,Prothonotary Warbler,Protonotaria citrea,L209996,High Island--Eubanks Woods (UTC 053),2025-02-20 17:01,1.0,29.5664803,-94.3905334,True,True,False,S214600826,,US-TX
wilsap,Williamson's Sapsucker,Sphyrapicus thyroideus,L40130041,"772 Lakeshore Dr, El Paso US-TX (31.8514,-106.6165)",2025-02-20 12:00,1.0,31.851371,-106.616533,True,True,True,S214577347,,US-TX
wilpha,Wilson's Phalarope,Phalaropus tricolor,L128874,Anahuac NWR (UTC 049),2025-02-20 10:30,1.0,29.6148414,-94.5344353,True,False,False,S214616636,,US-TX
casfin,Cassin's Finch,Haemorhous cassinii,L128950,Davis Mountains  SP (FWTX 23),2025-02-20 08:31,1.0,30.5962706,-103.9347249,True,False,False,S214573361,,US-TX
x00655,Bufflehead x Common Goldeneye (hybrid),Bucephala albeola x clangula,L17689229,"Tri City Beach Rd., Baytown",2025-02-20 07:24,1.0,29.7004726,-94.9423533,True,True,True,S214516111,,US-TX
towsol,Townsend's Solitaire,Myadestes townsendi,L128950,Davis Mountains  SP (FWTX 23),2025-02-18 17:25,1.0,30.5962706,-103.9347249,True,False,False,S214405962,,US-TX
calgul,California Gull,Larus californicus,L268213,Lake Ransom Canyon and Chapel Garden,2025-02-18 09:10,1.0,33.5304843,-101.6825438,True,True,False,S214285745,,US-TX
