speciesCode,comName,sciName,locId,locName,obsDt,howMany,lat,lng,obsValid,obsReviewed,locationPrivate,subId,exoticCategory,region
normoc,Northern Mockingbird,Mimus polyglottos,L127421,Greynolds Park,2025-03-03 18:51,2.0,25.9419,-80.1543,True,False,False,S216513515,,US-FL
brdowl,Barred Owl,Strix varia,L40772902,Walking Path,2025-03-03 18:45,1.0,28.180967,-81.621238,True,False,True,S216513102,,US-FL
sancra,Sandhill Crane,Antigone canadensis,L40772902,Walking Path,2025-03-03 18:45,3.0,28.180967,-81.621238,True,False,True,S216513102,,US-FL
anhing,Anhinga,Anhinga anhinga,L40772902,Walking Path,2025-03-03 18:45,1.0,28.180967,-81.621238,True,False,True,S216513102,,US-FL
wooduc,Wood Duck,Aix sponsa,L1951771,1 My Home in The Shores,2025-03-03 18:37,4.0,26.9556753,-80.1283711,True,False,True,S216513577,,US-FL
norcar,Northern Cardinal,Cardinalis cardinalis,L1951771,1 My Home in The Shores,2025-03-03 18:37,1.0,26.9556753,-80.1283711,True,False,True,S216513577,,US-FL
easwpw1,Eastern Whip-poor-will,Antrostomus vociferus,L1951771,1 My Home in The Shores,2025-03-03 18:37,1.0,26.9556753,-80.1283711,True,False,True,S216513577,,US-FL
moudov,Mourning Dove,Zenaida macroura,L463470,Lake Louisa SP,2025-03-03 18:30,3.0,28.4486758,-81.7281961,True,False,False,S216511695,,US-FL
libher,Little Blue Heron,Egretta caerulea,L463470,Lake Louisa SP,2025-03-03 18:30,1.0,28.4486758,-81.7281961,True,False,False,S216511695,,US-FL
cogdov,Common Ground Dove,Columbina passerina,L463470,Lake Louisa SP,2025-03-03 18:30,2.0,28.4486758,-81.7281961,True,False,False,S216511695,,US-FL
grbher3,Great Blue Heron,Ardea herodias,L463470,Lake Louisa SP,2025-03-03 18:30,1.0,28.4486758,-81.7281961,True,False,False,S216511695,,US-FL
reshaw,Red-shouldered Hawk,Buteo lineatus,L463470,Lake Louisa SP,2025-03-03 18:30,2.0,28.4486758,-81.7281961,True,False,False,S216511695,,US-FL
buggna,Blue-gray Gnatcatcher,Polioptila caerulea,L463470,Lake Louisa SP,2025-03-03 18:30,10.0,28.4486758,-81.7281961,True,False,False,S216511695,,US-FL
ruckin,Ruby-crowned Kinglet,Corthylio calendula,L463470,Lake Louisa SP,2025-03-03 18:30,3.0,28.4486758,-81.7281961,True,False,False,S216511695,,US-FL
amekes,American Kestrel,Falco sparverius,L463470,Lake Louisa SP,2025-03-03 18:30,1.0,28.4486758,-81.7281961,True,False,False,S216511695,,US-FL
yebsap,Yellow-bellied Sapsucker,Sphyrapicus varius,L463470,Lake Louisa SP,2025-03-03 18:30,3.0,28.4486758,-81.7281961,True,False,False,S216511695,,US-FL
amerob,American Robin,Turdus migratorius,L463470,Lake Louisa SP,2025-03-03 18:30,1.0,28.4486758,-81.7281961,True,False,False,S216511695,,US-FL
dowwoo,Downy Woodpecker,Dryobates pubescens,L463470,Lake Louisa SP,2025-03-03 18:30,2.0,28.4486758,-81.7281961,True,False,False,S216511695,,US-FL
grycat,Gray Catbird,Dumetella carolinensis,L463470,Lake Louisa SP,2025-03-03 18:30,5.0,28.4486758,-81.7281961,True,False,False,S216511695,,US-FL
pilwoo,Pileated Woodpecker,Dryocopus pileatus,L463470,Lake Louisa SP,2025-03-03 18:30,1.0,28.4486758,-81.7281961,True,False,False,S216511695,,US-FL
easpho,Eastern Phoebe,Sayornis phoebe,L463470,Lake Louisa SP,2025-03-03 18:30,5.0,28.4486758,-81.7281961,True,False,False,S216511695,,US-FL
whevir,White-eyed Vireo,Vireo griseus,L463470,Lake Louisa SP,2025-03-03 18:30,3.0,28.4486758,-81.7281961,True,False,False,S216511695,,US-FL
pinwar,Pine Warbler,Setophaga pinus,L463470,Lake Louisa SP,2025-03-03 18:30,2.0,28.4486758,-81.7281961,True,False,False,S216511695,,US-FL
turvul,Turkey Vulture,Cathartes aura,L463470,Lake Louisa SP,2025-03-03 18:30,3.0,28.4486758,-81.7281961,True,False,False,S216511695,,US-FL
tuftit,Tufted Titmouse,Baeolophus bicolor,L463470,Lake Louisa SP,2025-03-03 18:30,3.0,28.4486758,-81.7281961,True,False,False,S216511695,,US-FL
brnthr,Brown Thrasher,Toxostoma rufum,L463470,Lake Louisa SP,2025-03-03 18:30,2.0,28.4486758,-81.7281961,True,False,False,S216511695,,US-FL
treswa,Tree Swallow,Tachycineta bicolor,L463470,Lake Louisa SP,2025-03-03 18:30,5.0,28.4486758,-81.7281961,True,False,False,S216511695,,US-FL
rewbla,Red-winged Blackbird,Agelaius phoeniceus,L463470,Lake Louisa SP,2025-03-03 18:30,3.0,28.4486758,-81.7281961,True,False,False,S216511695,,US-FL
rebwoo,Red-bellied Woodpecker,Melanerpes carolinus,L463470,Lake Louisa SP,2025-03-03 18:30,7.0,28.4486758,-81.7281961,True,False,False,S216511695,,US-FL
yetwar,Yellow-throated Warbler,Setophaga dominica,L463470,Lake Louisa SP,2025-03-03 18:30,2.0,28.4486758,-81.7281961,True,False,False,S216511695,,US-FL
comgra,Common Grackle,Quiscalus quiscula,L463470,Lake Louisa SP,2025-03-03 18:30,1.0,28.4486758,-81.7281961,True,False,False,S216511695,,US-FL
comyel,Common Yellowthroat,Geothlypis trichas,L463470,Lake Louisa SP,2025-03-03 18:30,1.0,28.4486758,-81.7281961,True,False,False,S216511695,,US-FL
belkin1,Belted Kingfisher,Megaceryle alcyon,L463470,Lake Louisa SP,2025-03-03 18:30,1.0,28.4486758,-81.7281961,True,False,False,S216511695,,US-FL
norpar,Northern Parula,Setophaga americana,L463470,Lake Louisa SP,2025-03-03 18:30,10.0,28.4486758,-81.7281961,True,False,False,S216511695,,US-FL
wiltur,Wild Turkey,Meleagris gallopavo,L463470,Lake Louisa SP,2025-03-03 18:30,5.0,28.4486758,-81.7281961,True,False,False,S216511695,,US-FL
comgal1,Common Gallinule,Gallinula galeata,L463470,Lake Louisa SP,2025-03-03 18:30,1.0,28.4486758,-81.7281961,True,False,False,S216511695,,US-FL
doccor,Double-crested Cormorant,Nannopterum auritum,L463470,Lake Louisa SP,2025-03-03 18:30,1.0,28.4486758,-81.7281961,True,False,False,S216511695,,US-FL
osprey,Osprey,Pandion haliaetus,L463470,Lake Louisa SP,2025-03-03 18:30,3.0,28.4486758,-81.7281961,True,False,False,S216511695,,US-FL
palwar,Palm Warbler,Setophaga palmarum,L463470,Lake Louisa SP,2025-03-03 18:30,3.0,28.4486758,-81.7281961,True,False,False,S216511695,,US-FL
pibgre,Pied-billed Grebe,Podilymbus podiceps,L463470,Lake Louisa SP,2025-03-03 18:30,1.0,28.4486758,-81.7281961,True,False,False,S216511695,,US-FL
yerwar,Yellow-rumped Warbler,Setophaga coronata,L463470,Lake Louisa SP,2025-03-03 18:30,12.0,28.4486758,-81.7281961,True,False,False,S216511695,,US-FL
carwre,Carolina Wren,Thryothorus ludovicianus,L463470,Lake Louisa SP,2025-03-03 18:30,4.0,28.4486758,-81.7281961,True,False,False,S216511695,,US-FL
blujay,Blue Jay,Cyanocitta cristata,L463470,Lake Louisa SP,2025-03-03 18:30,2.0,28.4486758,-81.7281961,True,False,False,S216511695,,US-FL
baleag,Bald Eagle,Haliaeetus leucocephalus,L4319522,Sharon Rose Wiechens Preserve,2025-03-03 18:28,1.0,28.8451812,-81.9517422,True,False,False,S216512046,,US-FL
greegr,Great Egret,Ardea alba,L4319522,Sharon Rose Wiechens Preserve,2025-03-03 18:28,2.0,28.8451812,-81.9517422,True,False,False,S216512046,,US-FL
whiibi,White Ibis,Eudocimus albus,L2427468,Venice Fishing Pier,2025-03-03 18:26,20.0,27.0730266,-82.4509261,True,False,False,S216511122,,US-FL
chfmac1,Chestnut-fronted Macaw,Ara severus,L40828555,"Gibson Bethel Community Center, 25.70889, -80.28799",2025-03-03 18:26,4.0,25.708892,-80.287991,True,False,True,S216509826,P,US-FL
brnpel,Brown Pelican,Pelecanus occidentalis,L2427468,Venice Fishing Pier,2025-03-03 18:26,1.0,27.0730266,-82.4509261,True,False,False,S216511122,,US-FL
monpar,Monk Parakeet,Myiopsitta monachus,L40828555,"Gibson Bethel Community Center, 25.70889, -80.28799",2025-03-03 18:26,18.0,25.708892,-80.287991,True,False,True,S216509826,N,US-FL
triher,Tricolored Heron,Egretta tricolor,L2726529,Winding Waters Natural area,2025-03-03 18:24,1.0,26.773047,-80.1249647,True,False,False,S216511750,,US-FL
rosspo1,Roseate Spoonbill,Platalea ajaja,L2726529,Winding Waters Natural area,2025-03-03 18:24,1.0,26.773047,-80.1249647,True,False,False,S216511750,,US-FL
motduc,Mottled Duck,Anas fulvigula,L2726529,Winding Waters Natural area,2025-03-03 18:24,2.0,26.773047,-80.1249647,True,False,False,S216511750,,US-FL
bbwduc,Black-bellied Whistling-Duck,Dendrocygna autumnalis,L2726529,Winding Waters Natural area,2025-03-03 18:24,31.0,26.773047,-80.1249647,True,False,False,S216511750,,US-FL
limpki,Limpkin,Aramus guarauna,L2726529,Winding Waters Natural area,2025-03-03 18:24,1.0,26.773047,-80.1249647,True,False,False,S216511750,,US-FL
y00475,American Coot,Fulica americana,L2726529,Winding Waters Natural area,2025-03-03 18:24,4.0,26.773047,-80.1249647,True,False,False,S216511750,,US-FL
houspa,House Sparrow,Passer domesticus,L40828506,"11493 Southwest 40th Street, Miami, Florida, US (25.734, -80.381)",2025-03-03 18:23,3.0,25.7342475,-80.3805339,True,False,True,S216509478,N,US-FL
mallar3,Mallard,Anas platyrhynchos,L10094450,Loews Portofino,2025-03-03 18:23,18.0,28.4796768,-81.4632936,True,False,False,S216512966,,US-FL
lessca,Lesser Scaup,Aythya affinis,L10094450,Loews Portofino,2025-03-03 18:23,14.0,28.4796768,-81.4632936,True,False,False,S216512966,,US-FL
blkvul,Black Vulture,Coragyps atratus,L37422836,FL-528 near Hal Scott,2025-03-03 18:22,9.0,28.45168,-81.135731,True,False,True,S216509345,,US-FL
snoegr,Snowy Egret,Egretta thula,L40828478,"The Ritz-Carlton Orlando, Grande Lakes, Orlando US-FL 28.40246, -81.42992",2025-03-03 18:22,1.0,28.402457,-81.429924,True,False,True,S216509358,,US-FL
carchi,Carolina Chickadee,Poecile carolinensis,L16966244,Timberwood,2025-03-03 18:21,2.0,29.1530394,-82.2088896,True,False,True,S216513298,,US-FL
amecro,American Crow,Corvus brachyrhynchos,L16966244,Timberwood,2025-03-03 18:21,5.0,29.1530394,-82.2088896,True,False,True,S216513298,,US-FL
easblu,Eastern Bluebird,Sialia sialis,L16966244,Timberwood,2025-03-03 18:21,1.0,29.1530394,-82.2088896,True,False,True,S216513298,,US-FL
botgra,Boat-tailed Grackle,Quiscalus major,L21973198,Yard/Noreast Lake,2025-03-03 18:17,2.0,28.063833,-82.470028,True,False,True,S216509499,,US-FL
rinduc,Ring-necked Duck,Aythya collaris,L21973198,Yard/Noreast Lake,2025-03-03 18:17,3.0,28.063833,-82.470028,True,False,True,S216509499,,US-FL
laugul,Laughing Gull,Leucophaeus atricilla,L5197749,El Faro Memorial at Dames Point Park,2025-03-03 18:16,2.0,30.3876666,-81.5578427,True,False,False,S216508607,,US-FL
swtkit,Swallow-tailed Kite,Elanoides forficatus,L31016931,"13304 Thomasville Cir, Tampa US-FL 28.06694, -82.37851",2025-03-03 18:15,1.0,28.066944,-82.378513,True,False,True,S216509449,,US-FL
musduc,Muscovy Duck,Cairina moschata,L40828360,Hilton,2025-03-03 18:14,7.0,26.365789,-80.167567,True,False,True,S216508670,N,US-FL
grnher,Green Heron,Butorides virescens,L40828360,Hilton,2025-03-03 18:14,1.0,26.365789,-80.167567,True,False,True,S216508670,,US-FL
cangoo,Canada Goose,Branta canadensis,L40828422,"FAMU-FSU College of Engineering, Tallahassee US-FL (30.4214,-84.3197)",2025-03-03 18:12,1.0,30.421386,-84.319692,True,False,True,S216509029,,US-FL
killde,Killdeer,Charadrius vociferus,L40828422,"FAMU-FSU College of Engineering, Tallahassee US-FL (30.4214,-84.3197)",2025-03-03 18:12,2.0,30.421386,-84.319692,True,False,True,S216509029,,US-FL
buffle,Bufflehead,Bucephala albeola,L40828422,"FAMU-FSU College of Engineering, Tallahassee US-FL (30.4214,-84.3197)",2025-03-03 18:12,11.0,30.421386,-84.319692,True,False,True,S216509029,,US-FL
woosto,Wood Stork,Mycteria americana,L31697619,Sand Lake,2025-03-03 18:11,1.0,28.6835413,-81.456016,True,False,True,S216511587,,US-FL
hoomer,Hooded Merganser,Lophodytes cucullatus,L31697619,Sand Lake,2025-03-03 18:11,3.0,28.6835413,-81.456016,True,False,True,S216511587,,US-FL
rethaw,Red-tailed Hawk,Buteo jamaicensis,L1781496,Walt Disney World--Seven Seas Lagoon,2025-03-03 18:10,1.0,28.4106351,-81.5826998,True,False,False,S216511542,,US-FL
ribgul,Ring-billed Gull,Larus delawarensis,L1781496,Walt Disney World--Seven Seas Lagoon,2025-03-03 18:10,16.0,28.4106351,-81.5826998,True,False,False,S216511542,,US-FL
fiscro,Fish Crow,Corvus ossifragus,L1831075,Sandhill Crane Park,2025-03-03 18:01,,27.3007072,-80.2798801,True,False,False,S216508874,,US-FL
balori,Baltimore Oriole,Icterus galbula,L10298528,Backyard,2025-03-03 18:01,1.0,27.897198,-82.301893,True,False,True,S216506920,,US-FL
whwdov,White-winged Dove,Zenaida asiatica,L10298528,Backyard,2025-03-03 18:01,2.0,27.897198,-82.301893,True,False,True,S216506920,,US-FL
bnhcow,Brown-headed Cowbird,Molothrus ater,L10298528,Backyard,2025-03-03 18:01,2.0,27.897198,-82.301893,True,False,True,S216506920,,US-FL
rthhum,Ruby-throated Hummingbird,Archilochus colubris,L10298528,Backyard,2025-03-03 18:01,1.0,27.897198,-82.301893,True,False,True,S216506920,,US-FL
norhar2,Northern Harrier,Circus hudsonius,L12661693,"Southeast 182nd Avenue Road, Ocklawaha, Florida, US (29.038, -81.835)",2025-03-03 18:01,1.0,29.0377636,-81.8352601,True,False,True,S216508438,,US-FL
logshr,Loggerhead Shrike,Lanius ludovicianus,L10298528,Backyard,2025-03-03 18:01,1.0,27.897198,-82.301893,True,False,True,S216506920,,US-FL
grcfly,Great Crested Flycatcher,Myiarchus crinitus,L21011260,Puffling Palace,2025-03-03 17:58,1.0,27.2507474,-81.3990007,True,False,True,S216511619,,US-FL
norfli,Northern Flicker,Colaptes auratus,L21011260,Puffling Palace,2025-03-03 17:58,1.0,27.2507474,-81.3990007,True,False,True,S216511619,,US-FL
purmar,Purple Martin,Progne subis,L7903191,Orange Lake Resort--West Village,2025-03-03 17:58,4.0,28.352715,-81.6245367,True,False,False,S216508935,,US-FL
gloibi,Glossy Ibis,Plegadis falcinellus,L143084,Wakodahatchee Wetlands,2025-03-03 17:56,50.0,26.4781984,-80.144738,True,False,False,S216508211,,US-FL
bcnher,Black-crowned Night Heron,Nycticorax nycticorax,L607892,Venice Rookery,2025-03-03 17:56,7.0,27.04598,-82.39989,True,False,False,S216513321,,US-FL
categr1,Western Cattle-Egret,Ardea ibis,L143084,Wakodahatchee Wetlands,2025-03-03 17:56,1.0,26.4781984,-80.144738,True,False,False,S216508211,,US-FL
bkhpar,Nanday Parakeet,Aratinga nenday,L4524223,"Back yard along Bowlee's Creek, Manatee County",2025-03-03 17:51,2.0,27.4193845,-82.554394,True,False,True,S216506975,N,US-FL
eursta,European Starling,Sturnus vulgaris,L10518010,"6572 115th Ln, Seminole US-FL (27.8320,-82.7992)",2025-03-03 17:50,1.0,27.832032,-82.799227,True,False,True,S216508841,N,US-FL
easowl1,Eastern Screech-Owl,Megascops asio,L10518010,"6572 115th Ln, Seminole US-FL (27.8320,-82.7992)",2025-03-03 17:50,1.0,27.832032,-82.799227,True,False,True,S216508841,,US-FL
weskin,Western Kingbird,Tyrannus verticalis,L12420071,"600 Bald Point Rd, Panacea US-FL 29.92305, -84.33460",2025-03-03 17:48,1.0,29.923054,-84.334601,True,False,True,S216504771,,US-FL
rocpig,Rock Pigeon,Columba livia,L4332644,Miami International Airport,2025-03-03 17:47,6.0,25.7957183,-80.2862406,True,False,False,S216513273,N,US-FL
x00422,Mallard x Mottled Duck (hybrid),Anas platyrhynchos x fulvigula,L29043153,Quiet Rain Ct,2025-03-03 17:47,3.0,27.562458,-82.522213,True,False,True,S216508119,,US-FL
houfin,House Finch,Haemorhous mexicanus,L26113159,Basin behind White Ibis Run Village of Fenney,2025-03-03 17:45,1.0,28.7898097,-82.035631,True,False,True,S216512176,N,US-FL
grhowl,Great Horned Owl,Bubo virginianus,L22990202,Lake Forest Preserve (private),2025-03-03 17:44,1.0,29.648773,-82.251342,True,False,True,S216510402,,US-FL
eastow,Eastern Towhee,Pipilo erythrophthalmus,L22990202,Lake Forest Preserve (private),2025-03-03 17:44,5.0,29.648773,-82.251342,True,False,True,S216510402,,US-FL
cedwax,Cedar Waxwing,Bombycilla cedrorum,L3093786,Lewis Arboretum--Luther C. Parrott Trail,2025-03-03 17:39,15.0,28.01491,-81.66766,True,False,False,S216511491,,US-FL
whcpig2,White-crowned Pigeon,Patagioenas leucocephala,L40800831,"329 William St, Key West US-FL (24.5593,-81.8002)",2025-03-03 17:33,7.0,24.559346,-81.800185,True,False,True,S216502809,,US-FL
eucdov,Eurasian Collared-Dove,Streptopelia decaocto,L4044113,Lake Osborne,2025-03-03 17:33,12.0,26.592595,-80.0775433,True,False,False,S216510084,N,US-FL
redjun,Red Junglefowl,Gallus gallus,L40800831,"329 William St, Key West US-FL (24.5593,-81.8002)",2025-03-03 17:33,2.0,24.559346,-81.800185,True,False,True,S216502809,X,US-FL
chispa,Chipping Sparrow,Spizella passerina,L477641,Boulware Springs Park,2025-03-03 17:31,1.0,29.6220792,-82.3079824,True,False,False,S216505606,,US-FL
norbob,Northern Bobwhite,Colinus virginianus,L477641,Boulware Springs Park,2025-03-03 17:31,10.0,29.6220792,-82.3079824,True,False,False,S216505606,,US-FL
sonspa,Song Sparrow,Melospiza melodia,L477641,Boulware Springs Park,2025-03-03 17:31,1.0,29.6220792,-82.3079824,True,False,False,S216505606,,US-FL
rehwoo,Red-headed Woodpecker,Melanerpes erythrocephalus,L477641,Boulware Springs Park,2025-03-03 17:31,3.0,29.6220792,-82.3079824,True,False,False,S216505606,,US-FL
houwre,Northern House Wren,Troglodytes aedon,L477641,Boulware Springs Park,2025-03-03 17:31,1.0,29.6220792,-82.3079824,True,False,False,S216505606,,US-FL
compea,Indian Peafowl,Pavo cristatus,L40827159,"6759 First Ave S, Saint Petersburg US-FL 27.76999, -82.73181",2025-03-03 17:29,19.0,27.769989,-82.73181,True,False,True,S216502159,P,US-FL
amewig,American Wigeon,Mareca americana,L5745098,Reed Canal Park,2025-03-03 17:25,2.0,29.1542788,-81.016016,True,False,False,S216504574,,US-FL
rudduc,Ruddy Duck,Oxyura jamaicensis,L5745098,Reed Canal Park,2025-03-03 17:25,7.0,29.1542788,-81.016016,True,False,False,S216504574,,US-FL
greyel,Greater Yellowlegs,Tringa melanoleuca,L6965724,"Sanibel Island, Sanibel US-FL (26.4282,-82.0819)",2025-03-03 17:23,1.0,26.428246,-82.081893,True,False,True,S216507438,,US-FL
buwtea,Blue-winged Teal,Spatula discors,L6965724,"Sanibel Island, Sanibel US-FL (26.4282,-82.0819)",2025-03-03 17:23,21.0,26.428246,-82.081893,True,False,True,S216507438,,US-FL
amwpel,American White Pelican,Pelecanus erythrorhynchos,L618578,Egans Creek Greenway,2025-03-03 17:18,1.0,30.6657215,-81.4377558,True,False,False,S216511141,,US-FL
egygoo,Egyptian Goose,Alopochen aegyptiaca,L36267176,Lotus Palm,2025-03-03 17:17,3.0,26.375345,-80.174207,True,False,True,S216501223,N,US-FL
royter1,Royal Tern,Thalasseus maximus,L3113960,Teatable Key Channel,2025-03-03 17:15,10.0,24.8975701,-80.6602478,True,False,False,S216500486,,US-FL
rudtur,Ruddy Turnstone,Arenaria interpres,L3113960,Teatable Key Channel,2025-03-03 17:15,5.0,24.8975701,-80.6602478,True,False,False,S216500486,,US-FL
shthaw,Short-tailed Hawk,Buteo brachyurus,L14657292,Lynn Yard A,2025-03-03 17:15,1.0,25.9382386,-81.7303723,True,False,True,S216502137,,US-FL
prawar,Prairie Warbler,Setophaga discolor,L14657292,Lynn Yard A,2025-03-03 17:15,1.0,25.9382386,-81.7303723,True,False,True,S216502137,,US-FL
coohaw,Cooper's Hawk,Astur cooperii,L14657292,Lynn Yard A,2025-03-03 17:15,1.0,25.9382386,-81.7303723,True,False,True,S216502137,,US-FL
forter,Forster's Tern,Sterna forsteri,L3113960,Teatable Key Channel,2025-03-03 17:15,1.0,24.8975701,-80.6602478,True,False,False,S216500486,,US-FL
rempar,Red-masked Parakeet,Psittacara erythrogenys,L40475960,"1205 SE 12th Way, Fort Lauderdale US-FL 26.10741, -80.13018",2025-03-03 17:13,6.0,26.107412,-80.130176,True,False,True,S216508196,P,US-FL
bucpar,Blue-crowned Parakeet,Thectocercus acuticaudatus,L40475960,"1205 SE 12th Way, Fort Lauderdale US-FL 26.10741, -80.13018",2025-03-03 17:13,11.0,26.107412,-80.130176,True,False,True,S216508196,P,US-FL
caster1,Caspian Tern,Hydroprogne caspia,L14283939,Vilano Beach Nature Boardwalk,2025-03-03 17:10,1.0,29.9176334,-81.2947083,True,False,False,S216502395,,US-FL
bawwar,Black-and-white Warbler,Mniotilta varia,L13733170,"751 NE 160th Ave, Williston US-FL 29.34111, -82.50304",2025-03-03 17:10,1.0,29.341115,-82.503038,True,False,True,S216508098,,US-FL
bongul,Bonaparte's Gull,Chroicocephalus philadelphia,L14283939,Vilano Beach Nature Boardwalk,2025-03-03 17:10,3.0,29.9176334,-81.2947083,True,False,False,S216502395,,US-FL
bnhnut,Brown-headed Nuthatch,Sitta pusilla,L1674650,Julington-Durbin Preserve,2025-03-03 17:10,2.0,30.1294026,-81.5445346,True,False,False,S216513393,,US-FL
bacspa,Bachman's Sparrow,Peucaea aestivalis,L1674650,Julington-Durbin Preserve,2025-03-03 17:10,3.0,30.1294026,-81.5445346,True,False,False,S216513393,,US-FL
grefla2,American Flamingo,Phoenicopterus ruber,L917920,Merritt Island NWR--Haulover Canal Area,2025-03-03 17:07,5.0,28.7374281,-80.7546186,True,True,False,S216504240,,US-FL
sander,Sanderling,Calidris alba,L917920,Merritt Island NWR--Haulover Canal Area,2025-03-03 17:07,75.0,28.7374281,-80.7546186,True,False,False,S216504240,,US-FL
blkski,Black Skimmer,Rynchops niger,L13804038,"5860 Midnight Pass Rd, Sarasota US-FL 27.26316, -82.54436",2025-03-03 17:03,75.0,27.263165,-82.544358,True,False,True,S216506320,,US-FL
redegr,Reddish Egret,Egretta rufescens,L127381,Merritt Island NWR--Black Point Wildlife Drive,2025-03-03 17:03,1.0,28.6575241,-80.7545391,True,False,False,S216500141,,US-FL
santer1,Sandwich Tern,Thalasseus sandvicensis,L13804038,"5860 Midnight Pass Rd, Sarasota US-FL 27.26316, -82.54436",2025-03-03 17:03,25.0,27.263165,-82.544358,True,False,True,S216506320,,US-FL
amhgul1,American Herring Gull,Larus smithsonianus,L13804038,"5860 Midnight Pass Rd, Sarasota US-FL 27.26316, -82.54436",2025-03-03 17:03,25.0,27.263165,-82.544358,True,False,True,S216506320,,US-FL
gockin,Golden-crowned Kinglet,Regulus satrapa,L19208536,FL; PU; Interlachen; H-4; 109 Istanbul St,2025-03-03 17:00,1.0,29.6225522,-81.9149784,True,False,True,S216507308,,US-FL
swaspa,Swamp Sparrow,Melospiza georgiana,L11508358,Northdale Lake Park Trail,2025-03-03 16:57,1.0,28.1101053,-82.5137615,True,False,False,S216504394,,US-FL
purgal2,Purple Gallinule,Porphyrio martinica,L2773101,State College of Florida—Venice Campus,2025-03-03 16:54,2.0,27.0434172,-82.317853,True,False,False,S216503097,,US-FL
gnwtea,Green-winged Teal,Anas crecca,L5696179,Iona Bike Loop,2025-03-03 16:51,6.0,26.5113152,-81.9681787,True,False,True,S216504593,,US-FL
sposan,Spotted Sandpiper,Actitis macularius,L21025452,St Andrews State Park— Campground,2025-03-03 16:50,1.0,30.1365526,-85.7353393,True,False,False,S216510397,,US-FL
comloo,Common Loon,Gavia immer,L21025452,St Andrews State Park— Campground,2025-03-03 16:50,3.0,30.1365526,-85.7353393,True,False,False,S216510397,,US-FL
rebmer,Red-breasted Merganser,Mergus serrator,L21025452,St Andrews State Park— Campground,2025-03-03 16:50,20.0,30.1365526,-85.7353393,True,False,False,S216510397,,US-FL
merlin,Merlin,Falco columbarius,L21025452,St Andrews State Park— Campground,2025-03-03 16:50,1.0,30.1365526,-85.7353393,True,False,False,S216510397,,US-FL
herthr,Hermit Thrush,Catharus guttatus,L164542,Elinor Klapp-Phipps Park,2025-03-03 16:48,1.0,30.535666,-84.28821,True,False,False,S216508686,,US-FL
flsjay,Florida Scrub-Jay,Aphelocoma coerulescens,L816104,Helen and Allan Cruickshank Sanctuary,2025-03-03 16:43,4.0,28.2938478,-80.7072508,True,False,False,S216503032,,US-FL
leasan,Least Sandpiper,Calidris minutilla,L40826545,"32607, Gainesville US-FL (29.6302,-82.3914)",2025-03-03 16:40,17.0,29.63018,-82.39145,True,False,True,S216499046,,US-FL
wilsni1,Wilson's Snipe,Gallinago delicata,L40826545,"32607, Gainesville US-FL (29.6302,-82.3914)",2025-03-03 16:40,2.0,29.63018,-82.39145,True,False,True,S216499046,,US-FL
ovenbi1,Ovenbird,Seiurus aurocapilla,L229579,Everglades NP--Long Pine Key Campground & Trail,2025-03-03 16:36,,25.3985091,-80.6554395,True,False,False,S216503036,,US-FL
norsho,Northern Shoveler,Spatula clypeata,L4107026,Kennedy Space Center,2025-03-03 16:34,2.0,28.5223239,-80.6808043,True,False,False,S216497278,,US-FL
bkbplo,Black-bellied Plover,Pluvialis squatarola,L4107026,Kennedy Space Center,2025-03-03 16:34,2.0,28.5223239,-80.6808043,True,False,False,S216497278,,US-FL
bknsti,Black-necked Stilt,Himantopus mexicanus,L4323171,Lake Apopka North Shore--Lust Rd. Gate Area Only (Not for entire wildlife drive),2025-03-03 16:33,,28.671831,-81.559615,True,False,False,S216510151,,US-FL
amegfi,American Goldfinch,Spinus tristis,L40825953,Duckwood Community,2025-03-03 16:28,2.0,27.120614,-80.204813,True,False,True,S216495509,,US-FL
ycnher,Yellow-crowned Night Heron,Nyctanassa violacea,L1028596,Weaver Park,2025-03-03 16:28,2.0,28.0204314,-82.789439,True,False,False,S216498368,,US-FL
willet1,Willet,Tringa semipalmata,L36928292,"1010 U.S. 98, Destin, Florida, US",2025-03-03 16:20,12.0,30.3846835,-86.4714616,True,False,True,S216508344,,US-FL
nutman,Scaly-breasted Munia,Lonchura punctulata,L21659674,My backyard,2025-03-03 16:19,37.0,30.484789,-87.186964,True,False,True,S216504578,P,US-FL
orcwar,Orange-crowned Warbler,Leiothlypis celata,L21659674,My backyard,2025-03-03 16:19,1.0,30.484789,-87.186964,True,False,True,S216504578,,US-FL
y00678,Crested Caracara,Caracara plancus,L40825276,"I-95 N, Melbourne US-FL 28.18218, -80.70576",2025-03-03 16:11,1.0,28.18218,-80.705761,True,False,True,S216492062,,US-FL
whepar2,White-eyed Parakeet,Psittacara leucophthalmus,L40821566,Oakwood Plaza North,2025-03-03 16:05,2.0,26.039979,-80.160367,True,False,True,S216492392,X,US-FL
lbbgul,Lesser Black-backed Gull,Larus fuscus,L8553564,Marco Island Public Beach,2025-03-03 15:53,1.0,25.9309157,-81.7290974,True,False,False,S216505666,,US-FL
ameoys,American Oystercatcher,Haematopus palliatus,L870652,Boynton Beach Inlet Park,2025-03-03 15:52,2.0,26.5446541,-80.0426102,True,False,False,S216493901,,US-FL
norgan,Northern Gannet,Morus bassanus,L870652,Boynton Beach Inlet Park,2025-03-03 15:52,8.0,26.5446541,-80.0426102,True,False,False,S216493901,,US-FL
magfri,Magnificent Frigatebird,Fregata magnificens,L38842236,"Man of War Harbor-Key West-Dec 2024-24.58447, -81.80735",2025-03-03 15:51,3.0,24.584472,-81.807348,True,False,True,S216489741,,US-FL
gubter2,Gull-billed Tern,Gelochelidon nilotica,L21850157,"Auto selected 24.83468, -80.65034",2025-03-03 15:46,2.0,24.83468,-80.650336,True,False,True,S216500331,,US-FL
barswa,Barn Swallow,Hirundo rustica,L38610056,Bald Point SP Gate E5,2025-03-03 15:42,1.0,29.934693,-84.337842,True,False,True,S216504015,,US-FL
clarai11,Clapper Rail,Rallus crepitans,L38610056,Bald Point SP Gate E5,2025-03-03 15:42,1.0,29.934693,-84.337842,True,False,True,S216504015,,US-FL
buhvir,Blue-headed Vireo,Vireo solitarius,L35080230,Floranada,2025-03-03 15:40,1.0,26.190627,-80.128457,True,False,True,S216494601,,US-FL
nrwswa,Northern Rough-winged Swallow,Stelgidopteryx serripennis,L635288,Loxahatchee NWR--Marsh Trail,2025-03-03 15:39,3.0,26.4928139,-80.2168894,True,False,False,S216500290,,US-FL
indbun,Indigo Bunting,Passerina cyanea,L635288,Loxahatchee NWR--Marsh Trail,2025-03-03 15:39,1.0,26.4928139,-80.2168894,True,False,False,S216500290,,US-FL
snakit,Snail Kite,Rostrhamus sociabilis,L28637602,"Paynes Prairie-441 Causeway, G'ville, FL",2025-03-03 15:30,2.0,29.5948528,-82.3221404,True,False,True,S216508238,,US-FL
semplo,Semipalmated Plover,Charadrius semipalmatus,L17299515,Lakeside and 9th Avenue (Please Do Not Trespass On Neighbors Property),2025-03-03 15:25,40.0,26.6047305,-80.0504923,True,False,False,S216485845,,US-FL
mutswa,Mute Swan,Cygnus olor,L22379939,"3580 Clark Rd, Sarasota US-FL 27.26915, -82.49789",2025-03-03 15:24,1.0,27.269145,-82.497893,True,False,True,S216497383,X,US-FL
camwar,Cape May Warbler,Setophaga tigrina,L578426,Miller Drive Roost (Brewer Park),2025-03-03 15:21,,25.7178837,-80.2961969,True,False,False,S216491255,,US-FL
savspa,Savannah Sparrow,Passerculus sandwichensis,L40825786,"G. T. Bray Recreation Center, Bradenton US-FL 27.47574, -82.61700",2025-03-03 15:09,1.0,27.47574,-82.617005,True,False,True,S216494634,,US-FL
amered,American Redstart,Setophaga ruticilla,L686079,Harry P. Leu Gardens,2025-03-03 15:08,1.0,28.5696306,-81.3560812,True,False,False,S216499511,,US-FL
perfal,Peregrine Falcon,Falco peregrinus,L17874984,"1025 Country Club Rd N, Saint Petersburg US-FL 27.78247, -82.74568",2025-03-03 15:07,1.0,27.782469,-82.745683,True,False,True,S216482545,,US-FL
lesyel,Lesser Yellowlegs,Tringa flavipes,L234146,The Celery Fields,2025-03-03 15:06,1.0,27.3253186,-82.4336821,True,False,False,S216495622,,US-FL
purswa3,Gray-headed Swamphen,Porphyrio poliocephalus,L234146,The Celery Fields,2025-03-03 15:06,2.0,27.3253186,-82.4336821,True,False,False,S216495622,N,US-FL
x00776,Graylag x Swan Goose (hybrid),Anser anser x cygnoides,L970063,Walt Disney World--Animal Kingdom (do NOT report captive birds),2025-03-03 14:57,5.0,28.3593428,-81.5909958,True,False,False,S216483140,X,US-FL
rufhum,Rufous Hummingbird,Selasphorus rufus,L14248981,"632 Mariner Cir, Panacea US-FL 29.91208, -84.36723",2025-03-03 14:50,1.0,29.912083,-84.36723,True,False,True,S216485246,,US-FL
rorpar,Rose-ringed Parakeet,Psittacula krameri,L7821391,Gordon River Greenway Park,2025-03-03 14:46,2.0,26.167687,-81.7878485,True,False,False,S216484659,P,US-FL
clcspa,Clay-colored Sparrow,Spizella pallida,L3077497,aweomesauce,2025-03-03 14:45,2.0,25.4978265,-80.3667068,True,False,True,S216480737,,US-FL
whtspa,White-throated Sparrow,Zonotrichia albicollis,L3059534,FL-SJC-Vaill Point Terr Critter Center,2025-03-03 14:35,2.0,29.8199274,-81.309042,True,False,True,S216481538,,US-FL
marwre,Marsh Wren,Cistothorus palustris,L20058944,Grandview Park,2025-03-03 14:34,1.0,27.7349521,-82.6399904,True,False,False,S216507196,,US-FL
dunlin,Dunlin,Calidris alpina,L230620,Big Talbot Island SP,2025-03-03 14:32,50.0,30.5017447,-81.4517114,True,False,False,S216486553,,US-FL
wilplo,Wilson's Plover,Anarhynchus wilsonia,L230620,Big Talbot Island SP,2025-03-03 14:32,2.0,30.5017447,-81.4517114,True,False,False,S216486553,,US-FL
redhea,Redhead,Aythya americana,L2034984,Coquina Key,2025-03-03 14:14,8.0,27.7293093,-82.6300192,True,False,False,S216480650,,US-FL
amebit,American Bittern,Botaurus lentiginosus,L2620730,Sweetwater Wetlands Park,2025-03-03 13:55,2.0,29.6193055,-82.3285764,True,False,False,S216488156,,US-FL
sora,Sora,Porzana carolina,L2620730,Sweetwater Wetlands Park,2025-03-03 13:55,1.0,29.6193055,-82.3285764,True,False,False,S216488156,,US-FL
margod,Marbled Godwit,Limosa fedoa,L1125706,Big Talbot Island SP--Spoonbill Pond (includes parking & boat ramp),2025-03-03 13:45,1.0,30.5101704,-81.4585671,True,False,False,S216498273,,US-FL
trokin,Tropical Kingbird,Tyrannus melancholicus,L4478244,Sem-Chi Rice Mill,2025-03-03 13:32,1.0,26.6668727,-80.4574621,True,True,False,S216476400,,US-FL
pipplo,Piping Plover,Charadrius melodus,L127422,Crandon Park,2025-03-03 13:32,3.0,25.7089712,-80.1536322,True,False,False,S216483163,,US-FL
leabit,Least Bittern,Botaurus exilis,L280834,Walsingham Park,2025-03-03 13:30,1.0,27.8763584,-82.8090332,True,False,False,S216499179,,US-FL
easmea,Eastern Meadowlark,Sturnella magna,L127381,Merritt Island NWR--Black Point Wildlife Drive,2025-03-03 13:23,1.0,28.6575241,-80.7545391,True,False,False,S216490153,,US-FL
lobdow,Long-billed Dowitcher,Limnodromus scolopaceus,L127381,Merritt Island NWR--Black Point Wildlife Drive,2025-03-03 13:13,6.0,28.6575241,-80.7545391,True,False,False,S216481852,,US-FL
gbbgul,Great Black-backed Gull,Larus marinus,L127286,Huguenot Memorial City Park,2025-03-03 13:11,1.0,30.4112444,-81.4206594,True,False,False,S216479587,,US-FL
blksco2,Black Scoter,Melanitta americana,L127286,Huguenot Memorial City Park,2025-03-03 13:11,1.0,30.4112444,-81.4206594,True,False,False,S216479587,,US-FL
yetvir,Yellow-throated Vireo,Vireo flavifrons,L29472359,"Lettuce Lake Conservation Park, Tampa US-FL 28.07448, -82.37344",2025-03-03 12:59,1.0,28.074475,-82.373438,True,False,True,S216472856,,US-FL
solsan,Solitary Sandpiper,Tringa solitaria,L40820063,Vineyards,2025-03-03 12:23,1.0,26.215012,-81.728899,True,False,True,S216465567,,US-FL
gadwal,Gadwall,Mareca strepera,L40822088,"Tiger Point Golf Club, Gulf Breeze US-FL 30.38318, -87.07028",2025-03-03 12:20,1.0,30.383182,-87.070279,True,False,True,S216475910,,US-FL
gragoo,Graylag Goose,Anser anser,L40822088,"Tiger Point Golf Club, Gulf Breeze US-FL 30.38318, -87.07028",2025-03-03 12:20,1.0,30.383182,-87.070279,True,False,True,S216475910,X,US-FL
robgro,Rose-breasted Grosbeak,Pheucticus ludovicianus,L3336584,Home,2025-03-03 12:15,1.0,30.2895156,-85.5293798,True,True,True,S216481904,,US-FL
baymac,Blue-and-yellow Macaw,Ara ararauna,L3245938,Coral Reef Park,2025-03-03 12:09,,25.631196,-80.3196073,True,False,False,S216462918,P,US-FL
ameavo,American Avocet,Recurvirostra americana,L1252427,St. Marks NWR--Mounds Pool No. 3,2025-03-03 12:09,3.0,30.0989771,-84.1477203,True,False,False,S216470450,,US-FL
btnwar,Black-throated Green Warbler,Setophaga virens,L123123,Everglades NP--Mahogany Hammock,2025-03-03 12:06,1.0,25.322954,-80.833145,True,False,False,S216460550,,US-FL
shbdow,Short-billed Dowitcher,Limnodromus griseus,L1107662,MacDill AFB (restricted access),2025-03-03 11:58,1.0,27.841171,-82.4837726,True,False,False,S216469434,,US-FL
horgre,Horned Grebe,Podiceps auritus,L1107662,MacDill AFB (restricted access),2025-03-03 11:58,6.0,27.841171,-82.4837726,True,False,False,S216469434,,US-FL
belvir,Bell's Vireo,Vireo bellii,L1017638,Peaceful Waters Sanctuary,2025-03-03 11:54,1.0,26.631443,-80.2332294,True,True,False,S216461848,,US-FL
whbnut,White-breasted Nuthatch,Sitta carolinensis,L132802,Lake Ella Park,2025-03-03 11:42,1.0,30.4603634,-84.279335,True,False,False,S216463018,,US-FL
norwat,Northern Waterthrush,Parkesia noveboracensis,L127437,Everglades NP--Snake Bight Trail,2025-03-03 11:33,1.0,25.1876968,-80.8741825,True,False,False,S216505032,,US-FL
vesspa,Vesper Sparrow,Pooecetes gramineus,L8852932,Baker Landing Lane Agricultural Area,2025-03-03 11:29,4.0,30.8915705,-85.900857,True,False,False,S216464607,,US-FL
cavswa,Cave Swallow,Petrochelidon fulva,L4783559,Portofino Plaza Swallow Colony,2025-03-03 11:27,,25.4747572,-80.4456301,True,False,False,S216450786,,US-FL
burowl,Burrowing Owl,Athene cunicularia,L2596297,Vista View Park,2025-03-03 11:18,2.0,26.0658811,-80.3439456,True,False,False,S216458877,,US-FL
sctfly,Scissor-tailed Flycatcher,Tyrannus forficatus,L582123,Southern Glades Trail (C111 Canal outside ENP),2025-03-03 11:09,2.0,25.4034735,-80.5586135,True,False,False,S216451182,,US-FL
commyn,Common Myna,Acridotheres tristis,L582123,Southern Glades Trail (C111 Canal outside ENP),2025-03-03 11:09,2.0,25.4034735,-80.5586135,True,False,False,S216451182,N,US-FL
winwre3,Winter Wren,Troglodytes hiemalis,L164542,Elinor Klapp-Phipps Park,2025-03-03 11:08,1.0,30.535666,-84.28821,True,True,False,S216460080,,US-FL
brwhaw,Broad-winged Hawk,Buteo platypterus,L127423,Bill Baggs Cape Florida SP,2025-03-03 10:42,1.0,25.6733,-80.1582,True,False,False,S216460991,,US-FL
verfly,Vermilion Flycatcher,Pyrocephalus rubinus,L132806,Crowder Road Landing,2025-03-03 10:40,1.0,30.507019,-84.313385,True,True,False,S216450769,,US-FL
canvas,Canvasback,Aythya valisineria,L132806,Crowder Road Landing,2025-03-03 10:40,2.0,30.507019,-84.313385,True,True,False,S216450769,,US-FL
astfly,Ash-throated Flycatcher,Myiarchus cinerascens,L36906615,11 San Carlos,2025-03-03 10:36,1.0,30.358372,-87.193185,True,True,True,S216451487,,US-FL
bulori,Bullock's Oriole,Icterus bullockii,L5157813,Home,2025-03-03 10:26,1.0,30.1661772,-85.6874597,True,True,True,S216473230,,US-FL
recwoo,Red-cockaded Woodpecker,Dryobates borealis,L321818,Blue Sink,2025-03-03 10:19,2.0,30.3521016,-84.3055961,True,True,True,S216509500,,US-FL
mitpar,Mitred Parakeet,Psittacara mitratus,L251012,Kendall--Baptist Hospital Area,2025-03-03 10:19,5.0,25.68765,-80.33864,True,False,False,S216444097,N,US-FL
kinrai4,King Rail,Rallus elegans,L6364505,Masters Tract Stormwater Treatment Facility,2025-03-03 10:19,1.0,29.686897,-81.4758325,True,False,False,S216469801,,US-FL
wessan,Western Sandpiper,Calidris mauri,L299291,Myakka River SP,2025-03-03 10:10,,27.2405033,-82.3148167,True,False,False,S216487754,,US-FL
fiespa,Field Sparrow,Spizella pusilla,L1266983,Conservation Park Trails,2025-03-03 10:05,5.0,30.2586965,-85.8969498,True,False,False,S216490431,,US-FL
stisan,Stilt Sandpiper,Calidris himantopus,L469467,Dump Marsh,2025-03-03 10:01,2.0,25.5350068,-80.3431249,True,False,False,S216446541,,US-FL
yelwar,Yellow Warbler,Setophaga petechia,L581830,Belle Glade Marina & Torry Island,2025-03-03 09:58,1.0,26.7063982,-80.7168961,True,False,False,S216469481,,US-FL
sstspa,Saltmarsh Sparrow,Ammospiza caudacuta,L1125706,Big Talbot Island SP--Spoonbill Pond (includes parking & boat ramp),2025-03-03 09:58,1.0,30.5101704,-81.4585671,True,False,False,S216463230,,US-FL
nstspa,Nelson's Sparrow,Ammospiza nelsoni,L1125706,Big Talbot Island SP--Spoonbill Pond (includes parking & boat ramp),2025-03-03 09:58,2.0,30.5101704,-81.4585671,True,False,False,S216463230,,US-FL
seaspa,Seaside Sparrow,Ammospiza maritima,L1125706,Big Talbot Island SP--Spoonbill Pond (includes parking & boat ramp),2025-03-03 09:58,4.0,30.5101704,-81.4585671,True,False,False,S216463230,,US-FL
snoplo5,Snowy Plover,Anarhynchus nivosus,L148725,Camp Helen SP,2025-03-03 09:55,3.0,30.2726402,-85.9923859,True,False,False,S216460974,,US-FL
gresca,Greater Scaup,Aythya marila,L578621,St. Marks NWR--Lighthouse Pool & Flats,2025-03-03 09:26,4.0,30.0742182,-84.1799551,True,False,False,S216452005,,US-FL
sumtan,Summer Tanager,Piranga rubra,L2102880,Halpatiokee Regional Park,2025-03-03 09:22,1.0,27.0976952,-80.2506799,True,False,False,S216484851,,US-FL
comgol,Common Goldeneye,Bucephala clangula,L1328671,Lake Elberta,2025-03-03 09:21,1.0,30.4297796,-84.3005751,True,False,False,S216458541,,US-FL
sedwre1,Sedge Wren,Cistothorus stellaris,L2620730,Sweetwater Wetlands Park,2025-03-03 09:00,1.0,29.6193055,-82.3285764,True,False,False,S216456358,,US-FL
recpar,Red-crowned Amazon,Amazona viridigenalis,L40811989,"Palm Beach, Florida, US",2025-03-03 08:51,4.0,26.7503098,-80.0429477,True,False,True,S216422074,P,US-FL
graspa,Grasshopper Sparrow,Ammodramus savannarum,L4093021,"Spring Lake, Old Spring Lake Road",2025-03-03 08:45,1.0,28.4924082,-82.2915459,True,False,True,S216472278,,US-FL
amewoo,American Woodcock,Scolopax minor,L40811456,"861–1001 Lighthouse Rd, Crawfordville US-FL 30.16848, -84.15820",2025-03-03 08:30,1.0,30.168477,-84.158203,True,False,True,S216418103,,US-FL
orwpar,Orange-winged Amazon,Amazona amazonica,L19102332,West Matheson Hammock Park,2025-03-03 08:28,2.0,25.6801172,-80.2741545,True,False,False,S216501755,P,US-FL
whtkit,White-tailed Kite,Elanus leucurus,L405338,Frog Pond WMA--Lucky Hammock,2025-03-03 08:23,,25.396439,-80.566581,True,False,False,S216434371,,US-FL
shshaw,Sharp-shinned Hawk,Accipiter striatus,L508481,Pelican Island NWR,2025-03-03 08:06,1.0,27.8035911,-80.426723,True,False,False,S216425952,,US-FL
louwat,Louisiana Waterthrush,Parkesia motacilla,L19450653,Reed Park,2025-03-03 08:01,1.0,27.9854894,-82.470929,True,False,False,S216414166,,US-FL
swagoo1,Swan Goose,Anser cygnoides,L40810430,"4340 NW 3rd St, Miami US-FL 25.77352, -80.26649",2025-03-03 08:00,1.0,25.773522,-80.266493,True,False,True,S216411976,X,US-FL
snogoo,Snow Goose,Anser caerulescens,L15319884,Briarwood Executive Golf Course,2025-03-03 07:55,3.0,28.9731633,-82.0110892,True,True,False,S216415739,,US-FL
rosgoo,Ross's Goose,Anser rossii,L15319884,Briarwood Executive Golf Course,2025-03-03 07:55,1.0,28.9731633,-82.0110892,True,True,False,S216415739,,US-FL
naswar,Nashville Warbler,Leiothlypis ruficapilla,L797480,Fred W. Coyle Freedom Park,2025-03-03 07:50,1.0,26.1745813,-81.7883635,True,True,False,S216436440,,US-FL
daejun,Dark-eyed Junco,Junco hyemalis,L993146,Taminco/Air Products Wildlife Sanctuary,2025-03-03 07:31,1.0,30.5885682,-87.134285,True,False,True,S216484909,,US-FL
miskit,Mississippi Kite,Ictinia mississippiensis,L993146,Taminco/Air Products Wildlife Sanctuary,2025-03-03 07:31,1.0,30.5885682,-87.134285,True,True,True,S216484909,,US-FL
virrai,Virginia Rail,Rallus limicola,L2620730,Sweetwater Wetlands Park,2025-03-03 07:29,1.0,29.6193055,-82.3285764,True,False,False,S216436181,,US-FL
fuwduc,Fulvous Whistling-Duck,Dendrocygna bicolor,L4323171,Lake Apopka North Shore--Lust Rd. Gate Area Only (Not for entire wildlife drive),2025-03-03 07:23,40.0,28.671831,-81.559615,True,False,False,S216489117,,US-FL
bkchum,Black-chinned Hummingbird,Archilochus alexandri,L11371747,"2920 Pearl Drive, Tallahassee, Florida, US (30.485, -84.283)",2025-03-03 07:15,1.0,30.4848966,-84.2832992,True,True,True,S216456858,,US-FL
redkno,Red Knot,Calidris canutus,L4174943,US-FL-Marco Island-990 Scott Dr - 25.9090x-81.6957,2025-03-03 07:10,3.0,25.908963,-81.695685,True,False,True,S216407868,,US-FL
whimbr,Whimbrel,Numenius phaeopus,L4174943,US-FL-Marco Island-990 Scott Dr - 25.9090x-81.6957,2025-03-03 07:10,1.0,25.908963,-81.695685,True,False,True,S216407868,,US-FL
brnowl,American Barn Owl,Tyto furcata,L40817486,"25001–25253 E Canal St S, Loxahatchee US-FL 26.67842, -80.42486",2025-03-03 06:52,1.0,26.678423,-80.424864,True,False,True,S216452332,,US-FL
kenwar,Kentucky Warbler,Geothlypis formosa,L40826409,"Big Cypress National Preserve, Ochopee US-FL 25.90128, -81.28519",2025-03-03 06:40,1.0,25.901282,-81.285187,True,False,True,S216498033,,US-FL
chwwid,Chuck-will's-widow,Antrostomus carolinensis,L199461,Lake Woodruff NWR,2025-03-03 06:20,1.0,29.1092685,-81.3752445,True,False,False,S216476749,,US-FL
amepip,American Pipit,Anthus rubescens,L2214256,Three Lakes WMA--Hwy. 60 unit,2025-03-03 06:05,3.0,27.8326657,-81.1449337,True,False,False,S216426916,,US-FL
spbori,Spot-breasted Oriole,Icterus pectoralis,L40799240,MO’s place,2025-03-02 17:44,2.0,25.815626,-80.299422,True,False,True,S216355172,N,US-FL
horlar,Horned Lark,Eremophila alpestris,L13192782,Donaldson Road Fields,2025-03-02 17:37,5.0,30.378354,-83.2307722,True,True,False,S216347648,,US-FL
yehbla,Yellow-headed Blackbird,Xanthocephalus xanthocephalus,L4478244,Sem-Chi Rice Mill,2025-03-02 17:13,1.0,26.6668727,-80.4574621,True,True,False,S216356327,,US-FL
henspa,Henslow's Sparrow,Centronyx henslowii,L127258,St. Marks NWR (please consider using a more precise location),2025-03-02 17:00,3.0,30.1515653,-84.1473314,True,True,False,S216362349,,US-FL
helgui,Helmeted Guineafowl,Numida meleagris,L19208536,FL; PU; Interlachen; H-4; 109 Istanbul St,2025-03-02 16:00,2.0,29.6225522,-81.9149784,True,False,True,S216209290,X,US-FL
blugrb1,Blue Grosbeak,Passerina caerulea,L22145590,Atlantic Sugar Mill Rd.,2025-03-02 16:00,2.0,26.6765774,-80.4519064,True,False,True,S216364822,,US-FL
whfibi,White-faced Ibis,Plegadis chihi,L127258,St. Marks NWR (please consider using a more precise location),2025-03-02 15:28,1.0,30.1515653,-84.1473314,True,True,False,S216364414,,US-FL
whcspa,White-crowned Sparrow,Zonotrichia leucophrys,L8004315,Santa Fe Springs Conservation Area,2025-03-02 15:07,10.0,29.819518,-82.5467345,True,False,True,S216349221,,US-FL
x00673,Blue-winged x Green-winged Teal (hybrid),Spatula discors x Anas crecca,L2612277,"Jorgensen Lake, St. Petersburg Public Library",2025-03-02 14:47,1.0,27.783121,-82.684605,True,True,False,S216316555,,US-FL
brnboo,Brown Booby,Sula leucogaster,L165195,Cypress Point Park,2025-03-02 13:38,6.0,27.9500746,-82.5432364,True,True,False,S216305245,,US-FL
pinsis,Pine Siskin,Spinus pinus,L7499967,6129 Pickwick Road,2025-03-02 13:32,1.0,30.546451,-84.1446868,True,False,True,S216301817,,US-FL
norpin,Northern Pintail,Anas acuta,L127381,Merritt Island NWR--Black Point Wildlife Drive,2025-03-02 13:31,2.0,28.6575241,-80.7545391,True,False,False,S216317947,,US-FL
swahaw,Swainson's Hawk,Buteo swainsoni,L4478244,Sem-Chi Rice Mill,2025-03-02 13:29,1.0,26.6668727,-80.4574621,True,True,False,S216313201,,US-FL
brocow,Bronzed Cowbird,Molothrus aeneus,L4478244,Sem-Chi Rice Mill,2025-03-02 13:29,1.0,26.6668727,-80.4574621,True,False,False,S216313201,,US-FL
brebla,Brewer's Blackbird,Euphagus cyanocephalus,L40791411,W Highway 318,2025-03-02 12:50,2.0,29.4104649,-82.1772625,True,True,True,S216319254,,US-FL
btbwar,Black-throated Blue Warbler,Setophaga caerulescens,L16613006,Xeric Scrubs at Lyons Rd,2025-03-02 12:05,1.0,26.323776,-80.1823305,True,False,False,S216347442,,US-FL
leafly,Least Flycatcher,Empidonax minimus,L4287753,Orlo Vista Park,2025-03-02 12:05,1.0,28.5420134,-81.4665225,True,True,True,S216297079,,US-FL
mancuc,Mangrove Cuckoo,Coccyzus minor,L40781818,"12510 Equestrian Cir, Fort Myers US-FL (26.5602,-81.8744)",2025-03-02 11:44,1.0,26.560179,-81.874365,True,False,True,S216270652,,US-FL
rusbla,Rusty Blackbird,Euphagus carolinus,L40783876,"4733 Pebble Creek Dr, Pensacola US-FL 30.52461, -87.33652",2025-03-02 11:07,1.0,30.52461,-87.336516,True,False,True,S216280689,,US-FL
smbani,Smooth-billed Ani,Crotophaga ani,L4478244,Sem-Chi Rice Mill,2025-03-02 10:55,1.0,26.6668727,-80.4574621,True,True,False,S216360582,,US-FL
pursan,Purple Sandpiper,Calidris maritima,L127377,Smyrna Dunes Park,2025-03-02 10:44,1.0,29.0694,-80.9132,True,True,False,S216373428,,US-FL
wesmea,Western Meadowlark,Sturnella neglecta,L127303,Gulf Islands National Seashore--Fort Pickens,2025-03-02 09:50,2.0,30.3231,-87.2829,True,True,False,S216339450,,US-FL
grykin,Gray Kingbird,Tyrannus dominicensis,L8054430,Holey Land WMA (Palm Beach County),2025-03-02 09:25,1.0,26.3690246,-80.7613493,True,True,False,S216371125,,US-FL
magwar,Magnolia Warbler,Setophaga magnolia,L40777074,South Baggs,2025-03-02 09:03,1.0,25.66779,-80.156715,True,False,True,S216246673,,US-FL
blkswa,Black Swan,Cygnus atratus,L1314027,Lake Morton,2025-03-02 08:51,6.0,28.0375919,-81.9539738,True,False,False,S216381536,X,US-FL
woewar1,Worm-eating Warbler,Helmitheros vermivorum,L2652888,Amelia Earhart Park,2025-03-02 08:48,1.0,25.8861129,-80.2765632,True,False,False,S216363758,,US-FL
westan,Western Tanager,Piranga ludoviciana,L14057161,"1824 SE 32nd Ln (Private) Ocala US-FL 29.15508, -82.11268",2025-03-02 08:34,1.0,29.155078,-82.112678,True,True,True,S216233762,,US-FL
sooter1,Sooty Tern,Onychoprion fuscatus,L127452,Dry Tortugas NP--Garden Key,2025-03-02 08:15,60.0,24.6276,-82.8728,True,False,False,S216210427,,US-FL
brnnod,Brown Noddy,Anous stolidus,L127452,Dry Tortugas NP--Garden Key,2025-03-02 08:15,25.0,24.6276,-82.8728,True,False,False,S216210427,,US-FL
linspa,Lincoln's Sparrow,Melospiza lincolnii,L4478244,Sem-Chi Rice Mill,2025-03-02 08:02,1.0,26.6668727,-80.4574621,True,True,False,S216327260,,US-FL
larspa,Lark Sparrow,Chondestes grammacus,L1107662,MacDill AFB (restricted access),2025-03-02 07:52,1.0,27.841171,-82.4837726,True,True,False,S216249768,,US-FL
purfin,Purple Finch,Haemorhous purpureus,L8133937,Heartwood Hills,2025-03-02 07:25,5.0,30.4746729,-84.0918332,True,True,True,S216216369,,US-FL
grbani,Groove-billed Ani,Crotophaga sulcirostris,L693226,Shamrock Park,2025-03-02 07:20,1.0,27.0536871,-82.4365354,True,True,False,S216228894,,US-FL
yecpar,Yellow-chevroned Parakeet,Brotogeris chiriri,L37256991,Islands of Coco Plum,2025-03-02 07:10,2.0,25.698778,-80.253646,True,False,True,S216204673,P,US-FL
sursco,Surf Scoter,Melanitta perspicillata,L127377,Smyrna Dunes Park,2025-03-02 07:10,1.0,29.0694,-80.9132,True,False,False,S216258744,,US-FL
trimun,Tricolored Munia,Lonchura malacca,L40771601,Tricolored munia,2025-03-02 06:45,1.0,26.7053089,-80.7199554,True,True,True,S216236700,N,US-FL
lobcur,Long-billed Curlew,Numenius americanus,L40754455,"Alligator Point, Panacea US-FL 29.90724, -84.42989",2025-03-01 17:01,1.0,29.907239,-84.429892,True,True,True,S216131672,,US-FL
shicow,Shiny Cowbird,Molothrus bonariensis,L4478244,Sem-Chi Rice Mill,2025-03-01 16:06,1.0,26.6668727,-80.4574621,True,True,False,S216156145,,US-FL
veggul1,Vega Gull,Larus vegae,L498948,Siesta Key Public Beach,2025-03-01 16:00,1.0,27.2643958,-82.5517845,True,True,False,S216118713,,US-FL
bubhum,Buff-bellied Hummingbird,Amazilia yucatanensis,L1947802,"15th and Ave. D area, Apalachicola",2025-03-01 15:25,1.0,29.7192903,-84.9915889,True,True,False,S216097898,,US-FL
comter,Common Tern,Sterna hirundo,L40749859,"4115 W Gulf Dr, Sanibel US-FL 26.43538, -82.12244",2025-03-01 14:13,1.0,26.435376,-82.122439,True,False,True,S216110784,,US-FL
woothr,Wood Thrush,Hylocichla mustelina,L127331,Boyd Hill Nature Park & Lake Maggiore,2025-03-01 13:54,1.0,27.7248069,-82.6501069,True,True,False,S216112233,,US-FL
incdov,Inca Dove,Columbina inca,L22640089,"York St, Gulf Breeze",2025-03-01 13:30,2.0,30.358104,-87.192164,True,True,True,S216150517,,US-FL
haiwoo,Hairy Woodpecker,Dryobates villosus,L40742017,Tidewater Trailhead,2025-03-01 13:15,2.0,29.1283463,-82.561417,True,False,True,S216076860,,US-FL
mdxmal1,Muscovy Duck x Mallard (hybrid),Cairina moschata x Anas platyrhynchos,L39942296,"2305 SE Fifth Terr, Cape Coral US-FL 26.64286, -81.92608",2025-03-01 13:12,1.0,26.642858,-81.926077,True,False,True,S216069109,N,US-FL
parjae,Parasitic Jaeger,Stercorarius parasiticus,L40758074,McLagic 3125 1p,2025-03-01 13:00,3.0,26.6315898,-82.7792728,True,True,True,S216146976,,US-FL
heegul,Heermann's Gull,Larus heermanni,L127377,Smyrna Dunes Park,2025-03-01 11:30,1.0,29.0694,-80.9132,True,True,False,S216053411,,US-FL
brncre,Brown Creeper,Certhia americana,L148724,Topsail Hill Preserve SP,2025-03-01 10:44,1.0,30.370076,-86.2967277,True,True,False,S216067098,,US-FL
rebnut,Red-breasted Nuthatch,Sitta canadensis,L148724,Topsail Hill Preserve SP,2025-03-01 10:44,1.0,30.370076,-86.2967277,True,True,False,S216067098,,US-FL
pomjae,Pomarine Jaeger,Stercorarius pomarinus,L40758102,McLagic 3125 10a,2025-03-01 10:00,1.0,26.514146,-82.586928,True,False,True,S216148785,,US-FL
rewbul,Red-whiskered Bulbul,Pycnonotus jocosus,L251012,Kendall--Baptist Hospital Area,2025-03-01 09:40,4.0,25.68765,-80.33864,True,False,False,S216014410,N,US-FL
glagul,Glaucous Gull,Larus hyperboreus,L127286,Huguenot Memorial City Park,2025-03-01 08:54,1.0,30.4112444,-81.4206594,True,True,False,S216036721,,US-FL
yebcha,Yellow-breasted Chat,Icteria virens,L7442369,Flamingo Hammock (restricted access),2025-03-01 07:13,1.0,29.6221299,-82.2949979,True,True,False,S216126249,,US-FL
scoori,Scott's Oriole,Icterus parisorum,L1948799,Chinsegut Wildlife and Environmental Area--Headquarters Tract,2025-02-28 08:00,1.0,28.6297296,-82.3522282,True,True,False,S215875366,,US-FL
y00478,Iceland Gull,Larus glaucoides,L498948,Siesta Key Public Beach,2025-02-28 07:15,1.0,27.2643958,-82.5517845,True,True,False,S215817524,,US-FL
truswa,Trumpeter Swan,Cygnus buccinator,L8823973,Palm Bach Polo,2025-02-27 16:10,6.0,26.6419776,-80.2458243,True,True,True,S215820516,X,US-FL
ambduc,American Black Duck,Anas rubripes,L127258,St. Marks NWR (please consider using a more precise location),2025-02-27 08:39,2.0,30.1515653,-84.1473314,True,True,False,S215712779,,US-FL
lotduc,Long-tailed Duck,Clangula hyemalis,L3266670,Veterans Memorial Fishing Pier,2025-02-27 08:30,1.0,28.6190691,-80.8012638,True,True,False,S215671637,,US-FL
manduc,Mandarin Duck,Aix galericulata,L835310,Long Key Natural Area & Nature Center,2025-02-26 17:02,1.0,26.0756147,-80.3236842,True,True,False,S215706091,X,US-FL
grtgra,Great-tailed Grackle,Quiscalus mexicanus,L388222,St. Petersburg Pier,2025-02-26 15:05,1.0,27.7737852,-82.6221657,True,True,False,S215609427,,US-FL
masboo,Masked Booby,Sula dactylatra,L127452,Dry Tortugas NP--Garden Key,2025-02-26 14:45,,24.6276,-82.8728,True,False,False,S215614711,,US-FL
yelrai,Yellow Rail,Coturnicops noveboracensis,L127258,St. Marks NWR (please consider using a more precise location),2025-02-26 07:45,1.0,30.1515653,-84.1473314,True,True,False,S215615383,,US-FL
whwsco2,White-winged Scoter,Melanitta deglandi,L6501555,Big Sabine Point,2025-02-26 07:45,1.0,30.3561,-87.045026,True,True,False,S215553698,,US-FL
vauswi,Vaux's Swift,Chaetura vauxi,L830108,Harns Marsh,2025-02-25 09:38,1.0,26.6496729,-81.6869336,True,True,False,S215401060,,US-FL
wlswar,Wilson's Warbler,Cardellina pusilla,L1397299,LeRoy Wright Park,2025-02-25 06:55,1.0,28.371018,-80.8724556,True,True,False,S215353082,,US-FL
x01134,American Herring x Lesser Black-backed Gull (hybrid),Larus smithsonianus x fuscus,L498948,Siesta Key Public Beach,2025-02-24 15:45,1.0,27.2643958,-82.5517845,True,True,False,S215294067,,US-FL
greshe,Great Shearwater,Ardenna gravis,L40579198,"Auto selected 24.94195, -80.39563",2025-02-24 11:25,1.0,24.941952,-80.395633,True,True,True,S215223924,,US-FL
lesnig,Lesser Nighthawk,Chordeiles acutipennis,L40562693,"Saratoga Pl, Sarasota US-FL (27.2226,-82.4685)",2025-02-23 18:40,1.0,27.222577,-82.46849,True,True,True,S215136172,,US-FL
whocra,Whooping Crane,Grus americana,L22165914,C Gate Boat Ramp,2025-02-23 16:27,1.0,28.1771371,-81.2328465,True,True,False,S215108327,,US-FL
redpha1,Red Phalarope,Phalaropus fulicarius,L40562201,Canaveral Pelagic — Leg 8,2025-02-23 14:55,4.0,28.801627,-80.273709,True,True,True,S215133377,,US-FL
budger,Budgerigar,Melopsittacus undulatus,L234146,The Celery Fields,2025-02-23 14:08,1.0,27.3253186,-82.4336821,True,True,False,S215126368,X,US-FL
audshe,Sargasso Shearwater,Puffinus lherminieri,L40562143,Canaveral Pelagic — Leg 6,2025-02-23 12:55,2.0,29.020994,-80.154711,True,True,True,S215133027,,US-FL
briter1,Bridled Tern,Onychoprion anaethetus,L40562094,Canaveral Pelagic — Leg 5,2025-02-23 11:56,1.0,28.988022,-80.15247,True,True,True,S215132828,,US-FL
cockat,Cockatiel,Nymphicus hollandicus,L614607,Plantation Preserve,2025-02-23 11:00,1.0,26.1156777,-80.2391624,True,True,False,S215145605,X,US-FL
foxspa,Fox Sparrow,Passerella iliaca,L4979599,Newnans Lake SF--West Trail,2025-02-23 10:27,1.0,29.6637993,-82.2523239,True,True,False,S215057019,,US-FL
retloo,Red-throated Loon,Gavia stellata,L40559298,St Augustine Feb Pelagic Leg 3,2025-02-23 10:01,2.0,30.047603,-81.204429,True,True,True,S215119615,,US-FL
lecspa,LeConte's Sparrow,Ammospiza leconteii,L40095418,Brownie Wise Park - Restricted Access Area,2025-02-23 06:29,5.0,28.278507,-81.3812729,True,True,True,S215012826,,US-FL
bkhgul,Black-headed Gull,Chroicocephalus ridibundus,L38294564,Silver Beach Avenue Access and Beach,2025-02-22 17:00,1.0,29.2123216,-81.0007384,True,True,False,S214930174,,US-FL
cliswa,Cliff Swallow,Petrochelidon pyrrhonota,L2620730,Sweetwater Wetlands Park,2025-02-22 09:09,1.0,29.6193055,-82.3285764,True,True,False,S214842704,,US-FL
neocor,Neotropic Cormorant,Nannopterum brasilianum,L35708998,"12001 Orange Dr Davie, FL 33330",2025-02-22 09:01,1.0,26.0642813,-80.3100157,True,True,True,S214817570,,US-FL
rinphe1,Ring-necked Pheasant,Phasianus colchicus,L40467303,"SR 26, west of CR 337",2025-02-21 12:07,1.0,29.6272398,-82.728014,True,True,True,S214691467,X,US-FL
fragul,Franklin's Gull,Leucophaeus pipixcan,L656190,Sugden Regional Park,2025-02-21 06:48,1.0,26.1137509,-81.7621422,True,True,False,S214663857,,US-FL
glwgul,Glaucous-winged Gull,Larus glaucescens,L498948,Siesta Key Public Beach,2025-02-20 16:26,1.0,27.2643958,-82.5517845,True,True,False,S214589124,,US-FL
gwfgoo,Greater White-fronted Goose,Anser albifrons,L39355201,"12th Street S Park, Jacksonville Beach (includes canal)",2025-02-20 14:00,1.0,30.2761108,-81.3932251,True,True,False,S214566593,,US-FL
calgul,California Gull,Larus californicus,L498948,Siesta Key Public Beach,2025-02-20 09:51,1.0,27.2643958,-82.5517845,True,True,False,S214543619,,US-FL
orcori,Orchard Oriole,Icterus spurius,L3201662,Military Trail Natural Area,2025-02-19 07:55,1.0,26.2866396,-80.1342378,True,True,False,S214449228,,US-FL
brthum,Broad-tailed Hummingbird,Selasphorus platycercus,L40426880,Hummingbird Stakeout,2025-02-18 12:30,1.0,30.4042605,-86.6001195,True,True,True,S214476272,,US-FL
