speciesCode,comName,sciName,locId,locName,obsDt,howMany,lat,lng,obsValid,obsReviewed,locationPrivate,subId,exoticCategory,region
wiltur,Wild Turkey,Meleagris gallopavo,L3214048,"39.9276x-89.8233 - Dec 12, 2014, 08:02",2025-03-03 17:56,20.0,39.927632,-89.823321,True,False,True,S216513363,,US-IL
norcar,Northern Cardinal,Cardinalis cardinalis,L23226940,Home street Sunnyside/Clarendon,2025-03-03 17:40,2.0,41.963515,-87.65253,True,False,True,S216512376,,US-IL
rocpig,Rock Pigeon,Columba livia,L23226940,Home street Sunnyside/Clarendon,2025-03-03 17:40,3.0,41.963515,-87.65253,True,False,True,S216512376,N,US-IL
houspa,House Sparrow,Passer domesticus,L23226940,Home street Sunnyside/Clarendon,2025-03-03 17:40,7.0,41.963515,-87.65253,True,False,True,S216512376,N,US-IL
purfin,Purple Finch,Haemorhous purpureus,L20319928,Sunset Drive and Rod Lane,2025-03-03 17:36,1.0,37.726804,-89.254635,True,False,True,S216512380,,US-IL
carchi,Carolina Chickadee,Poecile carolinensis,L20319928,Sunset Drive and Rod Lane,2025-03-03 17:36,2.0,37.726804,-89.254635,True,False,True,S216512380,,US-IL
amegfi,American Goldfinch,Spinus tristis,L20319928,Sunset Drive and Rod Lane,2025-03-03 17:36,2.0,37.726804,-89.254635,True,False,True,S216512380,,US-IL
normoc,Northern Mockingbird,Mimus polyglottos,L20319928,Sunset Drive and Rod Lane,2025-03-03 17:36,1.0,37.726804,-89.254635,True,False,True,S216512380,,US-IL
amerob,American Robin,Turdus migratorius,L20319928,Sunset Drive and Rod Lane,2025-03-03 17:36,6.0,37.726804,-89.254635,True,False,True,S216512380,,US-IL
houfin,House Finch,Haemorhous mexicanus,L20319928,Sunset Drive and Rod Lane,2025-03-03 17:36,2.0,37.726804,-89.254635,True,False,True,S216512380,N,US-IL
sonspa,Song Sparrow,Melospiza melodia,L20319928,Sunset Drive and Rod Lane,2025-03-03 17:36,1.0,37.726804,-89.254635,True,False,True,S216512380,,US-IL
easblu,Eastern Bluebird,Sialia sialis,L20319928,Sunset Drive and Rod Lane,2025-03-03 17:36,1.0,37.726804,-89.254635,True,False,True,S216512380,,US-IL
whtspa,White-throated Sparrow,Zonotrichia albicollis,L20319928,Sunset Drive and Rod Lane,2025-03-03 17:36,1.0,37.726804,-89.254635,True,False,True,S216512380,,US-IL
carwre,Carolina Wren,Thryothorus ludovicianus,L20319928,Sunset Drive and Rod Lane,2025-03-03 17:36,2.0,37.726804,-89.254635,True,False,True,S216512380,,US-IL
dowwoo,Downy Woodpecker,Dryobates pubescens,L28211350,Kilmar Woods,2025-03-03 17:32,1.0,38.570865,-90.051916,True,False,True,S216511410,,US-IL
rewbla,Red-winged Blackbird,Agelaius phoeniceus,L28211350,Kilmar Woods,2025-03-03 17:32,1500.0,38.570865,-90.051916,True,False,True,S216511410,,US-IL
rebwoo,Red-bellied Woodpecker,Melanerpes carolinus,L28211350,Kilmar Woods,2025-03-03 17:32,1.0,38.570865,-90.051916,True,False,True,S216511410,,US-IL
grbher3,Great Blue Heron,Ardea herodias,L28211350,Kilmar Woods,2025-03-03 17:32,1.0,38.570865,-90.051916,True,False,True,S216511410,,US-IL
comgra,Common Grackle,Quiscalus quiscula,L28211350,Kilmar Woods,2025-03-03 17:32,100.0,38.570865,-90.051916,True,False,True,S216511410,,US-IL
ribgul,Ring-billed Gull,Larus delawarensis,L124334,"Richard Clark Park, Chicago",2025-03-03 17:19,2.0,41.9433856,-87.6944263,True,False,False,S216513093,,US-IL
mallar3,Mallard,Anas platyrhynchos,L124334,"Richard Clark Park, Chicago",2025-03-03 17:19,4.0,41.9433856,-87.6944263,True,False,False,S216513093,,US-IL
cangoo,Canada Goose,Branta canadensis,L124334,"Richard Clark Park, Chicago",2025-03-03 17:19,31.0,41.9433856,-87.6944263,True,False,False,S216513093,,US-IL
amhgul1,American Herring Gull,Larus smithsonianus,L27447261,"Lincoln Park, Chicago--Uptown Natural Area",2025-03-03 17:16,2.0,41.9672603,-87.6483893,True,False,False,S216511331,,US-IL
eursta,European Starling,Sturnus vulgaris,L27447261,"Lincoln Park, Chicago--Uptown Natural Area",2025-03-03 17:16,24.0,41.9672603,-87.6483893,True,False,False,S216511331,N,US-IL
amecro,American Crow,Corvus brachyrhynchos,L27447261,"Lincoln Park, Chicago--Uptown Natural Area",2025-03-03 17:16,2.0,41.9672603,-87.6483893,True,False,False,S216511331,,US-IL
grhowl,Great Horned Owl,Bubo virginianus,L22675939,My Property,2025-03-03 17:15,1.0,37.564025,-89.204052,True,False,True,S216508278,,US-IL
baleag,Bald Eagle,Haliaeetus leucocephalus,L3493393,Fox River Forest Preserve,2025-03-03 17:13,14.0,42.2404768,-88.1872022,True,False,False,S216510631,,US-IL
bkcchi,Black-capped Chickadee,Poecile atricapillus,L3493393,Fox River Forest Preserve,2025-03-03 17:13,1.0,42.2404768,-88.1872022,True,False,False,S216510631,,US-IL
commer,Common Merganser,Mergus merganser,L3493393,Fox River Forest Preserve,2025-03-03 17:13,50.0,42.2404768,-88.1872022,True,False,False,S216510631,,US-IL
sancra,Sandhill Crane,Antigone canadensis,L3493393,Fox River Forest Preserve,2025-03-03 17:13,4.0,42.2404768,-88.1872022,True,False,False,S216510631,,US-IL
redhea,Redhead,Aythya americana,L3493393,Fox River Forest Preserve,2025-03-03 17:13,66.0,42.2404768,-88.1872022,True,False,False,S216510631,,US-IL
moudov,Mourning Dove,Zenaida macroura,L3493393,Fox River Forest Preserve,2025-03-03 17:13,2.0,42.2404768,-88.1872022,True,False,False,S216510631,,US-IL
rebmer,Red-breasted Merganser,Mergus serrator,L351831,Burnham Park--Promontory Point,2025-03-03 17:11,7.0,41.7960139,-87.5765064,True,False,False,S216510683,,US-IL
comgol,Common Goldeneye,Bucephala clangula,L351831,Burnham Park--Promontory Point,2025-03-03 17:11,2.0,41.7960139,-87.5765064,True,False,False,S216510683,,US-IL
killde,Killdeer,Charadrius vociferus,L351831,Burnham Park--Promontory Point,2025-03-03 17:11,1.0,41.7960139,-87.5765064,True,False,False,S216510683,,US-IL
whbnut,White-breasted Nuthatch,Sitta carolinensis,L29731318,Begemery House,2025-03-03 16:59,2.0,40.457702,-88.994546,True,False,True,S216506454,,US-IL
amtspa,American Tree Sparrow,Spizelloides arborea,L8759106,Prairie Point Trail Pond,2025-03-03 16:52,2.0,41.664443,-88.3382256,True,False,False,S216513538,,US-IL
daejun,Dark-eyed Junco,Junco hyemalis,L8759106,Prairie Point Trail Pond,2025-03-03 16:52,1.0,41.664443,-88.3382256,True,False,False,S216513538,,US-IL
belkin1,Belted Kingfisher,Megaceryle alcyon,L322155,Moraine Hills SP--McHenry Dam,2025-03-03 16:49,1.0,42.3084966,-88.2494274,True,False,False,S216507312,,US-IL
buffle,Bufflehead,Bucephala albeola,L322155,Moraine Hills SP--McHenry Dam,2025-03-03 16:49,4.0,42.3084966,-88.2494274,True,False,False,S216507312,,US-IL
mutswa,Mute Swan,Cygnus olor,L322155,Moraine Hills SP--McHenry Dam,2025-03-03 16:49,2.0,42.3084966,-88.2494274,True,False,False,S216507312,N,US-IL
lessca,Lesser Scaup,Aythya affinis,L322155,Moraine Hills SP--McHenry Dam,2025-03-03 16:49,62.0,42.3084966,-88.2494274,True,False,False,S216507312,,US-IL
rudduc,Ruddy Duck,Oxyura jamaicensis,L322155,Moraine Hills SP--McHenry Dam,2025-03-03 16:49,2.0,42.3084966,-88.2494274,True,False,False,S216507312,,US-IL
rinduc,Ring-necked Duck,Aythya collaris,L322155,Moraine Hills SP--McHenry Dam,2025-03-03 16:49,55.0,42.3084966,-88.2494274,True,False,False,S216507312,,US-IL
haiwoo,Hairy Woodpecker,Dryobates villosus,L393581,"Techny Basin Conservation Area, Glenview",2025-03-03 16:40,1.0,42.1006584,-87.8073907,True,False,False,S216508125,,US-IL
rethaw,Red-tailed Hawk,Buteo jamaicensis,L393581,"Techny Basin Conservation Area, Glenview",2025-03-03 16:40,2.0,42.1006584,-87.8073907,True,False,False,S216508125,,US-IL
amekes,American Kestrel,Falco sparverius,L3921197,West Ridge Nature Park,2025-03-03 16:38,1.0,41.9889067,-87.6886654,True,False,False,S216509268,,US-IL
hoomer,Hooded Merganser,Lophodytes cucullatus,L3921197,West Ridge Nature Park,2025-03-03 16:38,8.0,41.9889067,-87.6886654,True,False,False,S216509268,,US-IL
tuftit,Tufted Titmouse,Baeolophus bicolor,L28211350,Kilmar Woods,2025-03-03 16:37,1.0,38.570865,-90.051916,True,False,True,S216510265,,US-IL
turvul,Turkey Vulture,Cathartes aura,L5592342,US-Illinois-Norris City-851-857 County Road 550 East - 38.002x-88.274,2025-03-03 16:30,20.0,38.0021442,-88.2737444,True,False,True,S216504067,,US-IL
brdowl,Barred Owl,Strix varia,L40224565,"4624 Tunbridge Hill Road, Clinton, Illinois, US (40.117, -89.05)",2025-03-03 16:28,1.0,40.116735,-89.0496567,True,False,True,S216504975,,US-IL
easmea,Eastern Meadowlark,Sturnella magna,L40691249,"5064 Dailette Rd, Rockford US-IL 42.20764, -89.14464",2025-03-03 16:28,1.0,42.207637,-89.144642,True,False,True,S216502411,,US-IL
reshaw,Red-shouldered Hawk,Buteo lineatus,L40224565,"4624 Tunbridge Hill Road, Clinton, Illinois, US (40.117, -89.05)",2025-03-03 16:28,1.0,40.116735,-89.0496567,True,False,True,S216504975,,US-IL
bnhcow,Brown-headed Cowbird,Molothrus ater,L40691249,"5064 Dailette Rd, Rockford US-IL 42.20764, -89.14464",2025-03-03 16:28,1.0,42.207637,-89.144642,True,False,True,S216502411,,US-IL
shshaw,Sharp-shinned Hawk,Accipiter striatus,L40224565,"4624 Tunbridge Hill Road, Clinton, Illinois, US (40.117, -89.05)",2025-03-03 16:28,1.0,40.116735,-89.0496567,True,False,True,S216504975,,US-IL
norfli,Northern Flicker,Colaptes auratus,L27849295,Brush Behind Veterans Parkway,2025-03-03 16:20,1.0,40.4593438,-88.9801303,True,False,True,S216506315,,US-IL
canvas,Canvasback,Aythya valisineria,L19222244,57-80 Warehouse Campus Retention Ponds,2025-03-03 16:16,3.0,41.5808736,-87.7294563,True,False,False,S216501331,,US-IL
gwfgoo,Greater White-fronted Goose,Anser albifrons,L19222244,57-80 Warehouse Campus Retention Ponds,2025-03-03 16:16,50.0,41.5808736,-87.7294563,True,False,False,S216501331,,US-IL
rehwoo,Red-headed Woodpecker,Melanerpes erythrocephalus,L604332,Waterfall Glen Forest Preserve--Poverty Prairie,2025-03-03 16:13,1.0,41.6969491,-87.9956818,True,False,False,S216510640,,US-IL
coohaw,Cooper's Hawk,Astur cooperii,L604332,Waterfall Glen Forest Preserve--Poverty Prairie,2025-03-03 16:13,1.0,41.6969491,-87.9956818,True,False,False,S216510640,,US-IL
merlin,Merlin,Falco columbarius,L12299499,Helm Woods Forest Preserve,2025-03-03 16:12,1.0,42.1274549,-88.2420895,True,False,False,S216505604,,US-IL
lbbgul,Lesser Black-backed Gull,Larus fuscus,L2065850,Midlothian Reservoir,2025-03-03 16:11,1.0,41.5906527,-87.7388776,True,False,False,S216502253,,US-IL
wooduc,Wood Duck,Aix sponsa,L11368438,John Hay Recreation Area,2025-03-03 16:10,24.0,39.7187791,-91.3506142,True,False,False,S216502666,,US-IL
blujay,Blue Jay,Cyanocitta cristata,L11368438,John Hay Recreation Area,2025-03-03 16:10,2.0,39.7187791,-91.3506142,True,False,False,S216502666,,US-IL
fiscro,Fish Crow,Corvus ossifragus,L27517585,Ilse and Charles Jobson Natural Play Park,2025-03-03 16:10,1.0,40.5040908,-88.9723055,True,False,False,S216499688,,US-IL
amwpel,American White Pelican,Pelecanus erythrorhynchos,L11368438,John Hay Recreation Area,2025-03-03 16:10,85.0,39.7187791,-91.3506142,True,False,False,S216502666,,US-IL
truswa,Trumpeter Swan,Cygnus buccinator,L2705110,Upper Mississippi River NWR--Spring Lake Unit,2025-03-03 16:03,,42.0654156,-90.1279306,True,False,False,S216499713,,US-IL
gnwtea,Green-winged Teal,Anas crecca,L1428597,Westlake Lake & Nature Area,2025-03-03 15:58,1.0,42.3041526,-89.2819297,True,False,False,S216507406,,US-IL
amewig,American Wigeon,Mareca americana,L1428597,Westlake Lake & Nature Area,2025-03-03 15:58,2.0,42.3041526,-89.2819297,True,False,False,S216507406,,US-IL
y00475,American Coot,Fulica americana,L289205,Lemont Quarries (Cook Co.),2025-03-03 15:55,7.0,41.6822668,-87.9812559,True,False,False,S216505867,,US-IL
brncre,Brown Creeper,Certhia americana,L250384,Lake of the Woods Forest Preserve,2025-03-03 15:45,1.0,40.2040275,-88.3868487,True,False,False,S216497780,,US-IL
blkvul,Black Vulture,Coragyps atratus,L27703670,"Depper Pond Middle 320 Depper Rd, Cobden US-IL 37.55689, -89.22118",2025-03-03 15:36,5.0,37.556889,-89.221179,True,False,True,S216495419,,US-IL
norpin,Northern Pintail,Anas acuta,L6466947,Lake Kakusha,2025-03-03 15:36,3.0,41.5620608,-89.1372406,True,False,False,S216505753,,US-IL
tunswa,Tundra Swan,Cygnus columbianus,L2898687,Muirhead Springs Forest Preserve,2025-03-03 15:20,,42.0466113,-88.4521948,True,False,False,S216511362,,US-IL
horlar,Horned Lark,Eremophila alpestris,L2898687,Muirhead Springs Forest Preserve,2025-03-03 15:20,1.0,42.0466113,-88.4521948,True,False,False,S216511362,,US-IL
norhar2,Northern Harrier,Circus hudsonius,L2898687,Muirhead Springs Forest Preserve,2025-03-03 15:20,2.0,42.0466113,-88.4521948,True,False,False,S216511362,,US-IL
snobun,Snow Bunting,Plectrophenax nivalis,L2898687,Muirhead Springs Forest Preserve,2025-03-03 15:20,1.0,42.0466113,-88.4521948,True,False,False,S216511362,,US-IL
eastow,Eastern Towhee,Pipilo erythrophthalmus,L1983094,"1123 Country Club Road, Metropolis, IL",2025-03-03 15:16,2.0,37.1917923,-88.7254572,True,False,True,S216499180,,US-IL
swaspa,Swamp Sparrow,Melospiza georgiana,L1983094,"1123 Country Club Road, Metropolis, IL",2025-03-03 15:16,1.0,37.1917923,-88.7254572,True,False,True,S216499180,,US-IL
foxspa,Fox Sparrow,Passerella iliaca,L1983094,"1123 Country Club Road, Metropolis, IL",2025-03-03 15:16,2.0,37.1917923,-88.7254572,True,False,True,S216499180,,US-IL
fiespa,Field Sparrow,Spizella pusilla,L1983094,"1123 Country Club Road, Metropolis, IL",2025-03-03 15:16,1.0,37.1917923,-88.7254572,True,False,True,S216499180,,US-IL
eucdov,Eurasian Collared-Dove,Streptopelia decaocto,L1983094,"1123 Country Club Road, Metropolis, IL",2025-03-03 15:16,2.0,37.1917923,-88.7254572,True,False,True,S216499180,N,US-IL
yebsap,Yellow-bellied Sapsucker,Sphyrapicus varius,L1983094,"1123 Country Club Road, Metropolis, IL",2025-03-03 15:16,1.0,37.1917923,-88.7254572,True,False,True,S216499180,,US-IL
eutspa,Eurasian Tree Sparrow,Passer montanus,L10136218,Lake Mendota,2025-03-03 15:14,3.0,41.5579643,-89.1307244,True,False,False,S216505311,N,US-IL
snogoo,Snow Goose,Anser caerulescens,L4832166,Morgan Jacksonville Dickcissel,2025-03-03 15:08,625.0,39.7040831,-90.1892138,True,False,True,S216492074,,US-IL
perfal,Peregrine Falcon,Falco peregrinus,L35113679,Lincoln Park//Margate + Foster loop,2025-03-03 15:03,2.0,41.973565,-87.649866,True,False,True,S216499650,,US-IL
doccor,Double-crested Cormorant,Nannopterum auritum,L13905852,Beacon Harbor Park,2025-03-03 14:54,1.0,41.5303227,-90.4382906,True,False,False,S216492925,,US-IL
gadwal,Gadwall,Mareca strepera,L19222244,57-80 Warehouse Campus Retention Ponds,2025-03-03 14:30,3.0,41.5808736,-87.7294563,True,False,False,S216509250,,US-IL
y00478,Iceland Gull,Larus glaucoides,L4271790,Fed Ex Ponds,2025-03-03 14:03,1.0,42.325409,-88.031198,True,False,False,S216481952,,US-IL
pilwoo,Pileated Woodpecker,Dryocopus pileatus,L40822724,"1500 East 1650 Avenue, Brownstown, Illinois, US (38.977, -88.974)",2025-03-03 13:40,1.0,38.9767613,-88.9738357,True,False,True,S216479036,,US-IL
cacgoo1,Cackling Goose,Branta hutchinsii,L2612411,Howard Farm (Winnebago Co.),2025-03-03 13:35,15.0,42.3759197,-89.2941284,True,False,False,S216508452,,US-IL
whcspa,White-crowned Sparrow,Zonotrichia leucophrys,L12743802,Kress Creek Farms Park,2025-03-03 13:34,4.0,41.8547825,-88.2077297,True,False,False,S216480913,,US-IL
easowl1,Eastern Screech-Owl,Megascops asio,L505882,"Knoch Knolls Park, Naperville",2025-03-03 13:30,1.0,41.7100537,-88.1433105,True,False,False,S216504028,,US-IL
rosgoo,Ross's Goose,Anser rossii,L3053939,Lake Petersburg,2025-03-03 13:29,2.0,39.9861303,-89.8554397,True,False,False,S216482285,,US-IL
x00004,Mallard x American Black Duck (hybrid),Anas platyrhynchos x rubripes,L3053939,Lake Petersburg,2025-03-03 13:29,1.0,39.9861303,-89.8554397,True,False,False,S216482285,,US-IL
rusbla,Rusty Blackbird,Euphagus carolinus,L18833553,Rathbun Wetland/Ponds (Private Land),2025-03-03 13:10,1.0,39.8639706,-91.427518,True,False,True,S216493362,,US-IL
ambduc,American Black Duck,Anas rubripes,L4789089,Techny Basin--north of Willow Rd.,2025-03-03 12:53,2.0,42.1097167,-87.8096223,True,False,False,S216474359,,US-IL
cedwax,Cedar Waxwing,Bombycilla cedrorum,L5558359,Grassy Lake Forest Preserve,2025-03-03 12:32,1.0,42.2159322,-88.1821918,True,False,False,S216507752,,US-IL
yerwar,Yellow-rumped Warbler,Setophaga coronata,L1095884,Crab Orchard NWR,2025-03-03 12:31,7.0,37.6961003,-89.0708914,True,False,False,S216473522,,US-IL
norsho,Northern Shoveler,Spatula clypeata,L608435,Chautauqua NWR--Eagle Bluff,2025-03-03 12:21,2.0,40.3747335,-89.9800786,True,False,False,S216511250,,US-IL
herthr,Hermit Thrush,Catharus guttatus,L608435,Chautauqua NWR--Eagle Bluff,2025-03-03 12:21,1.0,40.3747335,-89.9800786,True,False,False,S216511250,,US-IL
winwre3,Winter Wren,Troglodytes hiemalis,L25200710,Bellevue Park,2025-03-03 12:14,1.0,38.5476569,-90.0265087,True,False,True,S216470570,,US-IL
bcnher,Black-crowned Night Heron,Nycticorax nycticorax,L343242,"Ronan Park, Chicago",2025-03-03 12:05,1.0,41.970298,-87.7031654,True,False,False,S216470144,,US-IL
eurgol,European Goldfinch,Carduelis carduelis,L40822654,"Lindberg Park, Palatine, Illinois, US (42.121, -88.01)",2025-03-03 12:00,4.0,42.1213614,-88.0102096,True,True,True,S216478687,N,US-IL
gresca,Greater Scaup,Aythya marila,L2338365,Oak Forest Heritage Preserve,2025-03-03 11:52,6.0,41.5982428,-87.7263451,True,False,False,S216474097,,US-IL
lotduc,Long-tailed Duck,Clangula hyemalis,L2057479,"Montrose Harbor, Chicago",2025-03-03 11:46,1.0,41.9614367,-87.6386046,True,False,False,S216471033,,US-IL
rolhaw,Rough-legged Hawk,Buteo lagopus,L40822347,Kelly road and Hunt club,2025-03-03 11:20,1.0,42.4403402,-87.971603,True,False,True,S216477247,,US-IL
easpho,Eastern Phoebe,Sayornis phoebe,L2288069,"Eastgate Drive, Charleston",2025-03-03 11:05,1.0,39.4932584,-88.1562409,True,False,True,S216457629,,US-IL
whwsco2,White-winged Scoter,Melanitta deglandi,L2440695,"Steelworkers Park (#523, including IL portion of breakwater and Lake Michigan)",2025-03-03 10:39,1.0,41.7394892,-87.5297499,True,False,False,S216454419,,US-IL
gockin,Golden-crowned Kinglet,Regulus satrapa,L200627,Horseshoe Lake State Park,2025-03-03 10:30,1.0,38.7039503,-90.0724398,True,False,False,S216481645,,US-IL
laplon,Lapland Longspur,Calcarius lapponicus,L40816358,"14303 Grove Road, Minooka, Illinois, US (41.514, -88.35)",2025-03-03 10:14,40.0,41.514356,-88.350089,True,False,True,S216446883,,US-IL
rebnut,Red-breasted Nuthatch,Sitta canadensis,L31673793,"McHenry Dam, McHenry IL",2025-03-03 08:41,2.0,42.3110849,-88.2482386,True,False,True,S216472139,,US-IL
retloo,Red-throated Loon,Gavia stellata,L152655,Illinois Beach SP--South Unit,2025-03-03 08:15,1.0,42.4203,-87.8078,True,False,False,S216435732,,US-IL
pinsis,Pine Siskin,Spinus pinus,L11857699,Home,2025-03-03 06:53,1.0,41.799862,-89.6540836,True,False,True,S216419822,,US-IL
spotow,Spotted Towhee,Pipilo maculatus,L9275285,Mark and Joy's place,2025-03-03 06:38,1.0,37.4866009,-89.215061,True,True,True,S216409957,,US-IL
amewoo,American Woodcock,Scolopax minor,L22675939,My Property,2025-03-03 05:45,3.0,37.564025,-89.204052,True,False,True,S216402187,,US-IL
rinphe1,Ring-necked Pheasant,Phasianus colchicus,L7575130,Robert C. Porter Family Park,2025-03-02 18:11,1.0,40.086231,-88.3305931,True,False,False,S216358126,N,US-IL
sheowl,Short-eared Owl,Asio flammeus,L224192,Killdeer (Tinley Creek) Wetlands,2025-03-02 17:49,4.0,41.5439,-87.7545,True,False,False,S216356405,,US-IL
brnthr,Brown Thrasher,Toxostoma rufum,L20319928,Sunset Drive and Rod Lane,2025-03-02 17:43,1.0,37.726804,-89.254635,True,False,True,S216355797,,US-IL
savspa,Savannah Sparrow,Passerculus sandwichensis,L1904785,Crab Orchard NWR--Wolfcreek Meadow Overlook,2025-03-02 16:56,1.0,37.6911914,-89.0577126,True,False,False,S216350189,,US-IL
norshr4,Northern Shrike,Lanius borealis,L40795857,"1974–1998 S River Rd, Waukegan US-IL 42.32395, -87.94156",2025-03-02 16:09,1.0,42.323951,-87.941563,True,False,True,S216339583,,US-IL
wilsni1,Wilson's Snipe,Gallinago delicata,L1627282,Mendenhall Park,2025-03-02 15:25,2.0,40.6159043,-89.653037,True,False,False,S216361122,,US-IL
buwtea,Blue-winged Teal,Spatula discors,L1627282,Mendenhall Park,2025-03-02 15:25,1.0,40.6159043,-89.653037,True,True,False,S216361122,,US-IL
gbbgul,Great Black-backed Gull,Larus marinus,L2440695,"Steelworkers Park (#523, including IL portion of breakwater and Lake Michigan)",2025-03-02 15:04,1.0,41.7394892,-87.5297499,True,False,False,S216373163,,US-IL
pibgre,Pied-billed Grebe,Podilymbus podiceps,L4207095,"Lost Bridge Trail Pond,  Springfield",2025-03-02 14:24,2.0,39.7781832,-89.603709,True,False,False,S216320539,,US-IL
horgre,Horned Grebe,Podiceps auritus,L729827,Shabbona Lake State Park,2025-03-02 14:21,1.0,41.7479194,-88.8639722,True,True,False,S216370495,,US-IL
sursco,Surf Scoter,Melanitta perspicillata,L2440695,"Steelworkers Park (#523, including IL portion of breakwater and Lake Michigan)",2025-03-02 14:11,1.0,41.7394892,-87.5297499,True,False,False,S216470504,,US-IL
gragoo,Graylag Goose,Anser anser,L40787584,"Wilmington, IL - S. Island Park, Park St. cutoff",2025-03-02 12:35,21.0,41.3042014,-88.147707,True,False,True,S216303488,X,US-IL
chispa,Chipping Sparrow,Spizella passerina,L3510775,Sexton Creek Wetlands,2025-03-02 11:50,1.0,37.285722,-89.4336963,True,True,False,S216317062,,US-IL
glagul,Glaucous Gull,Larus hyperboreus,L190873,"North Point Marina/State Line Beach, Winthrop Harbor",2025-03-02 11:43,3.0,42.4877956,-87.8023911,True,False,False,S216330559,,US-IL
bongul,Bonaparte's Gull,Chroicocephalus philadelphia,L6200744,Lake of Egypt Dam,2025-03-02 11:00,5.0,37.624912,-88.942677,True,False,False,S216370014,,US-IL
harduc,Harlequin Duck,Histrionicus histrionicus,L190873,"North Point Marina/State Line Beach, Winthrop Harbor",2025-03-02 10:54,1.0,42.4877956,-87.8023911,True,True,False,S216318074,,US-IL
x00611,American Wigeon x Mallard (hybrid),Mareca americana x Anas platyrhynchos,L1573785,"Lincoln Park Zoo, Chicago",2025-03-02 10:00,1.0,41.9207287,-87.6327196,True,True,False,S216316462,,US-IL
x00628,Mallard x Northern Pintail (hybrid),Anas platyrhynchos x acuta,L1573785,"Lincoln Park Zoo, Chicago",2025-03-02 10:00,1.0,41.9207287,-87.6327196,True,True,False,S216316462,,US-IL
purmar,Purple Martin,Progne subis,L476309,Carlyle Lake--West Access Marina and Beach,2025-03-02 09:57,6.0,38.626071,-89.3591022,True,True,False,S216267130,,US-IL
treswa,Tree Swallow,Tachycineta bicolor,L200349,Mermet Lake,2025-03-02 09:24,3.0,37.2554005,-88.8450811,True,True,False,S216445119,,US-IL
pinwar,Pine Warbler,Setophaga pinus,L2059926,"Kennedy, private property",2025-03-02 09:14,1.0,37.6869067,-89.2639911,True,False,True,S216252838,,US-IL
ruckin,Ruby-crowned Kinglet,Corthylio calendula,L12241078,Caseyville,2025-03-02 08:00,1.0,38.636007,-90.018361,True,False,True,S216437285,,US-IL
snoowl1,Snowy Owl,Bubo scandiacus,L6599787,O'Hare International Airport,2025-03-01 19:20,1.0,41.975403,-87.905936,True,False,False,S216155425,,US-IL
norbob,Northern Bobwhite,Colinus virginianus,L40754753,JCHS,2025-03-01 17:53,1.0,39.12521,-90.328603,True,False,True,S216133038,,US-IL
lesyel,Lesser Yellowlegs,Tringa flavipes,L40757509,Gorham shorebird areas,2025-03-01 16:03,1.0,37.7773576,-89.5551386,True,True,True,S216146255,,US-IL
monpar,Monk Parakeet,Myiopsitta monachus,L4849349,ComEd Substation/Swift Rd.,2025-03-01 12:32,20.0,41.8954093,-88.0453884,True,False,True,S216074193,N,US-IL
brebla,Brewer's Blackbird,Euphagus cyanocephalus,L40625019,Private Yard,2025-03-01 09:00,3.0,37.849682,-88.892768,True,False,True,S216128881,,US-IL
wesmea,Western Meadowlark,Sturnella neglecta,L4104040,Seavey Rd. (Bliss Rd. to Rt. 47),2025-02-28 11:47,1.0,41.8290046,-88.4270718,True,True,False,S215902545,,US-IL
goleag,Golden Eagle,Aquila chrysaetos,L40698680,Grimsby,2025-02-28 10:35,1.0,37.7509155,-89.4494969,True,True,True,S215866760,,US-IL
harspa,Harris's Sparrow,Zonotrichia querula,L6209391,IL Calhoun Co 2,2025-02-27 09:30,1.0,39.3255106,-90.7452421,True,True,True,S215751560,,US-IL
grtgra,Great-tailed Grackle,Quiscalus mexicanus,L17656220,"North S Ridgeland Ave, Monee US-IL",2025-02-26 12:23,1.0,41.451257,-87.767324,True,True,True,S215590666,,US-IL
musduc,Muscovy Duck,Cairina moschata,L2931411,"Leo French Park, Fairfield",2025-02-25 16:07,1.0,38.3847136,-88.3526201,True,True,False,S215436435,X,US-IL
amepip,American Pipit,Anthus rubescens,L294426,"Northerly Island, Chicago",2025-02-25 14:53,1.0,41.8596139,-87.6085684,True,True,False,S215488822,,US-IL
swagoo1,Swan Goose,Anser cygnoides,L40562331,"3900 Wolf Creek Road, Carbondale, Illinois, US (37.651, -89.057)",2025-02-23 17:29,2.0,37.6507226,-89.0568713,True,True,True,S215134024,X,US-IL
logshr,Loggerhead Shrike,Lanius ludovicianus,L327006,Pyramid State Park,2025-02-23 15:15,1.0,38.0193229,-89.4105649,True,False,False,S215933000,,US-IL
neocor,Neotropic Cormorant,Nannopterum brasilianum,L6200744,Lake of Egypt Dam,2025-02-23 11:41,1.0,37.624912,-88.942677,True,True,False,S215932162,,US-IL
yehbla,Yellow-headed Blackbird,Xanthocephalus xanthocephalus,L164818,"Worley Lake, Pekin Lake FWA",2025-02-23 07:42,1.0,40.60253,-89.64502,True,True,False,S215012538,,US-IL
brnowl,American Barn Owl,Tyto furcata,L164824,Eldon Hazlet State Park,2025-02-22 17:19,1.0,38.66333,-89.3255,True,True,False,S214935706,,US-IL
x00655,Bufflehead x Common Goldeneye (hybrid),Bucephala albeola x clangula,L923192,Buffalo Park Forest Preserve,2025-02-22 15:16,1.0,42.1515729,-88.2938157,True,True,False,S214908202,,US-IL
linspa,Lincoln's Sparrow,Melospiza lincolnii,L15332209,Martin Conservation Area,2025-02-22 08:42,1.0,41.4230558,-90.8737522,True,True,False,S214879166,,US-IL
