speciesCode,comName,sciName,locId,locName,obsDt,howMany,lat,lng,obsValid,obsReviewed,locationPrivate,subId,exoticCategory,region
easblu,Eastern Bluebird,Sialia sialis,L6755242,Vermillion R. Trib. #1 - Hwy 47 to 190th St E,2025-03-03 17:50,1.0,44.6522167,-92.9239465,True,False,True,S216512573,,US-MN
baleag,Bald Eagle,Haliaeetus leucocephalus,L28101700,Elba Fire Tower,2025-03-03 17:43,1.0,44.0897927,-92.0128322,True,False,False,S216511638,,US-MN
perfal,Peregrine Falcon,Falco peregrinus,L1039327,Mississippi River Lock and Dam 2 (Washington Co.),2025-03-03 17:42,1.0,44.760419,-92.8634706,True,False,False,S216511704,,US-MN
mallar3,Mallard,Anas platyrhynchos,L360125,St. Olaf College Natural Lands,2025-03-03 17:37,23.0,44.4645538,-93.1909704,True,False,False,S216511102,,US-MN
cangoo,Canada Goose,Branta canadensis,L35228594,Morrison county park,2025-03-03 17:36,1.0,46.0389938,-94.3392639,True,False,True,S216513128,,US-MN
houfin,House Finch,Haemorhous mexicanus,L35228594,Morrison county park,2025-03-03 17:36,,46.0389938,-94.3392639,True,False,True,S216513128,N,US-MN
bkcchi,Black-capped Chickadee,Poecile atricapillus,L1560156,Essex Park,2025-03-03 17:34,3.0,44.0788367,-92.4799227,True,False,False,S216511335,,US-MN
rocpig,Rock Pigeon,Columba livia,L1560156,Essex Park,2025-03-03 17:34,2.0,44.0788367,-92.4799227,True,False,False,S216511335,N,US-MN
truswa,Trumpeter Swan,Cygnus buccinator,L40828979,"Auto selected 47.16751, -92.74611",2025-03-03 17:34,2.0,47.167507,-92.746114,True,False,True,S216512171,,US-MN
whbnut,White-breasted Nuthatch,Sitta carolinensis,L1560156,Essex Park,2025-03-03 17:34,1.0,44.0788367,-92.4799227,True,False,False,S216511335,,US-MN
norhar2,Northern Harrier,Circus hudsonius,L40828643,"58586–58674 CR-28, Litchfield US-MN (45.0303,-94.5743)",2025-03-03 17:30,1.0,45.030257,-94.574341,True,False,True,S216510340,,US-MN
amecro,American Crow,Corvus brachyrhynchos,L1040010,Mississippi Gorge Regional Park--Winchell Trail,2025-03-03 17:26,1.0,44.9375421,-93.205019,True,False,False,S216513064,,US-MN
norcar,Northern Cardinal,Cardinalis cardinalis,L1040010,Mississippi Gorge Regional Park--Winchell Trail,2025-03-03 17:26,2.0,44.9375421,-93.205019,True,False,False,S216513064,,US-MN
haiwoo,Hairy Woodpecker,Dryobates villosus,L1040010,Mississippi Gorge Regional Park--Winchell Trail,2025-03-03 17:26,1.0,44.9375421,-93.205019,True,False,False,S216513064,,US-MN
lessca,Lesser Scaup,Aythya affinis,L2704627,Cleary Lake Regional Park,2025-03-03 17:20,16.0,44.6817143,-93.3932304,True,False,False,S216509541,,US-MN
rinduc,Ring-necked Duck,Aythya collaris,L2704627,Cleary Lake Regional Park,2025-03-03 17:20,9.0,44.6817143,-93.3932304,True,False,False,S216509541,,US-MN
wooduc,Wood Duck,Aix sponsa,L2704627,Cleary Lake Regional Park,2025-03-03 17:20,4.0,44.6817143,-93.3932304,True,False,False,S216509541,,US-MN
redhea,Redhead,Aythya americana,L2704627,Cleary Lake Regional Park,2025-03-03 17:20,2.0,44.6817143,-93.3932304,True,False,False,S216509541,,US-MN
gadwal,Gadwall,Mareca strepera,L2704627,Cleary Lake Regional Park,2025-03-03 17:20,2.0,44.6817143,-93.3932304,True,False,False,S216509541,,US-MN
eursta,European Starling,Sturnus vulgaris,L15491718,Minuscule Median Marsh,2025-03-03 17:13,2.0,44.730355,-93.134983,True,False,True,S216507994,N,US-MN
comgra,Common Grackle,Quiscalus quiscula,L15945989,Sleepy Eye Lake,2025-03-03 17:12,20.0,44.3065789,-94.7334424,True,False,False,S216513137,,US-MN
rewbla,Red-winged Blackbird,Agelaius phoeniceus,L11718641,180th Street School Prairie,2025-03-03 17:12,1.0,44.6873557,-92.9609964,True,False,False,S216509546,,US-MN
rethaw,Red-tailed Hawk,Buteo jamaicensis,L11718641,180th Street School Prairie,2025-03-03 17:12,1.0,44.6873557,-92.9609964,True,False,False,S216509546,,US-MN
daejun,Dark-eyed Junco,Junco hyemalis,L15945989,Sleepy Eye Lake,2025-03-03 17:12,1.0,44.3065789,-94.7334424,True,False,False,S216513137,,US-MN
dowwoo,Downy Woodpecker,Dryobates pubescens,L15945989,Sleepy Eye Lake,2025-03-03 17:12,2.0,44.3065789,-94.7334424,True,False,False,S216513137,,US-MN
y00475,American Coot,Fulica americana,L18041814,"Lake Kohlmeier, Owatonna, Minnesota, US (44.069, -93.244)",2025-03-03 17:05,1.0,44.0691104,-93.2440352,True,False,True,S216507576,,US-MN
norsho,Northern Shoveler,Spatula clypeata,L18041814,"Lake Kohlmeier, Owatonna, Minnesota, US (44.069, -93.244)",2025-03-03 17:05,5.0,44.0691104,-93.2440352,True,False,True,S216507576,,US-MN
houspa,House Sparrow,Passer domesticus,L18033589,Logan Park,2025-03-03 17:05,2.0,44.9998581,-93.2537985,True,False,False,S216511254,N,US-MN
commer,Common Merganser,Mergus merganser,L13929594,Blue Lake,2025-03-03 17:04,7.0,44.8033657,-93.4316666,True,False,False,S216510224,,US-MN
ambduc,American Black Duck,Anas rubripes,L13929594,Blue Lake,2025-03-03 17:04,2.0,44.8033657,-93.4316666,True,False,False,S216510224,,US-MN
comgol,Common Goldeneye,Bucephala clangula,L13929594,Blue Lake,2025-03-03 17:04,4.0,44.8033657,-93.4316666,True,False,False,S216510224,,US-MN
hoomer,Hooded Merganser,Lophodytes cucullatus,L13929594,Blue Lake,2025-03-03 17:04,1.0,44.8033657,-93.4316666,True,False,False,S216510224,,US-MN
amerob,American Robin,Turdus migratorius,L13929594,Blue Lake,2025-03-03 17:04,2.0,44.8033657,-93.4316666,True,False,False,S216510224,,US-MN
amtspa,American Tree Sparrow,Spizelloides arborea,L13929594,Blue Lake,2025-03-03 17:04,1.0,44.8033657,-93.4316666,True,False,False,S216510224,,US-MN
eucdov,Eurasian Collared-Dove,Streptopelia decaocto,L14933449,"25100–25238 Northern Rd, Pine City US-MN 45.83162, -92.89788",2025-03-03 17:04,2.0,45.831621,-92.897884,True,False,True,S216506918,N,US-MN
rinphe1,Ring-necked Pheasant,Phasianus colchicus,L4470849,Glendale Hollow Pools,2025-03-03 16:57,1.0,44.1727397,-92.0011532,True,False,False,S216511813,N,US-MN
pilwoo,Pileated Woodpecker,Dryocopus pileatus,L4470849,Glendale Hollow Pools,2025-03-03 16:57,1.0,44.1727397,-92.0011532,True,False,False,S216511813,,US-MN
amegfi,American Goldfinch,Spinus tristis,L4790397,Lake Elmo Home,2025-03-03 16:54,1.0,44.958729,-92.9339826,True,False,True,S216510304,,US-MN
moudov,Mourning Dove,Zenaida macroura,L4790397,Lake Elmo Home,2025-03-03 16:54,11.0,44.958729,-92.9339826,True,False,True,S216510304,,US-MN
cedwax,Cedar Waxwing,Bombycilla cedrorum,L28046049,"Lakeville--Jupiter Path, 205th St W to Jupiter Ave",2025-03-03 16:48,2.0,44.6526165,-93.282827,True,False,True,S216505084,,US-MN
brncre,Brown Creeper,Certhia americana,L19192932,Tyrol Lane (private),2025-03-03 16:48,1.0,44.7393585,-93.5338313,True,False,True,S216510022,,US-MN
rebwoo,Red-bellied Woodpecker,Melanerpes carolinus,L506415,Shakopee Mill Pond/Memorial Park,2025-03-03 16:45,1.0,44.8031691,-93.5011411,True,False,False,S216509068,,US-MN
shtgro,Sharp-tailed Grouse,Tympanuchus phasianellus,L1226218,Agassiz Valley (Marshall Co.),2025-03-03 16:35,9.0,48.1806579,-96.6525006,True,False,False,S216503936,,US-MN
brdowl,Barred Owl,Strix varia,L13232226,Corner of County Road 40 and County Road 9,2025-03-03 16:33,1.0,45.5717328,-94.5089771,True,False,True,S216502735,,US-MN
horlar,Horned Lark,Eremophila alpestris,L2965626,Agassiz Valley (Polk Co.),2025-03-03 16:27,7.0,48.17067,-96.64324,True,False,False,S216502807,,US-MN
cacgoo1,Cackling Goose,Branta hutchinsii,L8004713,Koch Minnesota Trail,2025-03-03 16:26,1.0,44.7421659,-93.1249663,True,False,False,S216504095,,US-MN
belkin1,Belted Kingfisher,Megaceryle alcyon,L149651,Oxbow Park,2025-03-03 16:20,1.0,44.0833321,-92.6500015,True,False,False,S216506015,,US-MN
blujay,Blue Jay,Cyanocitta cristata,L1455050,Lake Hiawatha Park,2025-03-03 16:20,4.0,44.920967,-93.2347699,True,False,False,S216506339,,US-MN
norshr4,Northern Shrike,Lanius borealis,L18330277,"Minnesota Valley National Wildlife Refuge, Burnsville US-MN 44.82528, -93.23110",2025-03-03 16:19,1.0,44.825281,-93.231097,True,False,True,S216510014,,US-MN
norfli,Northern Flicker,Colaptes auratus,L18330277,"Minnesota Valley National Wildlife Refuge, Burnsville US-MN 44.82528, -93.23110",2025-03-03 16:19,1.0,44.825281,-93.231097,True,False,True,S216510014,,US-MN
comrav,Common Raven,Corvus corax,L40826983,"Lake Country Scenic Byway, Park Rapids, Minnesota, US (47.153, -95.15)",2025-03-03 16:19,1.0,47.152574,-95.1504359,True,False,True,S216501294,,US-MN
rufgro,Ruffed Grouse,Bonasa umbellus,L40826770,"9100–9198 Arkola Rd, Kelsey US-MN 47.16715, -92.64740",2025-03-03 16:13,2.0,47.167149,-92.6474,True,False,True,S216500245,,US-MN
laplon,Lapland Longspur,Calcarius lapponicus,L40826840,"27400–27450 Rush Creek Rd, Lewiston US-MN 43.95642, -91.81001",2025-03-03 16:11,20.0,43.956419,-91.810013,True,False,True,S216500566,,US-MN
rolhaw,Rough-legged Hawk,Buteo lagopus,L28825496,"3906 Silver Creek Road Northeast, Rochester, Minnesota, US (44.036, -92.4)",2025-03-03 16:09,1.0,44.0361554,-92.4004711,True,False,True,S216500032,,US-MN
borchi2,Boreal Chickadee,Poecile hudsonicus,L40826656,"Gunflint Trails Snowmobile, Grand Marais US-MN 48.06334, -90.54540",2025-03-03 16:09,1.0,48.063338,-90.545397,True,False,True,S216499612,,US-MN
wiltur,Wild Turkey,Meleagris gallopavo,L28825496,"3906 Silver Creek Road Northeast, Rochester, Minnesota, US (44.036, -92.4)",2025-03-03 16:09,36.0,44.0361554,-92.4004711,True,False,True,S216500032,,US-MN
gwfgoo,Greater White-fronted Goose,Anser albifrons,L40826559,"3128 270th Street East, Medford, Minnesota, US (44.196, -93.24)",2025-03-03 16:00,10.0,44.1964844,-93.2399923,True,False,True,S216499115,,US-MN
norpin,Northern Pintail,Anas acuta,L150986,East Landfill Kalmar Reservoir,2025-03-03 15:54,12.0,44.048904,-92.574585,True,False,False,S216499172,,US-MN
rebnut,Red-breasted Nuthatch,Sitta canadensis,L7369939,"moose lake, fall lake township,MN USA",2025-03-03 15:44,2.0,47.9786252,-91.5215635,True,False,True,S216503526,,US-MN
rusbla,Rusty Blackbird,Euphagus carolinus,L40827033,"23601–23899 CR-2, Rushford US-MN 43.85017, -91.79950",2025-03-03 15:42,2.0,43.850171,-91.799499,True,False,True,S216501530,,US-MN
amhgul1,American Herring Gull,Larus smithsonianus,L5142969,"WLSSD (restricted area, view only from outside of fence)",2025-03-03 15:38,,46.7622223,-92.1225188,True,False,False,S216495239,,US-MN
merlin,Merlin,Falco columbarius,L1152814,Frontenac SP,2025-03-03 15:36,1.0,44.5294182,-92.347388,True,False,False,S216508641,,US-MN
whwcro,White-winged Crossbill,Loxia leucoptera,L251536,Fall home (S. Mpls.),2025-03-03 15:21,10.0,44.9249688,-93.2311231,True,False,True,S216501601,,US-MN
canvas,Canvasback,Aythya valisineria,L40825186,"Minnesota Valley National Wildlife Refuge, Bloomington US-MN 44.83104, -93.24481",2025-03-03 15:12,1.0,44.831037,-93.244814,True,False,True,S216502085,,US-MN
rehwoo,Red-headed Woodpecker,Melanerpes erythrocephalus,L373830,Cedar Creek Ecosystem Science Reserve (restricted access),2025-03-03 15:07,4.0,45.4079715,-93.1914425,True,False,False,S216506948,,US-MN
coohaw,Cooper's Hawk,Astur cooperii,L29457402,River bend,2025-03-03 14:54,1.0,45.232213,-93.53739,True,False,True,S216489164,,US-MN
redpol1,Redpoll,Acanthis flammea,L40824428,road,2025-03-03 14:49,1.0,47.167358,-92.710886,True,False,True,S216488554,,US-MN
pinsis,Pine Siskin,Spinus pinus,L469453,UMD--Bagley Nature Area,2025-03-03 14:45,10.0,46.82312,-92.08612,True,False,False,S216492048,,US-MN
gryjay,Canada Jay,Perisoreus canadensis,L40813742,"1780–2198 St Louis Co 213, Forbes US-MN 47.25544, -92.64183",2025-03-03 14:40,1.0,47.255436,-92.641834,True,False,True,S216497272,,US-MN
purfin,Purple Finch,Haemorhous purpureus,L36726978,"38967 123rd Avenue Southeast, Fertile, Minnesota, US (47.601, -96.212) (Private Property)",2025-03-03 14:33,9.0,47.601094,-96.2121781,True,False,True,S216487558,,US-MN
goleag,Golden Eagle,Aquila chrysaetos,L40823179,"10597 Zim Rd, Forbes US-MN 47.29727, -92.79753",2025-03-03 13:57,1.0,47.297274,-92.797527,True,False,True,S216481212,,US-MN
amekes,American Kestrel,Falco sparverius,L28780819,"32408–32996 CR-6, Red Wing US-MN 44.47473, -92.64734",2025-03-03 13:52,1.0,44.474729,-92.647335,True,False,True,S216480486,,US-MN
tuftit,Tufted Titmouse,Baeolophus bicolor,L40823565,"Richard J. Dorer Memorial Hardwood State Forest, Rushford Village US-MN 43.84250, -91.76371",2025-03-03 13:41,2.0,43.842503,-91.763707,True,False,True,S216483220,,US-MN
amewig,American Wigeon,Mareca americana,L29535856,Lac qui Parle Mission Area,2025-03-03 13:40,1.0,45.0237011,-95.8681744,True,False,False,S216486666,,US-MN
gnwtea,Green-winged Teal,Anas crecca,L29535856,Lac qui Parle Mission Area,2025-03-03 13:40,3.0,45.0237011,-95.8681744,True,False,False,S216486666,,US-MN
killde,Killdeer,Charadrius vociferus,L3832013,Wolf Lake WPA,2025-03-03 13:21,1.0,43.8582349,-95.0879788,True,False,False,S216479921,,US-MN
sancra,Sandhill Crane,Antigone canadensis,L16640906,"Minnesota 74, Altura, Minnesota, US (44.187, -91.983)",2025-03-03 13:09,2.0,44.1870752,-91.9834171,True,False,True,S216489492,,US-MN
rosgoo,Ross's Goose,Anser rossii,L1447130,Cannon/Wells Lake--Causeway,2025-03-03 12:54,1.0,44.2815575,-93.350716,True,False,False,S216481440,,US-MN
ribgul,Ring-billed Gull,Larus delawarensis,L1447130,Cannon/Wells Lake--Causeway,2025-03-03 12:54,1.0,44.2815575,-93.350716,True,False,False,S216481440,,US-MN
buffle,Bufflehead,Bucephala albeola,L8175172,"56683 116th Avenue, Altura, Minnesota, US (44.201, -91.902)",2025-03-03 12:45,1.0,44.2012558,-91.901674,True,False,True,S216474465,,US-MN
shshaw,Sharp-shinned Hawk,Accipiter striatus,L8175172,"56683 116th Avenue, Altura, Minnesota, US (44.201, -91.902)",2025-03-03 12:45,1.0,44.2012558,-91.901674,True,False,True,S216474465,,US-MN
y00478,Iceland Gull,Larus glaucoides,L355544,Duluth--Canal Park,2025-03-03 12:32,3.0,46.77987,-92.09109,True,False,False,S216474417,,US-MN
motduc,Mottled Duck,Anas fulvigula,L4436996,Meadowbrook Lake Park & Golf Course,2025-03-03 12:27,1.0,44.9226671,-93.3629322,True,True,False,S216471726,,US-MN
snogoo,Snow Goose,Anser caerulescens,L355448,Minnesota Valley NWR--Bass Ponds,2025-03-03 12:25,1.0,44.84479,-93.23007,True,False,False,S216481372,,US-MN
redcro,Red Crossbill,Loxia curvirostra,L40821507,Section 12 Rd,2025-03-03 10:50,1.0,47.9584362,-91.5383768,True,False,True,S216473883,,US-MN
gresca,Greater Scaup,Aythya marila,L40818598,"Cleary Lake Regional Park, Credit River US-MN 44.69090, -93.38913",2025-03-03 10:35,2.0,44.690899,-93.389128,True,False,True,S216457632,,US-MN
sheowl,Short-eared Owl,Asio flammeus,L34861335,Keystone Woods WMA,2025-03-03 10:00,2.0,45.1854453,-92.8842076,True,False,False,S216454721,,US-MN
norgos,American Goshawk,Astur atricapillus,L40814981,"56669, Kabetogama US-MN 48.31544, -93.21952",2025-03-03 09:36,1.0,48.315438,-93.219516,True,False,True,S216439763,,US-MN
glagul,Glaucous Gull,Larus hyperboreus,L5142969,"WLSSD (restricted area, view only from outside of fence)",2025-03-03 09:29,3.0,46.7622223,-92.1225188,True,False,False,S216454089,,US-MN
snobun,Snow Bunting,Plectrophenax nivalis,L361919,Sax-Zim Bog--north of Meadowlands,2025-03-03 09:02,12.0,47.0957794,-92.7241802,True,False,False,S216491704,,US-MN
bkbmag1,Black-billed Magpie,Pica hudsonia,L361919,Sax-Zim Bog--north of Meadowlands,2025-03-03 09:02,3.0,47.0957794,-92.7241802,True,False,False,S216491704,,US-MN
reshaw,Red-shouldered Hawk,Buteo lineatus,L1922374,Linwood backyard,2025-03-03 08:30,1.0,45.38964,-93.14064,True,False,True,S216509517,,US-MN
pingro,Pine Grosbeak,Pinicola enucleator,L7369939,"moose lake, fall lake township,MN USA",2025-03-03 08:01,14.0,47.9786252,-91.5215635,True,False,True,S216432973,,US-MN
grpchi,Greater Prairie-Chicken,Tympanuchus cupido,L635868,Bluestem Prairie SNA,2025-03-03 07:36,27.0,46.855253,-96.473875,True,False,False,S216438164,,US-MN
evegro,Evening Grosbeak,Coccothraustes vespertinus,L2665721,Sax-Zim Bog--Mary Lou's Feeding Station,2025-03-03 07:00,16.0,47.3047,-92.83039,True,False,False,S216438834,,US-MN
nswowl,Northern Saw-whet Owl,Aegolius acadicus,L661683,"Sax-Zim Bog--CR 52 (Arkola Rd), 0.5 mi E of Owl Ave",2025-03-03 06:20,1.0,47.1673682,-92.7054691,True,False,False,S216406202,,US-MN
grhowl,Great Horned Owl,Bubo virginianus,L11213443,-Putman Yard (Lakeville),2025-03-03 00:21,1.0,44.6518334,-93.2810062,True,False,True,S216380946,,US-MN
snoowl1,Snowy Owl,Bubo scandiacus,L386276,MSP International Airport,2025-03-02 17:57,1.0,44.885369,-93.2217797,True,False,False,S216357961,,US-MN
tunswa,Tundra Swan,Cygnus columbianus,L22186176,Winona Bridge,2025-03-02 17:12,12.0,44.0576771,-91.640203,True,False,True,S216365991,,US-MN
wesmea,Western Meadowlark,Sturnella neglecta,L40592656,"7289 20th Street Southwest, Byron, Minnesota, US (43.993, -92.584)",2025-03-02 16:44,2.0,43.9930134,-92.5842257,True,True,True,S216348204,,US-MN
normoc,Northern Mockingbird,Mimus polyglottos,L40797466,"360 Summit Ave N (Sauk Rapids, US-MN, Benton Co.)",2025-03-02 16:14,1.0,45.600427,-94.158588,True,True,True,S216346451,,US-MN
towsol,Townsend's Solitaire,Myadestes townsendi,L38125529,Mayhew Creek Park,2025-03-02 15:12,2.0,45.6118061,-94.1270899,True,True,False,S216335259,,US-MN
whtspa,White-throated Sparrow,Zonotrichia albicollis,L40794361,"4301 12th Avenue East, Shakopee, Minnesota, US (44.786, -93.465)",2025-03-02 14:50,1.0,44.7863267,-93.4651067,True,False,True,S216331959,,US-MN
bkbwoo,Black-backed Woodpecker,Picoides arcticus,L40792547,"55738, Forbes US-MN 47.24797, -92.64464",2025-03-02 14:46,1.0,47.247966,-92.644638,True,False,True,S216323900,,US-MN
sonspa,Song Sparrow,Melospiza melodia,L40801881,"Avon Township, Pine Lake",2025-03-02 14:30,2.0,45.6519707,-94.5052109,True,False,True,S216369205,,US-MN
bohwax,Bohemian Waxwing,Bombycilla garrulus,L40810753,"64 West Chandler Street, Ely, Minnesota, US (47.906, -91.872)",2025-03-02 14:23,50.0,47.9062593,-91.8717214,True,False,True,S216413986,,US-MN
x00004,Mallard x American Black Duck (hybrid),Anas platyrhynchos x rubripes,L5142969,"WLSSD (restricted area, view only from outside of fence)",2025-03-02 13:00,1.0,46.7622223,-92.1225188,True,False,False,S216310128,,US-MN
bnhcow,Brown-headed Cowbird,Molothrus ater,L8644684,"Yard at 30403 670th St, Lake City",2025-03-02 12:15,1.0,44.3506131,-92.2854727,True,True,True,S216371232,,US-MN
rebmer,Red-breasted Merganser,Mergus serrator,L879044,Knife Island,2025-03-02 12:00,2.0,46.9461607,-91.7733908,True,False,False,S216379431,,US-MN
winwre3,Winter Wren,Troglodytes hiemalis,L1455050,Lake Hiawatha Park,2025-03-02 11:40,1.0,44.920967,-93.2347699,True,True,False,S216356338,,US-MN
wilsni1,Wilson's Snipe,Gallinago delicata,L40781140,"CR-27, Rushford Village US-MN 43.84327, -91.78758",2025-03-02 10:28,1.0,43.843266,-91.787582,True,False,True,S216267700,,US-MN
yehbla,Yellow-headed Blackbird,Xanthocephalus xanthocephalus,L11792272,SMSC (restricted access),2025-03-02 10:19,1.0,44.7616711,-93.4601847,True,True,False,S216264048,,US-MN
spotow,Spotted Towhee,Pipilo maculatus,L3843492,Farm PRIVATE RESIDENCE IN QUARANTINE Grant County MN US,2025-03-02 08:58,1.0,45.900028,-96.062202,True,True,True,S216377857,,US-MN
lotduc,Long-tailed Duck,Clangula hyemalis,L40774049,Mack’s Cabin,2025-03-02 08:16,30.0,47.737359,-90.398538,True,False,True,S216225671,,US-MN
harspa,Harris's Sparrow,Zonotrichia querula,L792862,My yard,2025-03-02 06:59,2.0,47.9433358,-97.0280421,True,True,True,S216370543,,US-MN
easowl1,Eastern Screech-Owl,Megascops asio,L355484,T. S. Roberts Bird Sanctuary,2025-03-01 17:48,1.0,44.9283187,-93.2982588,True,False,False,S216136110,,US-MN
savspa,Savannah Sparrow,Passerculus sandwichensis,L40756451,Owl field,2025-03-01 17:31,1.0,43.992927,-92.583261,True,True,True,S216141115,,US-MN
grypar,Gray Partridge,Perdix perdix,L5597927,200 m south of the intersection of CR#1 and 190th Ave SE,2025-03-01 16:05,2.0,47.9037233,-96.0750103,True,False,True,S216127806,N,US-MN
doccor,Double-crested Cormorant,Nannopterum auritum,L7220995,King Mill County Park,2025-03-01 15:57,4.0,44.2969626,-93.301928,True,True,False,S216119404,,US-MN
amwpel,American White Pelican,Pelecanus erythrorhynchos,L7220995,King Mill County Park,2025-03-01 15:57,1.0,44.2969626,-93.301928,True,True,False,S216119404,,US-MN
whcspa,White-crowned Sparrow,Zonotrichia leucophrys,L380565,140th St. Marsh,2025-03-01 14:34,2.0,44.7465808,-93.0168629,True,True,False,S216100479,,US-MN
swaspa,Swamp Sparrow,Melospiza georgiana,L11659581,Colman Lake,2025-03-01 13:54,1.0,44.7921558,-93.3348656,True,False,True,S216097534,,US-MN
eutspa,Eurasian Tree Sparrow,Passer montanus,L39584238,"11801 205th Street East, Hastings, Minnesota, US (44.652, -92.868)",2025-03-01 12:17,2.0,44.6515456,-92.8682238,True,True,True,S216072431,N,US-MN
yerwar,Yellow-rumped Warbler,Setophaga coronata,L1402590,Lake Byllesby Regional Park,2025-03-01 12:10,1.0,44.5159496,-92.9486942,True,True,False,S216078999,,US-MN
foxspa,Fox Sparrow,Passerella iliaca,L1402590,Lake Byllesby Regional Park,2025-03-01 12:10,1.0,44.5159496,-92.9486942,True,True,False,S216078999,,US-MN
rudduc,Ruddy Duck,Oxyura jamaicensis,L840030,Mississippi River Lock and Dam 3,2025-03-01 09:24,3.0,44.6095347,-92.6160765,True,False,False,S216084305,,US-MN
sprgro,Spruce Grouse,Canachites canadensis,L38270023,Greenwood Creek Bird Feeders,2025-02-28 14:18,2.0,47.493569,-91.654308,True,False,False,S216049120,,US-MN
gockin,Golden-crowned Kinglet,Regulus satrapa,L11876796,Horn Park,2025-02-28 11:01,1.0,46.846389,-96.7792306,True,True,False,S215864662,,US-MN
carwre,Carolina Wren,Thryothorus ludovicianus,L32210786,"6282 Minnesota 26, La Crescent, Minnesota, US (43.757, -91.282)",2025-02-28 09:49,1.0,43.7572979,-91.2820173,True,True,True,S215886833,,US-MN
mutswa,Mute Swan,Cygnus olor,L840030,Mississippi River Lock and Dam 3,2025-02-26 17:16,1.0,44.6095347,-92.6160765,True,False,False,S215605678,P,US-MN
grbher3,Great Blue Heron,Ardea herodias,L18330277,"Minnesota Valley National Wildlife Refuge, Burnsville US-MN 44.82528, -93.23110",2025-02-26 15:44,1.0,44.825281,-93.231097,True,False,True,S215598764,,US-MN
easmea,Eastern Meadowlark,Sturnella magna,L40638406,"62455–62499 220th Ave, Dodge Center US-MN 44.04448, -92.79880",2025-02-26 10:12,2.0,44.044482,-92.798804,True,True,True,S215594730,,US-MN
attwoo1,American Three-toed Woodpecker,Picoides dorsalis,L3733105,Greenwood Lake,2025-02-26 09:30,4.0,47.5052001,-91.6531098,True,True,False,S215717986,,US-MN
harduc,Harlequin Duck,Histrionicus histrionicus,L840030,Mississippi River Lock and Dam 3,2025-02-25 13:52,1.0,44.6095347,-92.6160765,True,True,False,S215423128,,US-MN
gbbgul,Great Black-backed Gull,Larus marinus,L5142969,"WLSSD (restricted area, view only from outside of fence)",2025-02-25 08:18,1.0,46.7622223,-92.1225188,True,False,False,S215360546,,US-MN
bargol,Barrow's Goldeneye,Bucephala islandica,L355544,Duluth--Canal Park,2025-02-24 14:03,1.0,46.77987,-92.09109,True,True,False,S215259477,,US-MN
yebsap,Yellow-bellied Sapsucker,Sphyrapicus varius,L14048403,709 Sibley Drive,2025-02-24 12:20,1.0,44.4455025,-93.1487913,True,True,True,S215271832,,US-MN
whwsco2,White-winged Scoter,Melanitta deglandi,L355544,Duluth--Canal Park,2025-02-23 14:06,1.0,46.77987,-92.09109,True,True,False,S215155915,,US-MN
x00758,Graylag x Canada Goose (hybrid),Anser anser x Branta canadensis,L5108201,Red Rock Rd,2025-02-23 13:17,1.0,44.9019822,-93.0169144,True,True,False,S215190298,X,US-MN
herthr,Hermit Thrush,Catharus guttatus,L1014785,Vadnais Lake,2025-02-23 12:35,1.0,45.0512105,-93.0955696,True,True,False,S215190227,,US-MN
prafal,Prairie Falcon,Falco mexicanus,L40520535,"MN-60 E, Heron Lake US-MN 43.81144, -95.28184",2025-02-22 12:20,1.0,43.811444,-95.281843,True,True,True,S214937684,,US-MN
grycat,Gray Catbird,Dumetella carolinensis,L385340,Minnesota Valley NWR--Headquarters,2025-02-22 08:47,1.0,44.8597018,-93.2141876,True,True,False,S214841763,,US-MN
