speciesCode,comName,sciName,locId,locName,obsDt,howMany,lat,lng,obsValid,obsReviewed,locationPrivate,subId,exoticCategory,region
brebla,Brewer's Blackbird,Euphagus cyanocephalus,L40829150,"1192 Second Street, Berkeley, California, US (37.88, -122.307)",2025-03-03 15:57,1.0,37.8801795,-122.3066074,True,False,True,S216513475,,US-CA
verdin,Verdin,Auriparus flaviceps,L40829088,Ritz Carlton,2025-03-03 15:54,1.0,33.767541,-116.455392,True,False,True,S216513163,,US-CA
moudov,Mourning Dove,Zenaida macroura,L4752233,Old Family Ranch,2025-03-03 15:52,1.0,33.7675895,-117.7938647,True,False,True,S216513268,,US-CA
allhum,Allen's Hummingbird,Selasphorus sasin,L4752233,Old Family Ranch,2025-03-03 15:52,2.0,33.7675895,-117.7938647,True,False,True,S216513268,,US-CA
whcspa,White-crowned Sparrow,Zonotrichia leucophrys,L4752233,Old Family Ranch,2025-03-03 15:52,2.0,33.7675895,-117.7938647,True,False,True,S216513268,,US-CA
houfin,House Finch,Haemorhous mexicanus,L4752233,Old Family Ranch,2025-03-03 15:52,3.0,33.7675895,-117.7938647,True,False,True,S216513268,,US-CA
lesgol,Lesser Goldfinch,Spinus psaltria,L4752233,Old Family Ranch,2025-03-03 15:52,3.0,33.7675895,-117.7938647,True,False,True,S216513268,,US-CA
herthr,Hermit Thrush,Catharus guttatus,L36370016,"Howard Street, Santa Rosa US-CA (38.4488,-122.7142)",2025-03-03 15:49,1.0,38.448757,-122.714194,True,False,True,S216512922,,US-CA
amerob,American Robin,Turdus migratorius,L36370016,"Howard Street, Santa Rosa US-CA (38.4488,-122.7142)",2025-03-03 15:49,5.0,38.448757,-122.714194,True,False,True,S216512922,,US-CA
daejun,Dark-eyed Junco,Junco hyemalis,L36370016,"Howard Street, Santa Rosa US-CA (38.4488,-122.7142)",2025-03-03 15:49,4.0,38.448757,-122.714194,True,False,True,S216512922,,US-CA
annhum,Anna's Hummingbird,Calypte anna,L36370016,"Howard Street, Santa Rosa US-CA (38.4488,-122.7142)",2025-03-03 15:49,1.0,38.448757,-122.714194,True,False,True,S216512922,,US-CA
caltow,California Towhee,Melozone crissalis,L36370016,"Howard Street, Santa Rosa US-CA (38.4488,-122.7142)",2025-03-03 15:49,1.0,38.448757,-122.714194,True,False,True,S216512922,,US-CA
nutwoo,Nuttall's Woodpecker,Dryobates nuttallii,L36370016,"Howard Street, Santa Rosa US-CA (38.4488,-122.7142)",2025-03-03 15:49,1.0,38.448757,-122.714194,True,False,True,S216512922,,US-CA
towwar,Townsend's Warbler,Setophaga townsendi,L36370016,"Howard Street, Santa Rosa US-CA (38.4488,-122.7142)",2025-03-03 15:49,1.0,38.448757,-122.714194,True,False,True,S216512922,,US-CA
oaktit,Oak Titmouse,Baeolophus inornatus,L36370016,"Howard Street, Santa Rosa US-CA (38.4488,-122.7142)",2025-03-03 15:49,2.0,38.448757,-122.714194,True,False,True,S216512922,,US-CA
normoc,Northern Mockingbird,Mimus polyglottos,L40712237,"323 Gemstone Ln, Ripon US-CA 37.76596, -121.12697",2025-03-03 15:49,1.0,37.765956,-121.126973,True,False,True,S216512994,,US-CA
amecro,American Crow,Corvus brachyrhynchos,L36370016,"Howard Street, Santa Rosa US-CA (38.4488,-122.7142)",2025-03-03 15:49,8.0,38.448757,-122.714194,True,False,True,S216512922,,US-CA
haiwoo,Hairy Woodpecker,Dryobates villosus,L36370016,"Howard Street, Santa Rosa US-CA (38.4488,-122.7142)",2025-03-03 15:49,1.0,38.448757,-122.714194,True,False,True,S216512922,,US-CA
cowscj1,California Scrub-Jay,Aphelocoma californica,L40712237,"323 Gemstone Ln, Ripon US-CA 37.76596, -121.12697",2025-03-03 15:49,1.0,37.765956,-121.126973,True,False,True,S216512994,,US-CA
whbnut,White-breasted Nuthatch,Sitta carolinensis,L40712237,"323 Gemstone Ln, Ripon US-CA 37.76596, -121.12697",2025-03-03 15:49,2.0,37.765956,-121.126973,True,False,True,S216512994,,US-CA
wesblu,Western Bluebird,Sialia mexicana,L40829177,"5102 Dunbar Dr, Huntington Beach US-CA 33.71404, -118.03941",2025-03-03 15:46,3.0,33.714038,-118.039412,True,False,True,S216513588,,US-CA
turvul,Turkey Vulture,Cathartes aura,L1178295,Lexington Reservoir--dam area,2025-03-03 15:44,3.0,37.2012444,-121.9905674,True,False,False,S216511928,,US-CA
wesgul,Western Gull,Larus occidentalis,L40828904,Boardwalk,2025-03-03 15:44,1.0,32.793555,-117.209569,True,False,True,S216511814,,US-CA
hutvir,Hutton's Vireo,Vireo huttoni,L40828963,"Morley Field Sports Complex, San Diego US-CA 32.73871, -117.13541",2025-03-03 15:42,1.0,32.738712,-117.135414,True,False,True,S216512106,,US-CA
eucdov,Eurasian Collared-Dove,Streptopelia decaocto,L420084,Riverview Cemetery,2025-03-03 15:38,12.0,32.9927552,-115.5427408,True,False,False,S216513094,N,US-CA
verfly,Vermilion Flycatcher,Pyrocephalus rubinus,L420084,Riverview Cemetery,2025-03-03 15:38,1.0,32.9927552,-115.5427408,True,False,False,S216513094,,US-CA
norfli,Northern Flicker,Colaptes auratus,L420084,Riverview Cemetery,2025-03-03 15:38,1.0,32.9927552,-115.5427408,True,False,False,S216513094,,US-CA
yerwar,Yellow-rumped Warbler,Setophaga coronata,L420084,Riverview Cemetery,2025-03-03 15:38,4.0,32.9927552,-115.5427408,True,False,False,S216513094,,US-CA
rocpig,Rock Pigeon,Columba livia,L420084,Riverview Cemetery,2025-03-03 15:38,4.0,32.9927552,-115.5427408,True,False,False,S216513094,N,US-CA
blkpho,Black Phoebe,Sayornis nigricans,L420084,Riverview Cemetery,2025-03-03 15:38,1.0,32.9927552,-115.5427408,True,False,False,S216513094,,US-CA
gilwoo,Gila Woodpecker,Melanerpes uropygialis,L420084,Riverview Cemetery,2025-03-03 15:38,1.0,32.9927552,-115.5427408,True,False,False,S216513094,,US-CA
comrav,Common Raven,Corvus corax,L740467,Loyalton WTP,2025-03-03 15:36,2.0,39.6828499,-120.2619267,True,False,False,S216513582,,US-CA
rewbla,Red-winged Blackbird,Agelaius phoeniceus,L740467,Loyalton WTP,2025-03-03 15:36,1.0,39.6828499,-120.2619267,True,False,False,S216513582,,US-CA
rethaw,Red-tailed Hawk,Buteo jamaicensis,L740467,Loyalton WTP,2025-03-03 15:36,1.0,39.6828499,-120.2619267,True,False,False,S216513582,,US-CA
bargol,Barrow's Goldeneye,Bucephala islandica,L740467,Loyalton WTP,2025-03-03 15:36,1.0,39.6828499,-120.2619267,True,False,False,S216513582,,US-CA
bewwre,Bewick's Wren,Thryomanes bewickii,L740467,Loyalton WTP,2025-03-03 15:36,1.0,39.6828499,-120.2619267,True,False,False,S216513583,,US-CA
bkbmag1,Black-billed Magpie,Pica hudsonia,L740467,Loyalton WTP,2025-03-03 15:36,4.0,39.6828499,-120.2619267,True,False,False,S216513582,,US-CA
killde,Killdeer,Charadrius vociferus,L740467,Loyalton WTP,2025-03-03 15:36,1.0,39.6828499,-120.2619267,True,False,False,S216513582,,US-CA
eursta,European Starling,Sturnus vulgaris,L740467,Loyalton WTP,2025-03-03 15:36,230.0,39.6828499,-120.2619267,True,False,False,S216513582,N,US-CA
cangoo,Canada Goose,Branta canadensis,L740467,Loyalton WTP,2025-03-03 15:36,3.0,39.6828499,-120.2619267,True,False,False,S216513582,,US-CA
ribgul,Ring-billed Gull,Larus delawarensis,L40828647,Teal pier,2025-03-03 15:31,5.0,32.792506,-117.209805,True,False,True,S216510417,,US-CA
yebmag,Yellow-billed Magpie,Pica nuttalli,L583568,Home Alta Mesa Rd-Wilton,2025-03-03 15:31,1.0,38.3993722,-121.2220639,True,False,True,S216510898,,US-CA
bushti,Bushtit,Psaltriparus minimus,L583568,Home Alta Mesa Rd-Wilton,2025-03-03 15:31,2.0,38.3993722,-121.2220639,True,False,True,S216510898,,US-CA
belkin1,Belted Kingfisher,Megaceryle alcyon,L583568,Home Alta Mesa Rd-Wilton,2025-03-03 15:31,1.0,38.3993722,-121.2220639,True,False,True,S216510898,,US-CA
wesmea,Western Meadowlark,Sturnella neglecta,L583568,Home Alta Mesa Rd-Wilton,2025-03-03 15:31,1.0,38.3993722,-121.2220639,True,False,True,S216510898,,US-CA
burpar,Burrowing Parakeet,Cyanoliseus patagonus,L15906817,E 2nd St. & D Ave.,2025-03-03 15:28,5.0,32.682196,-117.10481,True,False,False,S216510204,P,US-CA
houspa,House Sparrow,Passer domesticus,L3979655,Loyalton,2025-03-03 15:24,1.0,39.6762619,-120.2434731,True,False,True,S216510907,N,US-CA
saypho,Say's Phoebe,Sayornis saya,L1266900,El Monte County Park,2025-03-03 15:20,3.0,32.8922408,-116.8468738,True,False,False,S216510624,,US-CA
snogoo,Snow Goose,Anser caerulescens,L1911869,Stone Lake Rd.,2025-03-03 15:20,,38.3702948,-121.4820099,True,False,False,S216509523,,US-CA
chispa,Chipping Sparrow,Spizella passerina,L1266900,El Monte County Park,2025-03-03 15:20,4.0,32.8922408,-116.8468738,True,False,False,S216510624,,US-CA
lawgol,Lawrence's Goldfinch,Spinus lawrencei,L1266900,El Monte County Park,2025-03-03 15:20,1.0,32.8922408,-116.8468738,True,False,False,S216510624,,US-CA
caskin,Cassin's Kingbird,Tyrannus vociferans,L1266900,El Monte County Park,2025-03-03 15:20,2.0,32.8922408,-116.8468738,True,False,False,S216510624,,US-CA
coohaw,Cooper's Hawk,Astur cooperii,L1266900,El Monte County Park,2025-03-03 15:20,1.0,32.8922408,-116.8468738,True,False,False,S216510624,,US-CA
acowoo,Acorn Woodpecker,Melanerpes formicivorus,L1266900,El Monte County Park,2025-03-03 15:20,3.0,32.8922408,-116.8468738,True,False,False,S216510624,,US-CA
reshaw,Red-shouldered Hawk,Buteo lineatus,L1266900,El Monte County Park,2025-03-03 15:20,1.0,32.8922408,-116.8468738,True,False,False,S216510624,,US-CA
canwre,Canyon Wren,Catherpes mexicanus,L1266900,El Monte County Park,2025-03-03 15:20,1.0,32.8922408,-116.8468738,True,False,False,S216510624,,US-CA
larspa,Lark Sparrow,Chondestes grammacus,L1266900,El Monte County Park,2025-03-03 15:20,6.0,32.8922408,-116.8468738,True,False,False,S216510624,,US-CA
ruckin,Ruby-crowned Kinglet,Corthylio calendula,L1266900,El Monte County Park,2025-03-03 15:20,2.0,32.8922408,-116.8468738,True,False,False,S216510624,,US-CA
whtkit,White-tailed Kite,Elanus leucurus,L40828473,"I-5 N, Elk Grove US-CA 38.39470, -121.48082",2025-03-03 15:19,1.0,38.394701,-121.480817,True,False,True,S216509332,,US-CA
gadwal,Gadwall,Mareca strepera,L2808473,Siempre Viva Rd. pond,2025-03-03 15:16,8.0,32.5538852,-116.9617796,True,False,False,S216512175,,US-CA
y00475,American Coot,Fulica americana,L2808473,Siempre Viva Rd. pond,2025-03-03 15:16,1.0,32.5538852,-116.9617796,True,False,False,S216512175,,US-CA
amewig,American Wigeon,Mareca americana,L2808473,Siempre Viva Rd. pond,2025-03-03 15:16,22.0,32.5538852,-116.9617796,True,False,False,S216512175,,US-CA
wilsni1,Wilson's Snipe,Gallinago delicata,L2808473,Siempre Viva Rd. pond,2025-03-03 15:16,2.0,32.5538852,-116.9617796,True,False,False,S216512175,,US-CA
barswa,Barn Swallow,Hirundo rustica,L2808473,Siempre Viva Rd. pond,2025-03-03 15:16,1.0,32.5538852,-116.9617796,True,False,False,S216512175,,US-CA
vigswa,Violet-green Swallow,Tachycineta thalassina,L2808473,Siempre Viva Rd. pond,2025-03-03 15:16,6.0,32.5538852,-116.9617796,True,False,False,S216512175,,US-CA
bknsti,Black-necked Stilt,Himantopus mexicanus,L2808473,Siempre Viva Rd. pond,2025-03-03 15:16,10.0,32.5538852,-116.9617796,True,False,False,S216512175,,US-CA
sonspa,Song Sparrow,Melospiza melodia,L2808473,Siempre Viva Rd. pond,2025-03-03 15:16,1.0,32.5538852,-116.9617796,True,False,False,S216512175,,US-CA
rudduc,Ruddy Duck,Oxyura jamaicensis,L2808473,Siempre Viva Rd. pond,2025-03-03 15:16,3.0,32.5538852,-116.9617796,True,False,False,S216512175,,US-CA
buffle,Bufflehead,Bucephala albeola,L2808473,Siempre Viva Rd. pond,2025-03-03 15:16,1.0,32.5538852,-116.9617796,True,False,False,S216512175,,US-CA
buwtea,Blue-winged Teal,Spatula discors,L2808473,Siempre Viva Rd. pond,2025-03-03 15:16,2.0,32.5538852,-116.9617796,True,False,False,S216512175,,US-CA
norsho,Northern Shoveler,Spatula clypeata,L2808473,Siempre Viva Rd. pond,2025-03-03 15:16,19.0,32.5538852,-116.9617796,True,False,False,S216512175,,US-CA
mallar3,Mallard,Anas platyrhynchos,L2808473,Siempre Viva Rd. pond,2025-03-03 15:16,4.0,32.5538852,-116.9617796,True,False,False,S216512175,,US-CA
lobdow,Long-billed Dowitcher,Limnodromus scolopaceus,L2808473,Siempre Viva Rd. pond,2025-03-03 15:16,12.0,32.5538852,-116.9617796,True,False,False,S216512175,,US-CA
lobcur,Long-billed Curlew,Numenius americanus,L2808473,Siempre Viva Rd. pond,2025-03-03 15:16,10.0,32.5538852,-116.9617796,True,False,False,S216512175,,US-CA
leasan,Least Sandpiper,Calidris minutilla,L2808473,Siempre Viva Rd. pond,2025-03-03 15:16,43.0,32.5538852,-116.9617796,True,False,False,S216512175,,US-CA
gnwtea,Green-winged Teal,Anas crecca,L2808473,Siempre Viva Rd. pond,2025-03-03 15:16,2.0,32.5538852,-116.9617796,True,False,False,S216512175,,US-CA
willet1,Willet,Tringa semipalmata,L40828382,Teal pier shore,2025-03-03 15:15,23.0,32.791816,-117.210119,True,False,True,S216508804,,US-CA
grbher3,Great Blue Heron,Ardea herodias,L785035,"Pillar Point Harbor--West Point Ave. Freshwater Pond, Marsh and Willow areas",2025-03-03 15:12,2.0,37.5032728,-122.4968076,True,False,False,S216511857,,US-CA
chbchi,Chestnut-backed Chickadee,Poecile rufescens,L785035,"Pillar Point Harbor--West Point Ave. Freshwater Pond, Marsh and Willow areas",2025-03-03 15:12,3.0,37.5032728,-122.4968076,True,False,False,S216511857,,US-CA
cintea,Cinnamon Teal,Spatula cyanoptera,L785035,"Pillar Point Harbor--West Point Ave. Freshwater Pond, Marsh and Willow areas",2025-03-03 15:12,4.0,37.5032728,-122.4968076,True,False,False,S216511857,,US-CA
gocspa,Golden-crowned Sparrow,Zonotrichia atricapilla,L785035,"Pillar Point Harbor--West Point Ave. Freshwater Pond, Marsh and Willow areas",2025-03-03 15:12,5.0,37.5032728,-122.4968076,True,False,False,S216511857,,US-CA
linspa,Lincoln's Sparrow,Melospiza lincolnii,L785035,"Pillar Point Harbor--West Point Ave. Freshwater Pond, Marsh and Willow areas",2025-03-03 15:12,1.0,37.5032728,-122.4968076,True,False,False,S216511857,,US-CA
doccor,Double-crested Cormorant,Nannopterum auritum,L785035,"Pillar Point Harbor--West Point Ave. Freshwater Pond, Marsh and Willow areas",2025-03-03 15:12,1.0,37.5032728,-122.4968076,True,False,False,S216511857,,US-CA
snoegr,Snowy Egret,Egretta thula,L785035,"Pillar Point Harbor--West Point Ave. Freshwater Pond, Marsh and Willow areas",2025-03-03 15:12,10.0,37.5032728,-122.4968076,True,False,False,S216511857,,US-CA
spotow,Spotted Towhee,Pipilo maculatus,L785035,"Pillar Point Harbor--West Point Ave. Freshwater Pond, Marsh and Willow areas",2025-03-03 15:12,1.0,37.5032728,-122.4968076,True,False,False,S216511857,,US-CA
commer,Common Merganser,Mergus merganser,L21675275,Murillo Lake Park,2025-03-03 15:11,10.0,37.320345,-121.774705,True,False,False,S216513290,,US-CA
cedwax,Cedar Waxwing,Bombycilla cedrorum,L21675275,Murillo Lake Park,2025-03-03 15:11,12.0,37.320345,-121.774705,True,False,False,S216513290,,US-CA
prafal,Prairie Falcon,Falco mexicanus,L826037,Round Valley,2025-03-03 15:09,1.0,37.4211626,-118.5774994,True,False,False,S216510111,,US-CA
pinsis,Pine Siskin,Spinus pinus,L13149586,Home,2025-03-03 15:09,2.0,41.754609,-124.210057,True,False,True,S216509049,,US-CA
amekes,American Kestrel,Falco sparverius,L826037,Round Valley,2025-03-03 15:09,2.0,37.4211626,-118.5774994,True,False,False,S216510111,,US-CA
orcwar,Orange-crowned Warbler,Leiothlypis celata,L13149586,Home,2025-03-03 15:09,1.0,41.754609,-124.210057,True,False,True,S216509049,,US-CA
comyel,Common Yellowthroat,Geothlypis trichas,L302576,Cattle Call Park,2025-03-03 15:08,1.0,32.9683234,-115.5544444,True,False,False,S216513204,,US-CA
labwoo,Ladder-backed Woodpecker,Dryobates scalaris,L302576,Cattle Call Park,2025-03-03 15:08,1.0,32.9683234,-115.5544444,True,False,False,S216513204,,US-CA
margod,Marbled Godwit,Limosa fedoa,L40828106,Mission bay by super bloom cafe,2025-03-03 15:06,2.0,32.791507,-117.210125,True,False,True,S216507300,,US-CA
greegr,Great Egret,Ardea alba,L469003,Tijuana River Valley--Community Gardens,2025-03-03 15:03,1.0,32.5567428,-117.0849895,True,False,False,S216507398,,US-CA
amegfi,American Goldfinch,Spinus tristis,L469003,Tijuana River Valley--Community Gardens,2025-03-03 15:03,,32.5567428,-117.0849895,True,False,False,S216507398,,US-CA
sancra,Sandhill Crane,Antigone canadensis,L1516238,Sierra Valley--Hwy 49 - pond 0.5 mi E of Heriot Ln.,2025-03-03 15:01,2.0,39.6798565,-120.2888762,True,False,False,S216508086,,US-CA
hoomer,Hooded Merganser,Lophodytes cucullatus,L1112318,Stonegate Ave. at Hoopa Rd. pond,2025-03-03 14:59,2.0,38.5395223,-121.5380573,True,False,False,S216513549,,US-CA
pibgre,Pied-billed Grebe,Podilymbus podiceps,L1112318,Stonegate Ave. at Hoopa Rd. pond,2025-03-03 14:59,10.0,38.5395223,-121.5380573,True,False,False,S216513549,,US-CA
grnher,Green Heron,Butorides virescens,L1112318,Stonegate Ave. at Hoopa Rd. pond,2025-03-03 14:59,1.0,38.5395223,-121.5380573,True,False,False,S216513549,,US-CA
marwre,Marsh Wren,Cistothorus palustris,L1112318,Stonegate Ave. at Hoopa Rd. pond,2025-03-03 14:59,4.0,38.5395223,-121.5380573,True,False,False,S216513549,,US-CA
compea,Indian Peafowl,Pavo cristatus,L1112318,Stonegate Ave. at Hoopa Rd. pond,2025-03-03 14:59,1.0,38.5395223,-121.5380573,True,False,False,S216513549,X,US-CA
treswa,Tree Swallow,Tachycineta bicolor,L1112318,Stonegate Ave. at Hoopa Rd. pond,2025-03-03 14:59,2.0,38.5395223,-121.5380573,True,False,False,S216513549,,US-CA
comgal1,Common Gallinule,Gallinula galeata,L1112318,Stonegate Ave. at Hoopa Rd. pond,2025-03-03 14:59,7.0,38.5395223,-121.5380573,True,False,False,S216513549,,US-CA
comgol,Common Goldeneye,Bucephala clangula,L1112318,Stonegate Ave. at Hoopa Rd. pond,2025-03-03 14:59,25.0,38.5395223,-121.5380573,True,False,False,S216513549,,US-CA
sora,Sora,Porzana carolina,L1112318,Stonegate Ave. at Hoopa Rd. pond,2025-03-03 14:59,3.0,38.5395223,-121.5380573,True,False,False,S216513549,,US-CA
rinduc,Ring-necked Duck,Aythya collaris,L1112318,Stonegate Ave. at Hoopa Rd. pond,2025-03-03 14:59,2.0,38.5395223,-121.5380573,True,False,False,S216513549,,US-CA
nrwswa,Northern Rough-winged Swallow,Stelgidopteryx serripennis,L2514800,Olema Campground,2025-03-03 14:54,6.0,38.043776,-122.79097,True,False,False,S216505740,,US-CA
amepip,American Pipit,Anthus rubescens,L461293,Polliwog Park,2025-03-03 14:54,12.0,33.8888713,-118.3853674,True,False,False,S216510311,,US-CA
norhar2,Northern Harrier,Circus hudsonius,L2150732,San Luis Rey River Park--Bonsall area,2025-03-03 14:51,1.0,33.2951667,-117.2195721,True,False,False,S216511531,,US-CA
coshum,Costa's Hummingbird,Calypte costae,L40829017,"61480 El Cajon Dr, Joshua Tree US-CA 34.12693, -116.32219",2025-03-03 14:48,1.0,34.126933,-116.322187,True,False,True,S216512565,,US-CA
cacwre,Cactus Wren,Campylorhynchus brunneicapillus,L40829017,"61480 El Cajon Dr, Joshua Tree US-CA 34.12693, -116.32219",2025-03-03 14:48,1.0,34.126933,-116.322187,True,False,True,S216512565,,US-CA
whwdov,White-winged Dove,Zenaida asiatica,L40829017,"61480 El Cajon Dr, Joshua Tree US-CA 34.12693, -116.32219",2025-03-03 14:48,1.0,34.126933,-116.322187,True,False,True,S216512565,,US-CA
gwfgoo,Greater White-fronted Goose,Anser albifrons,L6733145,Tanzanite Park,2025-03-03 14:47,2.0,38.6326049,-121.5104561,True,False,False,S216510539,,US-CA
wiltur,Wild Turkey,Meleagris gallopavo,L28462553,Back yard by birdbath,2025-03-03 14:46,6.0,33.237415,-117.013,True,False,True,S216504467,N,US-CA
brnowl,American Barn Owl,Tyto furcata,L14828037,"7028 Siskiyou Boulevard, Grenada, California, US (41.632, -122.521)",2025-03-03 14:45,1.0,41.6323073,-122.5207936,True,False,True,S216505153,,US-CA
grtgra,Great-tailed Grackle,Quiscalus mexicanus,L14828037,"7028 Siskiyou Boulevard, Grenada, California, US (41.632, -122.521)",2025-03-03 14:45,2.0,41.6323073,-122.5207936,True,False,True,S216505153,,US-CA
calqua,California Quail,Callipepla californica,L28098267,Burlupi Rd Pond,2025-03-03 14:44,1.0,38.0054109,-120.3267312,True,False,True,S216509661,,US-CA
dowwoo,Downy Woodpecker,Dryobates pubescens,L28098267,Burlupi Rd Pond,2025-03-03 14:44,1.0,38.0054109,-120.3267312,True,False,True,S216509661,,US-CA
rufhum,Rufous Hummingbird,Selasphorus rufus,L1079998,UCSB--Garden Project,2025-03-03 14:43,1.0,34.4206,-119.8588818,True,False,False,S216504174,,US-CA
osprey,Osprey,Pandion haliaetus,L1316658,Morro Bay SP--Marina/Boardwalk Trail,2025-03-03 14:42,1.0,35.3445235,-120.8418006,True,False,False,S216508661,,US-CA
eargre,Eared Grebe,Podiceps nigricollis,L1316658,Morro Bay SP--Marina/Boardwalk Trail,2025-03-03 14:42,4.0,35.3445235,-120.8418006,True,False,False,S216508661,,US-CA
calthr,California Thrasher,Toxostoma redivivum,L1316658,Morro Bay SP--Marina/Boardwalk Trail,2025-03-03 14:42,1.0,35.3445235,-120.8418006,True,False,False,S216508661,,US-CA
calgul,California Gull,Larus californicus,L21396076,Mosley Ave Marsh,2025-03-03 14:41,8.0,37.789515,-122.283673,True,False,False,S216507646,,US-CA
brnpel,Brown Pelican,Pelecanus occidentalis,L3268510,Surfer's Knoll,2025-03-03 14:40,4.0,34.2399779,-119.2660734,True,False,False,S216505068,,US-CA
sander,Sanderling,Calidris alba,L3268510,Surfer's Knoll,2025-03-03 14:40,10.0,34.2399779,-119.2660734,True,False,False,S216505068,,US-CA
shshaw,Sharp-shinned Hawk,Accipiter striatus,L23519519,"Dignity Health - Methodist Hospital of Sacramento, Sacramento US-CA 38.46346, -121.41507",2025-03-03 14:40,1.0,38.463464,-121.415069,True,False,True,S216506048,,US-CA
wantat1,Wandering Tattler,Tringa incana,L35186697,"Pescadero State Beach -- (south)  beach area, seawatch and Seabird Rock - West of Hwy 1 only",2025-03-03 14:36,1.0,37.2612534,-122.4141312,True,False,False,S216505007,,US-CA
blkoys,Black Oystercatcher,Haematopus bachmani,L35186697,"Pescadero State Beach -- (south)  beach area, seawatch and Seabird Rock - West of Hwy 1 only",2025-03-03 14:36,2.0,37.2612534,-122.4141312,True,False,False,S216505007,,US-CA
amedip,American Dipper,Cinclus mexicanus,L3560183,Yosemite NP--Valley View,2025-03-03 14:36,2.0,37.7172706,-119.6618924,True,False,False,S216503550,,US-CA
blktur,Black Turnstone,Arenaria melanocephala,L35186697,"Pescadero State Beach -- (south)  beach area, seawatch and Seabird Rock - West of Hwy 1 only",2025-03-03 14:36,1.0,37.2612534,-122.4141312,True,False,False,S216505007,,US-CA
whimbr,Whimbrel,Numenius phaeopus,L35186697,"Pescadero State Beach -- (south)  beach area, seawatch and Seabird Rock - West of Hwy 1 only",2025-03-03 14:36,2.0,37.2612534,-122.4141312,True,False,False,S216505007,,US-CA
wrenti,Wrentit,Chamaea fasciata,L178520,Rancho San Antonio,2025-03-03 14:35,1.0,37.32912,-122.10599,True,False,False,S216508093,,US-CA
savspa,Savannah Sparrow,Passerculus sandwichensis,L1899682,Rangeland Rd.,2025-03-03 14:34,3.0,33.0471626,-116.9361269,True,False,False,S216505675,,US-CA
greyel,Greater Yellowlegs,Tringa melanoleuca,L40369820,"Mill Valley - Travel Lodge Marsh 37.89425, -122.51666",2025-03-03 14:34,34.0,37.894253,-122.516662,True,False,True,S216504411,,US-CA
mewgul2,Short-billed Gull,Larus brachyrhynchus,L329541,Half Moon Bay SB--Venice Beach and Pilarcitos/Frenchman's Creek Mouth,2025-03-03 14:32,1.0,37.4770523,-122.4492789,True,False,False,S216511786,,US-CA
glwgul,Glaucous-winged Gull,Larus glaucescens,L329541,Half Moon Bay SB--Venice Beach and Pilarcitos/Frenchman's Creek Mouth,2025-03-03 14:32,15.0,37.4770523,-122.4492789,True,False,False,S216511786,,US-CA
comloo,Common Loon,Gavia immer,L651747,Pillar Point Harbor--Denniston Creek mouth and riparian corridor,2025-03-03 14:30,2.0,37.5038395,-122.4873089,True,False,False,S216507148,,US-CA
lessca,Lesser Scaup,Aythya affinis,L370776,Wiest Lake,2025-03-03 14:30,1.0,33.0419104,-115.4898262,True,False,False,S216505134,,US-CA
sursco,Surf Scoter,Melanitta perspicillata,L651747,Pillar Point Harbor--Denniston Creek mouth and riparian corridor,2025-03-03 14:30,22.0,37.5038395,-122.4873089,True,False,False,S216507148,,US-CA
amhgul1,American Herring Gull,Larus smithsonianus,L651747,Pillar Point Harbor--Denniston Creek mouth and riparian corridor,2025-03-03 14:30,20.0,37.5038395,-122.4873089,True,False,False,S216507148,,US-CA
cliswa,Cliff Swallow,Petrochelidon pyrrhonota,L370776,Wiest Lake,2025-03-03 14:30,10.0,33.0419104,-115.4898262,True,False,False,S216505134,,US-CA
amwpel,American White Pelican,Pelecanus erythrorhynchos,L370776,Wiest Lake,2025-03-03 14:30,4.0,33.0419104,-115.4898262,True,False,False,S216505134,,US-CA
sposan,Spotted Sandpiper,Actitis macularius,L370776,Wiest Lake,2025-03-03 14:30,1.0,33.0419104,-115.4898262,True,False,False,S216505134,,US-CA
incdov,Inca Dove,Columbina inca,L370776,Wiest Lake,2025-03-03 14:30,10.0,33.0419104,-115.4898262,True,False,False,S216505134,,US-CA
clagre,Clark's Grebe,Aechmophorus clarkii,L370776,Wiest Lake,2025-03-03 14:30,1.0,33.0419104,-115.4898262,True,False,False,S216505134,,US-CA
abetow,Abert's Towhee,Melozone aberti,L370776,Wiest Lake,2025-03-03 14:30,2.0,33.0419104,-115.4898262,True,False,False,S216505134,,US-CA
neocor,Neotropic Cormorant,Nannopterum brasilianum,L370776,Wiest Lake,2025-03-03 14:30,1.0,33.0419104,-115.4898262,True,False,False,S216505134,,US-CA
rocwre,Rock Wren,Salpinctes obsoletus,L40828913,San Dieguito Lagoon,2025-03-03 14:30,1.0,32.9721387,-117.2555439,True,False,True,S216512833,,US-CA
whtswi,White-throated Swift,Aeronautes saxatalis,L2622484,walsh street,2025-03-03 14:29,1.0,38.9020716,-121.0719377,True,False,True,S216505313,,US-CA
mouchi,Mountain Chickadee,Poecile gambeli,L464545,Buddy Todd Park,2025-03-03 14:29,1.0,33.2076695,-117.3475885,True,False,False,S216511263,,US-CA
bnhcow,Brown-headed Cowbird,Molothrus ater,L40827180,"Trader Joe’s, Santa Cruz US-CA 36.97450, -122.02425",2025-03-03 14:28,12.0,36.974499,-122.024254,True,False,True,S216502329,,US-CA
rebsap,Red-breasted Sapsucker,Sphyrapicus ruber,L12731234,UC Berkeley,2025-03-03 14:28,1.0,37.870153,-122.2594643,True,False,False,S216502522,,US-CA
norpin,Northern Pintail,Anas acuta,L725716,Sierra Valley--Harriet Ln. (PLU Co.),2025-03-03 14:25,110.0,39.7283134,-120.3056145,True,False,False,S216505396,,US-CA
baleag,Bald Eagle,Haliaeetus leucocephalus,L725716,Sierra Valley--Harriet Ln. (PLU Co.),2025-03-03 14:25,2.0,39.7283134,-120.3056145,True,False,False,S216505396,,US-CA
snoplo5,Snowy Plover,Anarhynchus nivosus,L670563,Salton Sea--North Shore marina,2025-03-03 14:24,,33.5190985,-115.9383023,True,False,False,S216505687,,US-CA
gamqua,Gambel's Quail,Callipepla gambelii,L670563,Salton Sea--North Shore marina,2025-03-03 14:24,,33.5190985,-115.9383023,True,False,False,S216505687,,US-CA
goleag,Golden Eagle,Aquila chrysaetos,L40827053,"1850–1998 Meiss Lake Rd, Macdoel US-CA (41.8220,-122.0505)",2025-03-03 14:24,1.0,41.822042,-122.050547,True,False,True,S216501662,,US-CA
ameavo,American Avocet,Recurvirostra americana,L670563,Salton Sea--North Shore marina,2025-03-03 14:24,,33.5190985,-115.9383023,True,False,False,S216505687,,US-CA
sagthr,Sage Thrasher,Oreoscoptes montanus,L670563,Salton Sea--North Shore marina,2025-03-03 14:24,,33.5190985,-115.9383023,True,False,False,S216505687,,US-CA
brant,Brant,Branta bernicla,L864592,Miller/Knox Regional Shoreline--Ferry Point,2025-03-03 14:13,6.0,37.9098045,-122.3891973,True,False,False,S216500167,,US-CA
brncre,Brown Creeper,Certhia americana,L19246254,home,2025-03-03 14:08,1.0,37.486487,-122.251922,True,False,True,S216499479,,US-CA
whtspa,White-throated Sparrow,Zonotrichia albicollis,L293888,Toro Park,2025-03-03 14:07,1.0,36.5967104,-121.6924649,True,False,False,S216507942,,US-CA
buggna,Blue-gray Gnatcatcher,Polioptila caerulea,L293888,Toro Park,2025-03-03 14:07,1.0,36.5967104,-121.6924649,True,False,False,S216507942,,US-CA
eurwig,Eurasian Wigeon,Mareca penelope,L1124286,Crown Memorial SB--Crab Cove area,2025-03-03 14:01,1.0,37.7684076,-122.2774389,True,False,False,S216504807,,US-CA
bracor,Brandt's Cormorant,Urile penicillatus,L1124286,Crown Memorial SB--Crab Cove area,2025-03-03 14:01,2.0,37.7684076,-122.2774389,True,False,False,S216504807,,US-CA
gresca,Greater Scaup,Aythya marila,L1124286,Crown Memorial SB--Crab Cove area,2025-03-03 14:01,55.0,37.7684076,-122.2774389,True,False,False,S216504807,,US-CA
rosgoo,Ross's Goose,Anser rossii,L459816,Santa Fe Dam Rec. Area,2025-03-03 14:00,3.0,34.1113782,-117.9507637,True,False,False,S216513071,,US-CA
rucspa,Rufous-crowned Sparrow,Aimophila ruficeps,L29539420,China Bar Road,2025-03-03 13:57,1.0,38.873751,-121.064692,True,False,True,S216498432,,US-CA
batpig1,Band-tailed Pigeon,Patagioenas fasciata,L29539420,China Bar Road,2025-03-03 13:57,3.0,38.873751,-121.064692,True,False,True,S216498432,,US-CA
canvas,Canvasback,Aythya valisineria,L29424198,Hackstaff Road,2025-03-03 13:57,16.0,40.0255546,-120.0982589,True,False,True,S216499909,,US-CA
pelcor,Pelagic Cormorant,Urile pelagicus,L3905471,Santa Catalina Island--Camp Emerald Bay,2025-03-03 13:52,10.0,33.4691282,-118.5322049,True,False,False,S216502893,,US-CA
whfibi,White-faced Ibis,Plegadis chihi,L11885718,"IRWD San Joaquin Marsh & Wildlife Sanctuary, Irvine, CA",2025-03-03 13:52,1.0,33.6612283,-117.8404284,True,False,True,S216506420,,US-CA
royter1,Royal Tern,Thalasseus maximus,L3905471,Santa Catalina Island--Camp Emerald Bay,2025-03-03 13:52,2.0,33.4691282,-118.5322049,True,False,False,S216502893,,US-CA
bcnher,Black-crowned Night Heron,Nycticorax nycticorax,L3905471,Santa Catalina Island--Camp Emerald Bay,2025-03-03 13:52,2.0,33.4691282,-118.5322049,True,False,False,S216502893,,US-CA
phaino,Phainopepla,Phainopepla nitens,L7736179,Dos Cabezas Spring,2025-03-03 13:51,2.0,32.714468,-116.142735,True,False,False,S216497027,,US-CA
y00478,Iceland Gull,Larus glaucoides,L726597,Gazos Creek Beach -- west of Hwy 1 only,2025-03-03 13:50,2.0,37.1664418,-122.3617825,True,False,False,S216504437,,US-CA
swahaw,Swainson's Hawk,Buteo swainsoni,L209809,Joshua Tree NP--Barker Dam area,2025-03-03 13:44,,34.0309,-116.1463,True,False,False,S216496229,,US-CA
westan,Western Tanager,Piranga ludoviciana,L40828440,Worldbeat Cultural Center,2025-03-03 13:41,1.0,32.726884,-117.149861,True,False,True,S216509154,,US-CA
swiwhe1,Swinhoe's White-eye,Zosterops simplex,L40828440,Worldbeat Cultural Center,2025-03-03 13:41,1.0,32.726884,-117.149861,True,False,True,S216509154,P,US-CA
grhowl,Great Horned Owl,Bubo virginianus,L486856,Crabtree Rd.--Hwy 132 to Dry Creek bridge,2025-03-03 13:40,1.0,37.686775,-120.60324,True,False,False,S216505133,,US-CA
horlar,Horned Lark,Eremophila alpestris,L486856,Crabtree Rd.--Hwy 132 to Dry Creek bridge,2025-03-03 13:40,4.0,37.686775,-120.60324,True,False,False,S216505133,,US-CA
merlin,Merlin,Falco columbarius,L680796,Giacomini Wetlands,2025-03-03 13:39,1.0,38.0660005,-122.8089738,True,False,False,S216503296,,US-CA
purfin,Purple Finch,Haemorhous purpureus,L680796,Giacomini Wetlands,2025-03-03 13:39,1.0,38.0660005,-122.8089738,True,False,False,S216503296,,US-CA
egygoo,Egyptian Goose,Alopochen aegyptiaca,L8399348,Lake Forest Sun & Sail Club,2025-03-03 13:34,1.0,33.6448726,-117.704263,True,False,False,S216499467,P,US-CA
cacgoo1,Cackling Goose,Branta hutchinsii,L271707,Arcata Bottoms--Jackson Ranch Rd. slough,2025-03-03 13:31,1500.0,40.883356,-124.1253748,True,False,False,S216495774,,US-CA
nutman,Scaly-breasted Munia,Lonchura punctulata,L17574306,"1130 Grove St, San Luis Obispo US-CA 35.28609, -120.65208",2025-03-03 13:31,2.0,35.286088,-120.652076,True,False,True,S216494303,N,US-CA
yelwar,Yellow Warbler,Setophaga petechia,L208280,Lindo Lake,2025-03-03 13:30,1.0,32.8583295,-116.9170833,True,False,False,S216509008,,US-CA
pitwhy,Pin-tailed Whydah,Vidua macroura,L11525156,"21926 Birchwood, Mission Viejo US-CA 33.64388, -117.63708",2025-03-03 13:29,7.0,33.643876,-117.637082,True,False,True,S216495572,P,US-CA
redegr,Reddish Egret,Egretta rufescens,L40827661,"Upper Newport Bay Nature Preserve, Newport Beach US-CA 33.63942, -117.88647",2025-03-03 13:27,1.0,33.639421,-117.88647,True,False,True,S216504890,,US-CA
gockin,Golden-crowned Kinglet,Regulus satrapa,L2428294,Sierra College--Grass Valley Campus,2025-03-03 13:26,2.0,39.2364551,-121.0482177,True,False,False,S216498115,,US-CA
perfal,Peregrine Falcon,Falco peregrinus,L557638,Monticello Dam (NAP Co.),2025-03-03 13:11,2.0,38.5120001,-122.1041536,True,False,False,S216494799,,US-CA
bktgna,Black-tailed Gnatcatcher,Polioptila melanura,L673458,Salton Sea--Wister Unit,2025-03-03 13:08,,33.2806736,-115.5796909,True,False,False,S216494321,,US-CA
moublu,Mountain Bluebird,Sialia currucoides,L40581905,Chalk Bluff Road,2025-03-03 13:07,1.0,37.4076737,-118.4940505,True,False,True,S216495849,,US-CA
yebsap,Yellow-bellied Sapsucker,Sphyrapicus varius,L870863,Golden Gate Park--Elk Glen Lake,2025-03-03 13:04,1.0,37.7675841,-122.4818716,True,True,False,S216499694,,US-CA
shbdow,Short-billed Dowitcher,Limnodromus griseus,L1801585,Emeryville shoreline--near fire station,2025-03-03 13:00,6.0,37.8365218,-122.3010791,True,False,False,S216494703,,US-CA
cogdov,Common Ground Dove,Columbina passerina,L673436,Sonny Bono Salton Sea NWR--Union Tract / Visitor Center,2025-03-03 13:00,2.0,33.1774666,-115.6150961,True,False,False,S216493898,,US-CA
logshr,Loggerhead Shrike,Lanius ludovicianus,L673436,Sonny Bono Salton Sea NWR--Union Tract / Visitor Center,2025-03-03 13:00,1.0,33.1774666,-115.6150961,True,False,False,S216493898,,US-CA
categr1,Western Cattle-Egret,Ardea ibis,L673436,Sonny Bono Salton Sea NWR--Union Tract / Visitor Center,2025-03-03 13:00,120.0,33.1774666,-115.6150961,True,False,False,S216493898,,US-CA
horgre,Horned Grebe,Podiceps auritus,L8307665,Albany State Marine Reserve,2025-03-03 12:58,2.0,37.8893242,-122.3151134,True,False,False,S216505889,,US-CA
forter,Forster's Tern,Sterna forsteri,L8307665,Albany State Marine Reserve,2025-03-03 12:58,1.0,37.8893242,-122.3151134,True,False,False,S216505889,,US-CA
wesgre,Western Grebe,Aechmophorus occidentalis,L8307665,Albany State Marine Reserve,2025-03-03 12:58,1.0,37.8893242,-122.3151134,True,False,False,S216505889,,US-CA
houwre,Northern House Wren,Troglodytes aedon,L8307665,Albany State Marine Reserve,2025-03-03 12:58,2.0,37.8893242,-122.3151134,True,False,False,S216505889,,US-CA
stejay,Steller's Jay,Cyanocitta stelleri,L37477895,Larry Ellison Conservation Center for Wildlife Care (LECCWC),2025-03-03 12:57,3.0,37.251578,-122.082366,True,False,True,S216490978,,US-CA
wooduc,Wood Duck,Aix sponsa,L12659279,"Pope Beach Road, South Lake Tahoe, California, US (38.935, -120.034)",2025-03-03 12:56,2.0,38.9353186,-120.0340732,True,False,True,S216498198,,US-CA
pygnut,Pygmy Nuthatch,Sitta pygmaea,L12659279,"Pope Beach Road, South Lake Tahoe, California, US (38.935, -120.034)",2025-03-03 12:56,3.0,38.9353186,-120.0340732,True,False,True,S216498198,,US-CA
vesspa,Vesper Sparrow,Pooecetes gramineus,L4543064,Kern Water Bank I,2025-03-03 12:53,1.0,35.340162,-119.348032,True,False,False,S216491529,,US-CA
varthr,Varied Thrush,Ixoreus naevius,L2436140,Mt. Judah Trail,2025-03-03 12:50,1.0,39.3055627,-120.3143263,True,False,False,S216506551,,US-CA
rebnut,Red-breasted Nuthatch,Sitta canadensis,L2436140,Mt. Judah Trail,2025-03-03 12:50,1.0,39.3055627,-120.3143263,True,False,False,S216506551,,US-CA
lewwoo,Lewis's Woodpecker,Melanerpes lewis,L594038,Rock River Rd. (TUO Co.),2025-03-03 12:32,1.0,37.8257855,-120.5396748,True,False,False,S216497412,,US-CA
musduc,Muscovy Duck,Cairina moschata,L393524,San Juan Reservoir Park,2025-03-03 12:26,1.0,38.6303488,-121.5334439,True,False,False,S216493781,X,US-CA
btywar,Black-throated Gray Warbler,Setophaga nigrescens,L798992,Reseda Park,2025-03-03 12:23,1.0,34.1888728,-118.5359573,True,False,False,S216492182,,US-CA
gryfly,Gray Flycatcher,Empidonax wrightii,L798992,Reseda Park,2025-03-03 12:23,1.0,34.1888728,-118.5359573,True,False,False,S216492182,,US-CA
pilwoo,Pileated Woodpecker,Dryocopus pileatus,L4149592,Pooky's Park,2025-03-03 12:18,1.0,41.049777,-123.6794043,True,False,False,S216487738,,US-CA
foxspa,Fox Sparrow,Passerella iliaca,L773892,Ulistac Natural Area,2025-03-03 12:15,1.0,37.4057129,-121.9552374,True,False,False,S216512547,,US-CA
redhea,Redhead,Aythya americana,L268122,Lake Merritt,2025-03-03 12:02,1.0,37.8035451,-122.2567177,True,False,False,S216501033,,US-CA
bulori,Bullock's Oriole,Icterus bullockii,L9231126,"5578–5598 Fermi Ct, Carlsbad US-CA (33.1394,-117.2812)",2025-03-03 11:58,1.0,33.139422,-117.281177,True,False,True,S216490126,,US-CA
blksco2,Black Scoter,Melanitta americana,L1787493,Vincent Park,2025-03-03 11:53,2.0,37.908401,-122.3509431,True,True,False,S216500936,,US-CA
whwsco2,White-winged Scoter,Melanitta deglandi,L13730093,Los Angeles River--Anaheim St to Golden Shore,2025-03-03 11:51,1.0,33.7694035,-118.2049138,True,False,False,S216503576,,US-CA
caster1,Caspian Tern,Hydroprogne caspia,L13730093,Los Angeles River--Anaheim St to Golden Shore,2025-03-03 11:51,2.0,33.7694035,-118.2049138,True,False,False,S216503576,,US-CA
amered,American Redstart,Setophaga ruticilla,L246035,Famosa Slough,2025-03-03 11:47,1.0,32.7504404,-117.2283546,True,True,False,S216489738,,US-CA
rebmer,Red-breasted Merganser,Mergus serrator,L351481,Monterey Harbor,2025-03-03 11:44,1.0,36.6063012,-121.8912935,True,False,False,S216484923,,US-CA
commur,Common Murre,Uria aalge,L351481,Monterey Harbor,2025-03-03 11:44,3.0,36.6063012,-121.8912935,True,False,False,S216484923,,US-CA
redcro,Red Crossbill,Loxia curvirostra,L22398476,Green diamond clear cut,2025-03-03 11:42,4.0,40.9663887,-124.0163337,True,False,True,S216484927,,US-CA
bkbplo,Black-bellied Plover,Pluvialis squatarola,L502380,Heron's Head Park,2025-03-03 11:37,2.0,37.7381243,-122.3725462,True,False,False,S216490111,,US-CA
rewbul,Red-whiskered Bulbul,Pycnonotus jocosus,L617720,Lacy Park,2025-03-03 11:35,2.0,34.1197632,-118.1221676,True,False,False,S216512126,N,US-CA
greroa,Greater Roadrunner,Geococcyx californianus,L20328972,Prescott Preserve (includes former Mesquite and Bel Air Greens golf courses),2025-03-03 11:34,1.0,33.8112785,-116.5199619,True,False,False,S216505879,,US-CA
pacwre1,Pacific Wren,Troglodytes pacificus,L17113587,Presidio- Washington blvd reforestation site,2025-03-03 11:31,2.0,37.795063,-122.471351,True,False,True,S216484290,,US-CA
towsol,Townsend's Solitaire,Myadestes townsendi,L1595841,Long Canyon Rd. (TRI Co.),2025-03-03 11:31,1.0,40.9213765,-122.7850342,True,False,False,S216488289,,US-CA
x00051,Western x Glaucous-winged Gull (hybrid),Larus occidentalis x glaucescens,L279253,Lake Cunningham,2025-03-03 11:30,14.0,37.3354711,-121.8062038,True,False,False,S216510609,,US-CA
tribla,Tricolored Blackbird,Agelaius tricolor,L152139,Madrona Marsh,2025-03-03 11:22,1.0,33.82865,-118.34328,True,False,False,S216478312,,US-CA
triher,Tricolored Heron,Egretta tricolor,L965743,Dog Beach & south jetty,2025-03-03 11:20,1.0,32.7552185,-117.2521229,True,True,False,S216486144,,US-CA
wessan,Western Sandpiper,Calidris mauri,L965743,Dog Beach & south jetty,2025-03-03 11:20,3.0,32.7552185,-117.2521229,True,False,False,S216486144,,US-CA
semplo,Semipalmated Plover,Charadrius semipalmatus,L965743,Dog Beach & south jetty,2025-03-03 11:20,4.0,32.7552185,-117.2521229,True,False,False,S216486144,,US-CA
heegul,Heermann's Gull,Larus heermanni,L1989101,Los Penasquitos Lagoon--mouth & beach,2025-03-03 11:05,1.0,32.9339432,-117.2603633,True,False,False,S216490889,,US-CA
surfbi,Surfbird,Calidris virgata,L516367,Pt. Pinos--south gull roost only (stationary count),2025-03-03 11:03,1.0,36.6343681,-121.939187,True,False,False,S216476320,,US-CA
wlswar,Wilson's Warbler,Cardellina pusilla,L4870985,Oso Flaco Creek Mouth/Beach,2025-03-03 11:02,1.0,35.0334489,-120.6333643,True,False,False,S216489420,,US-CA
dunlin,Dunlin,Calidris alpina,L492576,MLK Jr. Regional Shoreline--Garretson Pt.,2025-03-03 11:01,,37.7506464,-122.2110772,True,False,False,S216495220,,US-CA
burowl,Burrowing Owl,Athene cunicularia,L492576,MLK Jr. Regional Shoreline--Garretson Pt.,2025-03-03 11:01,,37.7506464,-122.2110772,True,False,False,S216495220,,US-CA
whhwoo,White-headed Woodpecker,Dryobates albolarvatus,L1359087,Lake Siskiyou,2025-03-03 11:01,3.0,41.2767048,-122.3394166,True,False,False,S216503614,,US-CA
calgna,California Gnatcatcher,Polioptila californica,L6362532,"Harbor Point Conservation Park, Dana Point",2025-03-03 10:55,1.0,33.4612461,-117.7082181,True,False,False,S216488454,,US-CA
clanut,Clark's Nutcracker,Nucifraga columbiana,L3611757,Luther Pass (ALP Co.),2025-03-03 10:54,2.0,38.786793,-119.946564,True,False,False,S216495382,,US-CA
ycnher,Yellow-crowned Night Heron,Nyctanassa violacea,L3239468,Tijuana Slough NWR--Visitor Center Area,2025-03-03 10:53,4.0,32.5747927,-117.1259019,True,False,False,S216481175,,US-CA
retloo,Red-throated Loon,Gavia stellata,L794465,Pier 94--salt marsh restoration,2025-03-03 10:50,1.0,37.7456582,-122.3755481,True,False,False,S216479221,,US-CA
ridrai1,Ridgway's Rail,Rallus obsoletus,L161083,MLK Jr. Regional Shoreline--Arrowhead Marsh,2025-03-03 10:30,4.0,37.7421628,-122.2112274,True,False,False,S216496322,,US-CA
bkhpar,Nanday Parakeet,Aratinga nenday,L40824991,"Albright St., Los Angeles, California, US (34.049, -118.527)",2025-03-03 10:30,2.0,34.0491351,-118.5266642,True,False,True,S216490589,N,US-CA
mutswa,Mute Swan,Cygnus olor,L826999,Lakeside County Park,2025-03-03 10:30,1.0,39.0245022,-122.8505874,True,False,False,S216493140,P,US-CA
bongul,Bonaparte's Gull,Chroicocephalus philadelphia,L109462,Lake Henshaw,2025-03-03 10:28,7.0,33.2316107,-116.7475494,True,False,False,S216480396,,US-CA
libher,Little Blue Heron,Egretta caerulea,L761141,San Elijo Lagoon--west,2025-03-03 10:26,1.0,33.0087881,-117.2720733,True,False,False,S216474472,,US-CA
virrai,Virginia Rail,Rallus limicola,L16465820,"Huntington Central Park, Huntington Beach US-CA 33.70369, -118.00421",2025-03-03 10:24,1.0,33.703691,-118.004213,True,False,True,S216477325,,US-CA
bktspa,Black-throated Sparrow,Amphispiza bilineata,L949191,Tahquitz Canyon,2025-03-03 10:21,2.0,33.80531,-116.558434,True,False,False,S216484486,,US-CA
x00050,American Herring x Glaucous-winged Gull (hybrid),Larus smithsonianus x glaucescens,L329541,Half Moon Bay SB--Venice Beach and Pilarcitos/Frenchman's Creek Mouth,2025-03-03 10:21,2.0,37.4770523,-122.4492789,True,False,False,S216483399,,US-CA
rensap,Red-naped Sapsucker,Sphyrapicus nuchalis,L864376,Tournament Park,2025-03-03 10:12,1.0,34.133405,-118.1254292,True,False,False,S216470005,,US-CA
rengre,Red-necked Grebe,Podiceps grisegena,L596958,Campbell Cove and Hole in the Head - ONLY,2025-03-03 10:01,2.0,38.3053873,-123.0577433,True,False,False,S216497830,,US-CA
warvir,Warbling Vireo,Vireo gilvus,L387783,Bohnett Park,2025-03-03 10:00,1.0,34.4173452,-119.7130823,True,False,False,S216478330,,US-CA
rinphe1,Ring-necked Pheasant,Phasianus colchicus,L16858003,Durnel Dr.,2025-03-03 09:59,1.0,39.5612306,-121.8006,True,False,False,S216469221,N,US-CA
gragoo,Graylag Goose,Anser anser,L1606213,Roberts Lake (SON Co.),2025-03-03 09:49,3.0,38.3659647,-122.7106153,True,False,False,S216468130,X,US-CA
btnwar,Black-throated Green Warbler,Setophaga virens,L1386541,Vincent Lugo Park,2025-03-03 09:47,1.0,34.0841468,-118.1055868,True,True,False,S216508845,,US-CA
bkvshe,Black-vented Shearwater,Puffinus opisthomelas,L770132,Cabrillo NM--Tide Pools,2025-03-03 09:46,2.0,32.6704159,-117.2452361,True,False,False,S216466866,,US-CA
paired,Painted Redstart,Myioborus pictus,L5725693,Point Loma residential--lower,2025-03-03 09:45,1.0,32.7109574,-117.2409707,True,True,False,S216485947,,US-CA
lesyel,Lesser Yellowlegs,Tringa flavipes,L10161991,Parkside Ponds,2025-03-03 09:42,1.0,33.7091661,-118.0378906,True,False,False,S216469040,,US-CA
blkski,Black Skimmer,Rynchops niger,L989047,"South Richmond Marshes (Stege, Hoffman) and Meeker Slough",2025-03-03 09:42,17.0,37.9090901,-122.3329122,True,True,False,S216484417,,US-CA
ferhaw,Ferruginous Hawk,Buteo regalis,L4131177,Ball Ranch,2025-03-03 09:39,1.0,36.9361286,-119.7312784,True,False,False,S216484624,,US-CA
redkno,Red Knot,Calidris canutus,L859942,Bayshore Bikeway--10th Street (Pond 23),2025-03-03 09:33,17.0,32.5901154,-117.1133738,True,False,False,S216504599,,US-CA
rudtur,Ruddy Turnstone,Arenaria interpres,L859942,Bayshore Bikeway--10th Street (Pond 23),2025-03-03 09:33,2.0,32.5901154,-117.1133738,True,False,False,S216504599,,US-CA
lecthr,LeConte's Thrasher,Toxostoma lecontei,L1193300,Joshua Tree NP--Jumbo Rocks Campground,2025-03-03 09:19,2.0,33.9920675,-116.0635722,True,False,False,S216466272,,US-CA
wesowl1,Western Screech-Owl,Megascops kennicottii,L299860,McClellan Ranch Preserve,2025-03-03 09:04,1.0,37.3140655,-122.0630121,True,False,False,S216473032,,US-CA
wesfly,Western Flycatcher,Empidonax difficilis,L12828721,Questhaven Road Nature Trail,2025-03-03 09:01,1.0,33.0796262,-117.1658134,True,False,False,S216508704,,US-CA
piggui,Pigeon Guillemot,Cepphus columba,L40817974,"Montana de Oro State Park, Los Osos US-CA 35.28486, -120.88067",2025-03-03 08:57,1.0,35.284865,-120.88067,True,False,True,S216454902,,US-CA
brespa,Brewer's Sparrow,Spizella breweri,L560027,"Jacumba--town, pond, fields",2025-03-03 08:42,1.0,32.6190835,-116.1874054,True,False,False,S216512201,,US-CA
trokin,Tropical Kingbird,Tyrannus melancholicus,L6288206,Bridgeway Lakes Community Park,2025-03-03 08:40,1.0,38.5314473,-121.577692,True,True,False,S216505009,,US-CA
pomjae,Pomarine Jaeger,Stercorarius pomarinus,L233548,Point La Jolla--seawatch,2025-03-03 08:35,3.0,32.8507576,-117.2735641,True,False,False,S216461620,,US-CA
parjae,Parasitic Jaeger,Stercorarius parasiticus,L233548,Point La Jolla--seawatch,2025-03-03 08:35,4.0,32.8507576,-117.2735641,True,False,False,S216461620,,US-CA
wooscj2,Woodhouse's Scrub-Jay,Aphelocoma woodhouseii,L1285092,Fay Luther Trail (CA),2025-03-03 08:34,,38.8681148,-119.8127961,True,False,False,S216461593,,US-CA
casfin,Cassin's Finch,Haemorhous cassinii,L1285092,Fay Luther Trail (CA),2025-03-03 08:34,,38.8681148,-119.8127961,True,False,False,S216461593,,US-CA
yecpar,Yellow-chevroned Parakeet,Brotogeris chiriri,L230931,Huntington Botanical Gardens,2025-03-03 08:34,4.0,34.1288701,-118.114462,True,False,False,S216466219,N,US-CA
vauswi,Vaux's Swift,Chaetura vauxi,L207664,Las Gallinas Valley Sanitary District,2025-03-03 08:31,1.0,38.0274109,-122.515583,True,False,False,S216465441,,US-CA
recpar,Red-crowned Amazon,Amazona viridigenalis,L841295,Coolidge Ave,2025-03-03 08:30,2.0,34.1760922,-118.1002378,True,False,True,S216457332,N,US-CA
pacloo,Pacific Loon,Gavia pacifica,L2411807,North El Portal Seawatch,2025-03-03 08:28,4.0,33.0569177,-117.3016237,True,False,False,S216460802,,US-CA
mitpar,Mitred Parakeet,Psittacara mitratus,L13354292,Birdcage Park,2025-03-03 08:09,14.0,33.8303109,-118.1042092,True,False,False,S216452061,N,US-CA
bkcchi,Black-capped Chickadee,Poecile atricapillus,L3865109,Mad River Estuary--Hammond Bridge,2025-03-03 08:06,2.0,40.9240241,-124.1203862,True,False,False,S216447812,,US-CA
x00646,American Wigeon x Green-winged Teal (hybrid),Mareca americana x Anas crecca,L774817,Middle Harbor Shoreline Park,2025-03-03 08:00,1.0,37.8054779,-122.3259401,True,True,False,S216473917,,US-CA
rempar,Red-masked Parakeet,Psittacara erythrogenys,L20428095,wyndham,2025-03-03 07:55,3.0,32.7543974,-117.2155969,True,False,True,S216443705,N,US-CA
camwar,Cape May Warbler,Setophaga tigrina,L836315,Loyola Marymount University,2025-03-03 07:35,1.0,33.9723529,-118.4164274,True,True,False,S216481447,,US-CA
scoori,Scott's Oriole,Icterus parisorum,L4565128,Crystalaire Our Yard,2025-03-03 07:31,1.0,34.4728825,-117.8405464,True,True,True,S216445995,,US-CA
leabit,Least Bittern,Botaurus exilis,L810352,San Diego River--behind Walmart in Santee,2025-03-03 07:24,1.0,32.8440814,-116.9896627,True,False,False,S216504654,,US-CA
licpar,Lilac-crowned Amazon,Amazona finschi,L40815725,Zanja and Bonview,2025-03-03 07:20,3.0,34.0669295,-117.1017694,True,False,True,S216443758,N,US-CA
x00629,Blue-winged Teal x Northern Shoveler (hybrid),Spatula discors x clypeata,L10320742,Eden Landing--kayak launch,2025-03-03 07:03,1.0,37.618094,-122.122961,True,True,False,S216446439,,US-CA
belspa2,Bell's Sparrow,Artemisiospiza belli,L1026717,Napa Ridge (Private),2025-03-03 06:45,2.0,38.2898483,-122.2057172,True,False,True,S216478579,,US-CA
nopowl,Northern Pygmy-Owl,Glaucidium gnoma,L1026717,Napa Ridge (Private),2025-03-03 06:45,2.0,38.2898483,-122.2057172,True,False,True,S216478579,,US-CA
easpho,Eastern Phoebe,Sayornis phoebe,L1266900,El Monte County Park,2025-03-03 06:33,1.0,32.8922408,-116.8468738,True,True,False,S216474880,,US-CA
bkfalb,Black-footed Albatross,Phoebastria nigripes,L109309,Pt. Pinos--seawatch only,2025-03-03 06:32,1.0,36.6373821,-121.9357538,True,False,False,S216437651,,US-CA
norcar,Northern Cardinal,Cardinalis cardinalis,L5374673,Tijuana River Valley--ranger station,2025-03-03 06:31,1.0,32.545626,-117.0741007,True,False,False,S216450128,X,US-CA
sheowl,Short-eared Owl,Asio flammeus,L38221541,Ohm Road and surrounding grasslands,2025-03-02 17:56,2.0,40.1134475,-122.2329491,True,False,False,S216369115,,US-CA
tufduc,Tufted Duck,Aythya fuligula,L1028642,Oracle Pond (pond area only) along Marine Pkwy,2025-03-02 16:34,1.0,37.5296126,-122.2639811,True,True,False,S216375655,,US-CA
calcon,California Condor,Gymnogyps californianus,L903146,Pinnacles NP--Bear Valley,2025-03-02 16:34,1.0,36.5063937,-121.1374855,True,False,False,S216376604,,US-CA
amebit,American Bittern,Botaurus lentiginosus,L40801917,North bowl pond,2025-03-02 16:20,1.0,37.366083,-120.420322,True,False,True,S216369355,,US-CA
mouqua,Mountain Quail,Oreortyx pictus,L2867184,Angeles Crest Hwy--MP 40.4,2025-03-02 16:15,3.0,34.268217,-118.077217,True,False,False,S216369571,,US-CA
rhiauk,Rhinoceros Auklet,Cerorhinca monocerata,L109309,Pt. Pinos--seawatch only,2025-03-02 16:09,1.0,36.6373821,-121.9357538,True,False,False,S216360909,,US-CA
gnttow,Green-tailed Towhee,Pipilo chlorurus,L3239468,Tijuana Slough NWR--Visitor Center Area,2025-03-02 16:09,1.0,32.5747927,-117.1259019,True,True,False,S216368772,,US-CA
orcori,Orchard Oriole,Icterus spurius,L26598782,stakeout Orchard Oriole--Fountain Valley,2025-03-02 16:08,1.0,33.7307179,-117.9513654,True,True,False,S216358019,,US-CA
hooori,Hooded Oriole,Icterus cucullatus,L1100233,Agua Caliente County Park,2025-03-02 15:44,1.0,32.9503072,-116.3034582,True,False,False,S216361670,,US-CA
grepew,Greater Pewee,Contopus pertinax,L2067120,Hilltop Park (Chula Vista),2025-03-02 15:16,1.0,32.628605,-117.0632958,True,True,False,S216357751,,US-CA
tunswa,Tundra Swan,Cygnus columbianus,L14928088,Sierra Valley Preserve West,2025-03-02 14:28,7.0,39.787836,-120.377748,True,False,False,S216343676,,US-CA
palwar,Palm Warbler,Setophaga palmarum,L1626711,Mattole Rd.--coastal section,2025-03-02 14:25,1.0,40.3798649,-124.3657923,True,False,False,S216371800,,US-CA
x00655,Bufflehead x Common Goldeneye (hybrid),Bucephala albeola x clangula,L1112318,Stonegate Ave. at Hoopa Rd. pond,2025-03-02 14:19,1.0,38.5395223,-121.5380573,True,True,False,S216349231,,US-CA
bwxtea1,Blue-winged x Cinnamon Teal (hybrid),Spatula discors x cyanoptera,L161083,MLK Jr. Regional Shoreline--Arrowhead Marsh,2025-03-02 13:58,1.0,37.7421628,-122.2112274,True,True,False,S216374288,,US-CA
cxbgol1,Common x Barrow's Goldeneye (hybrid),Bucephala clangula x islandica,L594012,Shoreline Park--Shoreline Lake area,2025-03-02 13:25,1.0,37.432341,-122.0918369,True,True,False,S216343062,,US-CA
yehbla,Yellow-headed Blackbird,Xanthocephalus xanthocephalus,L163561,San Jacinto Wildlife Area,2025-03-02 13:23,2.0,33.8854488,-117.104104,True,False,False,S216358218,,US-CA
eleter1,Elegant Tern,Thalasseus elegans,L859942,Bayshore Bikeway--10th Street (Pond 23),2025-03-02 13:17,1.0,32.5901154,-117.1133738,True,False,False,S216364473,,US-CA
naswar,Nashville Warbler,Leiothlypis ruficapilla,L12911956,Presidio--Letterman Digital Arts Center,2025-03-02 12:16,1.0,37.7998854,-122.4486893,True,False,False,S216320020,,US-CA
robgro,Rose-breasted Grosbeak,Pheucticus ludovicianus,L469003,Tijuana River Valley--Community Gardens,2025-03-02 11:59,1.0,32.5567428,-117.0849895,True,True,False,S216316649,,US-CA
norful,Northern Fulmar,Fulmarus glacialis,L109309,Pt. Pinos--seawatch only,2025-03-02 11:37,1.0,36.6373821,-121.9357538,True,False,False,S216364345,,US-CA
ancmur,Ancient Murrelet,Synthliboramphus antiquus,L109309,Pt. Pinos--seawatch only,2025-03-02 11:37,1.0,36.6373821,-121.9357538,True,False,False,S216364345,,US-CA
bawwar,Black-and-white Warbler,Mniotilta varia,L1357335,Huntington Central Park--East,2025-03-02 10:46,1.0,33.7040978,-118.0022383,True,True,False,S216374110,,US-CA
casauk,Cassin's Auklet,Ptychoramphus aleuticus,L109309,Pt. Pinos--seawatch only,2025-03-02 10:23,2.0,36.6373821,-121.9357538,True,False,False,S216321497,,US-CA
fiespa,Field Sparrow,Spizella pusilla,L651747,Pillar Point Harbor--Denniston Creek mouth and riparian corridor,2025-03-02 10:22,1.0,37.5038395,-122.4873089,True,True,False,S216365322,,US-CA
glagul,Glaucous Gull,Larus hyperboreus,L3810656,Twin Lakes SB,2025-03-02 10:04,1.0,36.9620317,-121.9991398,True,True,False,S216312044,,US-CA
lotduc,Long-tailed Duck,Clangula hyemalis,L1068919,Presidio--Battery Crosby-offshore rocks,2025-03-02 09:52,1.0,37.8011885,-122.4818087,True,False,False,S216287202,,US-CA
sagspa1,Sagebrush Sparrow,Artemisiospiza nevadensis,L653300,Crowley Lake--north side,2025-03-02 09:51,2.0,37.6471312,-118.7381744,True,False,False,S216373888,,US-CA
evegro,Evening Grosbeak,Coccothraustes vespertinus,L40784920,"2015 Lake Tahoe Blvd, South Lake Tahoe US-CA 38.91463, -120.00405",2025-03-02 09:48,8.0,38.914625,-120.004051,True,False,True,S216286140,,US-CA
x00421,Eurasian x American Wigeon (hybrid),Mareca penelope x americana,L6212502,Echo Hills Golf Course,2025-03-02 09:38,1.0,33.7245669,-116.9671154,True,True,True,S216355332,,US-CA
graspa,Grasshopper Sparrow,Ammodramus savannarum,L2776216,Sedgwick Reserve (restricted access),2025-03-02 09:33,1.0,34.692571,-120.0405478,True,False,False,S216320613,,US-CA
norshr4,Northern Shrike,Lanius borealis,L578591,Arcata Bottoms--V St. Loop,2025-03-02 09:32,1.0,40.864728,-124.120967,True,True,False,S216320474,,US-CA
grefla2,American Flamingo,Phoenicopterus ruber,L2047403,South Bay Salt Works--interior & bay (restricted access),2025-03-02 09:24,2.0,32.6049209,-117.1062324,True,False,False,S216337019,X,US-CA
heptan,Hepatic Tanager,Piranga flava,L1308961,La Mirada Golf Course pond,2025-03-02 08:55,1.0,33.9042907,-118.0029058,True,True,False,S216273625,,US-CA
larbun,Lark Bunting,Calamospiza melanocorys,L9639891,"College X Camino Real (general area), Carlsbad, California",2025-03-02 08:45,1.0,33.1430639,-117.2832273,True,True,True,S216288856,,US-CA
mdxmal1,Muscovy Duck x Mallard (hybrid),Cairina moschata x Anas platyrhynchos,L518641,Gibson Ranch County Park,2025-03-02 08:30,2.0,38.7243734,-121.4024919,True,False,False,S216307643,X,US-CA
sumtan,Summer Tanager,Piranga rubra,L2198410,Griffith Park--Old Zoo trails,2025-03-02 08:30,1.0,34.1349978,-118.288132,True,True,False,S216362891,,US-CA
btmjay,Black-throated Magpie-Jay,Cyanocorax colliei,L5374673,Tijuana River Valley--ranger station,2025-03-02 08:18,2.0,32.545626,-117.0741007,True,False,False,S216288371,X,US-CA
rocsan,Rock Sandpiper,Calidris ptilocnemis,L329116,"Southeast Farallon Island (Farallon Islands NWR, restricted access)",2025-03-02 08:00,1.0,37.69852,-123.002789,True,False,False,S216377355,,US-CA
norgan,Northern Gannet,Morus bassanus,L329116,"Southeast Farallon Island (Farallon Islands NWR, restricted access)",2025-03-02 08:00,1.0,37.69852,-123.002789,True,False,False,S216377355,,US-CA
yehpar,Yellow-headed Amazon,Amazona oratrix,L3678329,Ave 64,2025-03-02 07:47,4.0,34.134708,-118.176125,True,False,True,S216378034,P,US-CA
x01131,American Herring x Glaucous Gull (hybrid),Larus smithsonianus x hyperboreus,L833754,"Asilomar SB--rocky shore only [Jewell to Asilomar, west of Sunset]",2025-03-02 07:45,1.0,36.6230674,-121.9410557,True,False,False,S216333780,,US-CA
solsan,Solitary Sandpiper,Tringa solitaria,L715898,Whelan Lake Bird Sanctuary (permission required),2025-03-02 07:44,1.0,33.2424922,-117.3364091,True,True,False,S216374226,,US-CA
x00958,Red-crowned x Lilac-crowned Amazon (hybrid),Amazona viridigenalis x finschi,L8905738,Mentone - Nice Ave,2025-03-02 07:44,1.0,34.0660253,-117.105788,True,False,True,S216268285,N,US-CA
monpar,Monk Parakeet,Myiopsitta monachus,L22941754,Reama Park,2025-03-02 07:38,1.0,32.578647,-117.1293765,True,False,False,S216254946,P,US-CA
pinwar,Pine Warbler,Setophaga pinus,L40802044,Sixteenth Street Park,2025-03-02 07:08,1.0,35.1143797,-120.6108284,True,True,True,S216369886,,US-CA
rorpar,Rose-ringed Parakeet,Psittacula krameri,L40802044,Sixteenth Street Park,2025-03-02 07:08,1.0,35.1143797,-120.6108284,True,True,True,S216369886,X,US-CA
marmur,Marbled Murrelet,Brachyramphus marmoratus,L271476,Pigeon Pt.,2025-03-02 07:08,2.0,37.182,-122.394,True,False,False,S216364829,,US-CA
relpar,Red-lored Amazon,Amazona autumnalis,L197811,Brookside Park,2025-03-02 06:44,1.0,34.1533751,-118.1654155,True,False,False,S216256170,P,US-CA
nswowl,Northern Saw-whet Owl,Aegolius acadicus,L40762503,Owl Stop Four,2025-03-02 00:10,1.0,37.201572,-122.157014,True,False,True,S216169551,,US-CA
compoo,Common Poorwill,Phalaenoptilus nuttallii,L2251274,US-CA-La Jolla-1830 Caminito Brisa Yard The Summit,2025-03-01 18:07,1.0,32.839424,-117.256326,True,False,True,S216147558,,US-CA
thbkin,Thick-billed Kingbird,Tyrannus crassirostris,L4103042,Griffith Park--Beacon Hill,2025-03-01 16:50,1.0,34.1268686,-118.280257,True,True,False,S216139739,,US-CA
bucpar,Blue-crowned Parakeet,Thectocercus acuticaudatus,L9884311,Wing St. Canyon,2025-03-01 16:40,2.0,32.744551,-117.218106,True,False,False,S216144934,P,US-CA
pinjay,Pinyon Jay,Gymnorhinus cyanocephalus,L2101600,Joshua Tree NP--Panorama Loop Trail,2025-03-01 15:00,4.0,34.045222,-116.388092,True,False,False,S216274829,,US-CA
ducfly,Dusky-capped Flycatcher,Myiarchus tuberculifer,L1386541,Vincent Lugo Park,2025-03-01 14:55,1.0,34.0841468,-118.1055868,True,True,False,S216151210,,US-CA
x00759,Domestic goose sp. x Canada Goose (hybrid),Anser sp. (Domestic type) x Branta canadensis,L391767,Shadow Cliffs Regional Park,2025-03-01 14:31,1.0,37.6692148,-121.8406105,True,False,False,S216149029,X,US-CA
swaspa,Swamp Sparrow,Melospiza georgiana,L769979,Watsonville Slough--Ford St. to Ohlone Pkwy.,2025-03-01 14:12,1.0,36.9070178,-121.7700458,True,True,False,S216126657,,US-CA
wilsap,Williamson's Sapsucker,Sphyrapicus thyroideus,L40751786,"29005 California 108, Long Barn, California, US (38.153, -120.065)",2025-03-01 13:26,1.0,38.152541,-120.0647722,True,False,True,S216119425,,US-CA
grawar,Grace's Warbler,Setophaga graciae,L1077810,Fort Miley--Plateau (East Fort Miley),2025-03-01 12:49,1.0,37.78296,-122.5025046,True,True,False,S216138402,,US-CA
xanmur2,Scripps's Murrelet,Synthliboramphus scrippsi,L2028864,Off Mission Bay (offshore species only),2025-03-01 12:25,4.0,32.754544,-117.3785801,True,False,False,S216139664,,US-CA
swagoo1,Swan Goose,Anser cygnoides,L12692872,Tri-City Center,2025-03-01 12:00,6.0,34.06648,-117.27167,True,False,False,S216093024,X,US-CA
truswa,Trumpeter Swan,Cygnus buccinator,L8142284,CR 60--south of Alturas,2025-03-01 11:49,2.0,41.3635431,-120.5640403,True,False,False,S216141196,,US-CA
x00776,Graylag x Swan Goose (hybrid),Anser anser x cygnoides,L283345,Guajome Regional Park,2025-03-01 11:36,4.0,33.2471763,-117.2729558,True,False,False,S216106219,X,US-CA
yebloo,Yellow-billed Loon,Gavia adamsii,L2373907,Bodega Harbor--Spud Point and marina,2025-03-01 10:48,1.0,38.3273494,-123.0563378,True,True,False,S216155187,,US-CA
zothaw,Zone-tailed Hawk,Buteo albonotatus,L1266900,El Monte County Park,2025-03-01 10:15,1.0,32.8922408,-116.8468738,True,True,False,S216146741,,US-CA
pifshe,Pink-footed Shearwater,Ardenna creatopus,L526581,Lower Nine Mile Bank (SD Co.),2025-03-01 10:10,1.0,32.608881,-117.4237032,True,False,False,S216139506,,US-CA
rolhaw,Rough-legged Hawk,Buteo lagopus,L657546,Lower Klamath NWR--Auto Tour Route,2025-03-01 09:53,2.0,41.9717075,-121.7260158,True,False,False,S216113829,,US-CA
chukar,Chukar,Alectoris chukar,L967598,Silver Canyon,2025-03-01 09:43,3.0,37.4074941,-118.2921124,True,False,False,S216089826,N,US-CA
issjay,Island Scrub-Jay,Aphelocoma insularis,L2442150,Santa Cruz Island--Scorpion Canyon Campgrounds,2025-03-01 09:30,14.0,34.0484615,-119.5645389,True,False,False,S216158956,,US-CA
laplon,Lapland Longspur,Calcarius lapponicus,L37629259,"Bear River Ridge Road -- 40.4479858, -124.1591660",2025-03-01 09:11,3.0,40.448122,-124.1611122,True,True,True,S216095172,,US-CA
x00662,Downy x Nuttall's Woodpecker (hybrid),Dryobates pubescens x nuttallii,L940460,Mission Valley Preserve/Sefton Park,2025-03-01 08:51,1.0,32.762172,-117.1938769,True,True,False,S216063802,,US-CA
brdowl,Barred Owl,Strix varia,L1135899,Benbow Dam Rd. and trail,2025-03-01 08:49,1.0,40.0656577,-123.8098669,True,False,False,S216098709,,US-CA
stisan,Stilt Sandpiper,Calidris himantopus,L986378,Sonny Bono Salton Sea NWR--Vendel Rd.,2025-03-01 08:36,8.0,33.0757606,-115.7096225,True,True,False,S216080919,,US-CA
chifla1,Chilean Flamingo,Phoenicopterus chilensis,L216132,Coyote Hills Regional Park,2025-03-01 08:29,1.0,37.553764,-122.0875025,True,True,False,S216142067,X,US-CA
x00457,Northern Shoveler x Gadwall (hybrid),Spatula clypeata x Mareca strepera,L163561,San Jacinto Wildlife Area,2025-03-01 08:11,1.0,33.8854488,-117.104104,True,True,False,S216126961,,US-CA
herwar,Hermit Warbler,Setophaga occidentalis,L995783,Fort Miley--Battery Chester,2025-03-01 08:10,1.0,37.7825488,-122.5090492,True,True,False,S216415200,,US-CA
clcspa,Clay-colored Sparrow,Spizella pallida,L491618,Westminster Memorial Park,2025-03-01 08:08,1.0,33.7501778,-117.9926491,True,True,False,S216111692,,US-CA
pagplo,Pacific Golden-Plover,Pluvialis fulva,L1042229,Upper Newport Bay (by boat),2025-03-01 07:58,1.0,33.6198192,-117.9030955,True,True,True,S216094463,,US-CA
bkhgro,Black-headed Grosbeak,Pheucticus melanocephalus,L815817,Frank G. Bonelli RP/Puddingstone Reservoir and vicinity,2025-03-01 07:15,1.0,34.0870104,-117.8050125,True,True,False,S216160329,,US-CA
x00006,American x Black Oystercatcher (hybrid),Haematopus palliatus x bachmani,L601770,Los Angeles Harbor,2025-03-01 06:20,1.0,33.7124886,-118.2544327,True,True,False,S216263021,,US-CA
manduc,Mandarin Duck,Aix galericulata,L14942042,Irvine Regional Park,2025-03-01 06:03,1.0,33.79503,-117.751916,True,False,True,S216054208,X,US-CA
crithr,Crissal Thrasher,Toxostoma crissale,L350295,Shoshone Village,2025-02-28 16:21,1.0,35.9778673,-116.2714648,True,False,False,S215932786,,US-CA
norgos,American Goshawk,Astur atricapillus,L1838467,South Park trails,2025-02-28 15:14,1.0,39.9801432,-120.9225226,True,False,False,S215918060,,US-CA
veggul1,Vega Gull,Larus vegae,L2028864,Off Mission Bay (offshore species only),2025-02-28 12:44,1.0,32.754544,-117.3785801,True,True,False,S215939822,,US-CA
x00414,Greater White-fronted x Cackling Goose (hybrid),Anser albifrons x Branta hutchinsii,L448084,Woodland WTP,2025-02-28 10:28,4.0,38.6624345,-121.7173585,True,True,False,S215903738,,US-CA
harduc,Harlequin Duck,Histrionicus histrionicus,L997003,"Coyote Point County Park--yacht club, harbor and freshwater marsh",2025-02-28 09:09,1.0,37.5886459,-122.3152274,True,True,False,S215934839,,US-CA
soogro1,Sooty Grouse,Dendragapus fuliginosus,L8969209,Pacific Crest Trail--Belden,2025-02-28 09:07,2.0,40.004229,-121.2551005,True,False,False,S215914324,,US-CA
hrshaw,Harris's Hawk,Parabuteo unicinctus,L560027,"Jacumba--town, pond, fields",2025-02-28 07:24,2.0,32.6190835,-116.1874054,True,True,False,S215858469,,US-CA
gryjay,Canada Jay,Perisoreus canadensis,L6689983,allen house,2025-02-28 06:56,45.0,41.1944589,-124.0950179,True,True,True,S215864625,,US-CA
juntit1,Juniper Titmouse,Baeolophus ridgwayi,L40708822,BR2,2025-02-28 06:48,,37.67675,-118.51884,True,False,True,S215912406,,US-CA
balori,Baltimore Oriole,Icterus galbula,L37828087,"Pepperwood Park, Irvine",2025-02-27 15:55,1.0,33.7064712,-117.76642,True,True,False,S216094789,,US-CA
gcrfin,Gray-crowned Rosy-Finch,Leucosticte tephrocotis,L3239684,Mammoth Mountain Ski Resort,2025-02-27 12:14,2.0,37.644698,-119.024961,True,False,False,S215756169,,US-CA
rnxsap1,Red-naped x Red-breasted Sapsucker (hybrid),Sphyrapicus nuchalis x ruber,L4972400,Penitencia Creek Park,2025-02-27 11:51,1.0,37.3897517,-121.847021,True,True,False,S215741094,,US-CA
lucwar,Lucy's Warbler,Leiothlypis luciae,L802669,Balboa Park--west side,2025-02-27 10:15,1.0,32.7341455,-117.1585499,True,True,False,S215725588,,US-CA
sxrgoo1,Snow x Ross's Goose (hybrid),Anser caerulescens x rossii,L459816,Santa Fe Dam Rec. Area,2025-02-27 09:45,1.0,34.1113782,-117.9507637,True,True,False,S215714681,,US-CA
x00763,Cinnamon x Green-winged Teal (hybrid),Spatula cyanoptera x Anas crecca,L593497,Lake of the Pines WTP (restricted access),2025-02-27 08:09,1.0,39.0352863,-121.0790563,True,True,False,S215759691,,US-CA
casvir,Cassin's Vireo,Vireo cassinii,L448520,North Davis Farms greenbelt,2025-02-27 07:54,1.0,38.5713205,-121.7611313,True,True,False,S215713709,,US-CA
plsvir,Plumbeous Vireo,Vireo plumbeus,L420195,Big Morongo Canyon Preserve & Covington Park,2025-02-27 07:07,1.0,34.0497222,-116.5702639,True,True,False,S215742146,,US-CA
laugul,Laughing Gull,Leucophaeus atricilla,L353768,Pismo Creek mouth,2025-02-26 16:00,1.0,35.1340046,-120.6392555,True,True,False,S215631651,,US-CA
x00758,Graylag x Canada Goose (hybrid),Anser anser x Branta canadensis,L8325649,CSU Stanislaus,2025-02-26 13:56,1.0,37.5255,-120.8565,True,False,False,S215595795,X,US-CA
x00420,Gadwall x Mallard (hybrid),Mareca strepera x Anas platyrhynchos,L451792,North Area Drainage Pond,2025-02-26 08:20,1.0,38.5713205,-121.7486858,True,True,False,S215620365,,US-CA
x00059,Townsend's x Hermit Warbler (hybrid),Setophaga townsendi x occidentalis,L39648752,"Haight-Ashbury - Gamble Memorial Park 37.76657, -122.44816",2025-02-26 08:17,1.0,37.7664419,-122.4486393,True,True,False,S215579051,,US-CA
sooshe,Sooty Shearwater,Ardenna grisea,L329116,"Southeast Farallon Island (Farallon Islands NWR, restricted access)",2025-02-26 08:00,1.0,37.69852,-123.002789,True,False,False,S215626670,,US-CA
orabis1,Northern Red Bishop,Euplectes franciscanus,L1396236,Anaheim Coves Park (aka Burris Basin),2025-02-26 06:38,1.0,33.8257044,-117.869868,True,False,False,S215527120,P,US-CA
lbbgul,Lesser Black-backed Gull,Larus fuscus,L684816,Los Angeles River--Soto St.,2025-02-25 14:36,1.0,34.0095542,-118.2194138,True,True,False,S215443267,,US-CA
norwat,Northern Waterthrush,Parkesia noveboracensis,L469000,Dairy Mart Ponds,2025-02-25 14:31,1.0,32.554277,-117.0629789,True,True,False,S215447431,,US-CA
hamfly,Hammond's Flycatcher,Empidonax hammondii,L8944550,Harbor Lawn-Mt. Olive Memorial Park,2025-02-25 10:45,1.0,33.6857435,-117.9223866,True,True,False,S215409920,,US-CA
ameoys,American Oystercatcher,Haematopus palliatus,L233548,Point La Jolla--seawatch,2025-02-25 09:00,1.0,32.8507576,-117.2735641,True,True,False,S215425661,,US-CA
cocboo1,Cocos Booby,Sula brewsteri,L233548,Point La Jolla--seawatch,2025-02-25 09:00,1.0,32.8507576,-117.2735641,True,False,False,S215425661,,US-CA
redpha1,Red Phalarope,Phalaropus fulicarius,L109309,Pt. Pinos--seawatch only,2025-02-25 07:03,2.0,36.6373821,-121.9357538,True,False,False,S215376201,,US-CA
louwat,Louisiana Waterthrush,Parkesia motacilla,L17003360,Stevens Creek Area,2025-02-25 06:55,1.0,32.9925429,-117.2603138,True,True,False,S215393258,,US-CA
magwar,Magnolia Warbler,Setophaga magnolia,L281754,College Lake,2025-02-24 11:19,1.0,36.946382,-121.7446834,True,True,False,S215671687,,US-CA
brbhum,Broad-billed Hummingbird,Cynanthus latirostris,L9000264,"Golden Hill Home (Private property, no public access)",2025-02-24 10:27,1.0,32.7181439,-117.1393115,True,True,True,S215250267,,US-CA
blkswa,Black Swan,Cygnus atratus,L1027897,Shiloh Rd.,2025-02-24 10:20,1.0,38.2074323,-121.8886757,True,False,False,S215265100,X,US-CA
woosto,Wood Stork,Mycteria americana,L208280,Lindo Lake,2025-02-24 09:57,1.0,32.8583295,-116.9170833,True,True,False,S215297126,,US-CA
redjun,Red Junglefowl,Gallus gallus,L40578805,"CA-99, Yuba City US-CA 39.09881, -121.63447",2025-02-24 08:05,4.0,39.098813,-121.634472,True,False,True,S215221708,X,US-CA
tenwar,Tennessee Warbler,Leiothlypis peregrina,L40587134,Kearny Mesa residential/office,2025-02-24 07:00,1.0,32.8261,-117.1436,True,True,True,S215261391,,US-CA
bkbwoo,Black-backed Woodpecker,Picoides arcticus,L1305369,Tamarack Sno-Park,2025-02-23 11:45,1.0,37.1623771,-119.2018747,True,False,False,S215160677,,US-CA
mcclon,Thick-billed Longspur,Rhynchophanes mccownii,L39608426,Girdner Rd,2025-02-23 10:49,6.0,39.077864,-121.831566,True,True,True,S215156688,,US-CA
weskin,Western Kingbird,Tyrannus verticalis,L40545924,"74850–74868 Cholame Rd, San Miguel US-CA 35.80983, -120.37202",2025-02-23 09:08,1.0,35.809833,-120.372015,True,True,True,S215058398,,US-CA
yebcha,Yellow-breasted Chat,Icteria virens,L38368826,"stakeout Painted Bunting (Carpinteria Sanitary District, 2023-2024)",2025-02-23 07:25,1.0,34.393541,-119.517327,True,True,False,S215075414,,US-CA
mouplo,Mountain Plover,Anarhynchus montanus,L40542506,"Elkhorn Road, Santa Margarita US-CA 35.23125, -119.79232",2025-02-22 15:34,58.0,35.231251,-119.792315,True,False,True,S215041786,,US-CA
x00618,Anna's x Costa's Hummingbird (hybrid),Calypte anna x costae,L3556380,Moreno Valley yard,2025-02-22 15:33,1.0,33.9499283,-117.2667141,True,True,True,S214942563,,US-CA
astfly,Ash-throated Flycatcher,Myiarchus cinerascens,L40517795,"3520 Paskenta Cemetery Rd, Flournoy US-CA 39.90214, -122.51260",2025-02-22 15:31,1.0,39.902137,-122.512602,True,True,True,S214924864,,US-CA
dusfly,Dusky Flycatcher,Empidonax oberholseri,L3622815,"Veeh Ranch Park, Laguna Hills",2025-02-22 15:08,1.0,33.6280293,-117.7380913,True,True,False,S214925544,,US-CA
x00787,Common Black x Red-shouldered Hawk (hybrid),Buteogallus anthracinus x Buteo lineatus,L37397018,Summerfield Waldorf School and Farm,2025-02-22 11:00,1.0,38.4436402,-122.8095102,True,True,True,S214889664,,US-CA
cubthr,Curve-billed Thrasher,Toxostoma curvirostre,L433357,Rio Bend RV Park and Golf Course,2025-02-22 10:06,1.0,32.7671044,-115.6936741,True,True,False,S214889708,,US-CA
x00053,White-crowned x Golden-crowned Sparrow (hybrid),Zonotrichia leucophrys x atricapilla,L3485867,Cedar Lake,2025-02-22 09:12,1.0,41.6636791,-122.4067926,True,True,False,S214923022,,US-CA
winwre3,Winter Wren,Troglodytes hiemalis,L387849,Cerro Alto Campground,2025-02-22 08:37,1.0,35.4272109,-120.7491446,True,True,False,S214907940,,US-CA
renpha,Red-necked Phalarope,Phalaropus lobatus,L8062695,"Owens Lake--northeast ponds (T29s, T30s) and vicinity",2025-02-22 08:05,2.0,36.508666,-117.9292846,True,True,False,S214933173,,US-CA
spodov,Spotted Dove,Spilopelia chinensis,L40496760,"353 Clemente Avenue, Avalon, California, US (33.34, -118.327)",2025-02-22 07:41,4.0,33.3398838,-118.326641,True,False,True,S214853420,N,US-CA
bklkit,Black-legged Kittiwake,Rissa tridactyla,L1142122,Crescent City Harbor--Anchor Way & Whaler Island,2025-02-21 11:20,1.0,41.7426017,-124.1819268,True,False,False,S214707684,,US-CA
x00474,Song x Lincoln's Sparrow (hybrid),Melospiza melodia x lincolnii,L11057188,Mountain Springs Golf Club,2025-02-21 09:00,1.0,37.935664,-120.373389,True,True,True,S214755814,,US-CA
chclon,Chestnut-collared Longspur,Calcarius ornatus,L40372347,Highway 45-- Longspur Bend (2025),2025-02-21 06:53,1.0,38.847394,-121.759703,True,True,False,S214689579,,US-CA
leafly,Least Flycatcher,Empidonax minimus,L152146,Kenneth Hahn SRA,2025-02-19 15:20,1.0,34.00861,-118.36533,True,True,False,S214497085,,US-CA
banswa,Bank Swallow,Riparia riparia,L866412,Imperial Irrigation District Wetland Project--Niland,2025-02-19 10:20,3.0,33.2118848,-115.5204034,True,True,False,S214472241,,US-CA
brwhaw,Broad-winged Hawk,Buteo platypterus,L2169574,"Yard Birds, Encinitas",2025-02-18 12:20,1.0,33.0409751,-117.2410297,True,True,True,S214341922,,US-CA
paibun,Painted Bunting,Passerina ciris,L37844104,Eureka- Fairfield St Greenbelt,2025-02-18 10:40,1.0,40.785133,-124.180674,True,True,False,S214315348,,US-CA
whtpta1,White-tailed Ptarmigan,Lagopus leucura,L40414585,"Horse Creek (38.12088,-119.37586)",2025-02-18 09:57,5.0,38.12088,-119.37586,True,True,True,S214407681,N,US-CA
x00630,Cinnamon Teal x Northern Shoveler (hybrid),Spatula cyanoptera x clypeata,L876710,Salton Sea--84th Ave.,2025-02-18 07:33,1.0,33.4407706,-116.0442281,True,True,False,S214468674,,US-CA
