speciesCode,comName,sciName,locId,locName,obsDt,howMany,lat,lng,obsValid,obsReviewed,locationPrivate,subId,exoticCategory,region
amerob,American Robin,Turdus migratorius,L28061606,"696 Echo Ln, Colorado Springs US-CO 38.86060, -104.87080",2025-03-03 16:58,3.0,38.860603,-104.870805,True,False,True,S216513555,,US-CO
bkbmag1,Black-billed Magpie,Pica hudsonia,L28061606,"696 Echo Ln, Colorado Springs US-CO 38.86060, -104.87080",2025-03-03 16:58,1.0,38.860603,-104.870805,True,False,True,S216513555,,US-CO
rinphe1,Ring-necked Pheasant,Phasianus colchicus,L40828755,"1050 Grand Ave, Windsor US-CO 40.48603, -104.91680",2025-03-03 16:35,1.0,40.486027,-104.916796,True,False,True,S216510928,P,US-CO
whbnut,White-breasted Nuthatch,Sitta carolinensis,L40828983,Cheyenne Blvd,2025-03-03 16:33,1.0,38.80245,-104.842682,True,False,True,S216512188,,US-CO
daejun,Dark-eyed Junco,Junco hyemalis,L40828983,Cheyenne Blvd,2025-03-03 16:33,1.0,38.80245,-104.842682,True,False,True,S216512188,,US-CO
eucdov,Eurasian Collared-Dove,Streptopelia decaocto,L40828983,Cheyenne Blvd,2025-03-03 16:33,9.0,38.80245,-104.842682,True,False,True,S216512188,N,US-CO
bkcchi,Black-capped Chickadee,Poecile atricapillus,L11972323,"8446 Pierson Ct, Arvada US-CO 39.85129, -105.12532",2025-03-03 16:32,1.0,39.851287,-105.125318,True,False,True,S216511196,,US-CO
cangoo,Canada Goose,Branta canadensis,L11972323,"8446 Pierson Ct, Arvada US-CO 39.85129, -105.12532",2025-03-03 16:32,2.0,39.851287,-105.125318,True,False,True,S216511196,,US-CO
houfin,House Finch,Haemorhous mexicanus,L11972323,"8446 Pierson Ct, Arvada US-CO 39.85129, -105.12532",2025-03-03 16:32,2.0,39.851287,-105.125318,True,False,True,S216511196,,US-CO
coohaw,Cooper's Hawk,Astur cooperii,L29362128,"2 Clemson Drive, Pueblo, Colorado, US (38.238, -104.66)",2025-03-03 16:26,1.0,38.2376114,-104.6601743,True,False,True,S216510282,,US-CO
comrav,Common Raven,Corvus corax,L7978292,OSMP HUB,2025-03-03 16:24,1.0,40.0247451,-105.2249645,True,False,True,S216509870,,US-CO
norfli,Northern Flicker,Colaptes auratus,L26935113,4th Street Loop,2025-03-03 16:23,2.0,40.0115447,-105.2915049,True,False,True,S216511554,,US-CO
amecro,American Crow,Corvus brachyrhynchos,L26935113,4th Street Loop,2025-03-03 16:23,3.0,40.0115447,-105.2915049,True,False,True,S216511554,,US-CO
shshaw,Sharp-shinned Hawk,Accipiter striatus,L40828459,"399 N Washington Ave, Golden US-CO 39.76815, -105.23497",2025-03-03 16:22,1.0,39.768149,-105.234972,True,False,True,S216509262,,US-CO
rethaw,Red-tailed Hawk,Buteo jamaicensis,L14386884,"Monte Vista National Wildlife Refuge, Monte Vista US-CO 37.47367, -106.10150",2025-03-03 16:22,2.0,37.473666,-106.101499,True,False,True,S216509479,,US-CO
houspa,House Sparrow,Passer domesticus,L14386884,"Monte Vista National Wildlife Refuge, Monte Vista US-CO 37.47367, -106.10150",2025-03-03 16:22,10.0,37.473666,-106.101499,True,False,True,S216509479,N,US-CO
gnwtea,Green-winged Teal,Anas crecca,L807196,Lowell Ponds Open Space,2025-03-03 16:18,4.0,39.7980393,-105.0387781,True,False,False,S216513561,,US-CO
gadwal,Gadwall,Mareca strepera,L807196,Lowell Ponds Open Space,2025-03-03 16:18,12.0,39.7980393,-105.0387781,True,False,False,S216513561,,US-CO
norsho,Northern Shoveler,Spatula clypeata,L807196,Lowell Ponds Open Space,2025-03-03 16:18,8.0,39.7980393,-105.0387781,True,False,False,S216513561,,US-CO
mallar3,Mallard,Anas platyrhynchos,L807196,Lowell Ponds Open Space,2025-03-03 16:18,5.0,39.7980393,-105.0387781,True,False,False,S216513561,,US-CO
rinduc,Ring-necked Duck,Aythya collaris,L807196,Lowell Ponds Open Space,2025-03-03 16:18,5.0,39.7980393,-105.0387781,True,False,False,S216513561,,US-CO
spotow,Spotted Towhee,Pipilo maculatus,L38633737,Home,2025-03-03 16:07,1.0,40.044554,-105.255861,True,False,True,S216507440,,US-CO
moublu,Mountain Bluebird,Sialia currucoides,L3091366,Monte Vista NWR--Alamosa CR 8 S viewing area,2025-03-03 16:06,31.0,37.4597005,-106.140064,True,False,False,S216507584,,US-CO
sancra,Sandhill Crane,Antigone canadensis,L3091366,Monte Vista NWR--Alamosa CR 8 S viewing area,2025-03-03 16:06,2000.0,37.4597005,-106.140064,True,False,False,S216507584,,US-CO
wesmea,Western Meadowlark,Sturnella neglecta,L3091366,Monte Vista NWR--Alamosa CR 8 S viewing area,2025-03-03 16:06,2.0,37.4597005,-106.140064,True,False,False,S216507584,,US-CO
pinsis,Pine Siskin,Spinus pinus,L11551106,"Yard, Aspen, Colorado, US (39.189, -106.809)",2025-03-03 16:05,100.0,39.1893956,-106.8088702,True,False,True,S216507952,,US-CO
greyel,Greater Yellowlegs,Tringa melanoleuca,L338872,Home Lake SWA,2025-03-03 15:58,1.0,37.5723079,-106.0935203,True,False,False,S216506114,,US-CO
rewbla,Red-winged Blackbird,Agelaius phoeniceus,L4250468,MY HOUSE,2025-03-03 15:58,14.0,38.4621182,-107.9298216,True,False,True,S216511988,,US-CO
moudov,Mourning Dove,Zenaida macroura,L4250468,MY HOUSE,2025-03-03 15:58,10.0,38.4621182,-107.9298216,True,False,True,S216511988,,US-CO
cedwax,Cedar Waxwing,Bombycilla cedrorum,L4250468,MY HOUSE,2025-03-03 15:58,8.0,38.4621182,-107.9298216,True,False,True,S216511988,,US-CO
whcspa,White-crowned Sparrow,Zonotrichia leucophrys,L24281927,Blue Jay Way,2025-03-03 15:54,5.0,39.96594,-105.096668,True,False,True,S216505848,,US-CO
sonspa,Song Sparrow,Melospiza melodia,L2135892,Westerly Creek Park,2025-03-03 15:44,3.0,39.7559995,-104.8790717,True,False,False,S216510985,,US-CO
grhowl,Great Horned Owl,Bubo virginianus,L16731083,Westwood Home,2025-03-03 15:43,1.0,38.9514985,-104.8520212,True,False,True,S216504001,,US-CO
grbher3,Great Blue Heron,Ardea herodias,L342269,Walden Ponds Wildlife Habitat--Walden & Sawhill Ponds all together,2025-03-03 15:39,1.0,40.044253,-105.1867721,True,False,False,S216513065,,US-CO
ribgul,Ring-billed Gull,Larus delawarensis,L342269,Walden Ponds Wildlife Habitat--Walden & Sawhill Ponds all together,2025-03-03 15:39,54.0,40.044253,-105.1867721,True,False,False,S216513065,,US-CO
eursta,European Starling,Sturnus vulgaris,L342269,Walden Ponds Wildlife Habitat--Walden & Sawhill Ponds all together,2025-03-03 15:39,15.0,40.044253,-105.1867721,True,False,False,S216513065,N,US-CO
rocpig,Rock Pigeon,Columba livia,L342269,Walden Ponds Wildlife Habitat--Walden & Sawhill Ponds all together,2025-03-03 15:39,50.0,40.044253,-105.1867721,True,False,False,S216513065,N,US-CO
comgol,Common Goldeneye,Bucephala clangula,L342269,Walden Ponds Wildlife Habitat--Walden & Sawhill Ponds all together,2025-03-03 15:39,8.0,40.044253,-105.1867721,True,False,False,S216513065,,US-CO
amewig,American Wigeon,Mareca americana,L342269,Walden Ponds Wildlife Habitat--Walden & Sawhill Ponds all together,2025-03-03 15:39,21.0,40.044253,-105.1867721,True,False,False,S216513065,,US-CO
hoomer,Hooded Merganser,Lophodytes cucullatus,L342269,Walden Ponds Wildlife Habitat--Walden & Sawhill Ponds all together,2025-03-03 15:39,9.0,40.044253,-105.1867721,True,False,False,S216513065,,US-CO
cacgoo1,Cackling Goose,Branta hutchinsii,L2230656,Hodges backyard,2025-03-03 15:33,50.0,38.8414764,-104.8067932,True,False,True,S216502917,,US-CO
saypho,Say's Phoebe,Sayornis saya,L40827411,"3201 Industrial Ln, Broomfield US-CO (39.9231,-105.1049)",2025-03-03 15:31,1.0,39.923095,-105.104938,True,False,True,S216503537,,US-CO
dowwoo,Downy Woodpecker,Dryobates pubescens,L16361054,"1054 Fall River Ct, Estes Park US-CO 40.38833, -105.56140",2025-03-03 15:26,1.0,40.388326,-105.561398,True,False,True,S216503479,,US-CO
blujay,Blue Jay,Cyanocitta cristata,L994622,Cherry Creek Valley Ecological Park,2025-03-03 15:25,2.0,39.581357,-104.8043454,True,False,False,S216510999,,US-CO
redhea,Redhead,Aythya americana,L994622,Cherry Creek Valley Ecological Park,2025-03-03 15:25,1.0,39.581357,-104.8043454,True,False,False,S216510999,,US-CO
cubthr,Curve-billed Thrasher,Toxostoma curvirostre,L446331,Cattail Crossing,2025-03-03 15:25,1.0,38.3265499,-104.7432125,True,False,False,S216506612,,US-CO
grtgra,Great-tailed Grackle,Quiscalus mexicanus,L446331,Cattail Crossing,2025-03-03 15:25,10.0,38.3265499,-104.7432125,True,False,False,S216506612,,US-CO
wiltur,Wild Turkey,Meleagris gallopavo,L22875900,Springer Natural Area,2025-03-03 15:24,10.0,40.5791179,-105.0553894,True,False,False,S216501406,,US-CO
mouchi,Mountain Chickadee,Poecile gambeli,L24394157,"Lof Way, Private Residence, Clark, Colorado, US",2025-03-03 15:22,4.0,40.8534018,-106.9700294,True,False,True,S216509232,,US-CO
bargol,Barrow's Goldeneye,Bucephala islandica,L4646156,Dillon Reservoir--Soda Creek Inlet,2025-03-03 15:21,1.0,39.5978584,-106.0135621,True,False,False,S216501618,,US-CO
y00475,American Coot,Fulica americana,L109301,Monte Vista NWR,2025-03-03 15:20,11.0,37.4876656,-106.1308691,True,False,False,S216506629,,US-CO
rudduc,Ruddy Duck,Oxyura jamaicensis,L109301,Monte Vista NWR,2025-03-03 15:20,4.0,37.4876656,-106.1308691,True,False,False,S216506629,,US-CO
buffle,Bufflehead,Bucephala albeola,L109301,Monte Vista NWR,2025-03-03 15:20,4.0,37.4876656,-106.1308691,True,False,False,S216506629,,US-CO
norhar2,Northern Harrier,Circus hudsonius,L109301,Monte Vista NWR,2025-03-03 15:20,1.0,37.4876656,-106.1308691,True,False,False,S216506629,,US-CO
lessca,Lesser Scaup,Aythya affinis,L266967,Great Western Reservoir (closed to public),2025-03-03 15:18,40.0,39.8968365,-105.1522923,True,False,False,S216509743,,US-CO
commer,Common Merganser,Mergus merganser,L266967,Great Western Reservoir (closed to public),2025-03-03 15:18,30.0,39.8968365,-105.1522923,True,False,False,S216509743,,US-CO
horgre,Horned Grebe,Podiceps auritus,L266967,Great Western Reservoir (closed to public),2025-03-03 15:18,2.0,39.8968365,-105.1522923,True,False,False,S216509743,,US-CO
amegfi,American Goldfinch,Spinus tristis,L384546,Waneka Lake/Greenlee Preserve,2025-03-03 15:12,1.0,39.9970462,-105.1141834,True,False,False,S216509119,,US-CO
bushti,Bushtit,Psaltriparus minimus,L384546,Waneka Lake/Greenlee Preserve,2025-03-03 15:12,4.0,39.9970462,-105.1141834,True,False,False,S216509119,,US-CO
baleag,Bald Eagle,Haliaeetus leucocephalus,L384546,Waneka Lake/Greenlee Preserve,2025-03-03 15:12,1.0,39.9970462,-105.1141834,True,False,False,S216509119,,US-CO
brncre,Brown Creeper,Certhia americana,L9619232,Upper Maxwells Falls Trail,2025-03-03 14:45,1.0,39.564703,-105.3771934,True,False,False,S216503707,,US-CO
pygnut,Pygmy Nuthatch,Sitta pygmaea,L9619232,Upper Maxwells Falls Trail,2025-03-03 14:45,9.0,39.564703,-105.3771934,True,False,False,S216503707,,US-CO
stejay,Steller's Jay,Cyanocitta stelleri,L9619232,Upper Maxwells Falls Trail,2025-03-03 14:45,2.0,39.564703,-105.3771934,True,False,False,S216503707,,US-CO
gockin,Golden-crowned Kinglet,Regulus satrapa,L9619232,Upper Maxwells Falls Trail,2025-03-03 14:45,4.0,39.564703,-105.3771934,True,False,False,S216503707,,US-CO
redcro,Red Crossbill,Loxia curvirostra,L9619232,Upper Maxwells Falls Trail,2025-03-03 14:45,2.0,39.564703,-105.3771934,True,False,False,S216503707,,US-CO
rebnut,Red-breasted Nuthatch,Sitta canadensis,L37845218,Birder feeders,2025-03-03 14:43,1.0,39.600684,-104.871937,True,False,True,S216512961,,US-CO
amekes,American Kestrel,Falco sparverius,L2135892,Westerly Creek Park,2025-03-03 14:42,1.0,39.7559995,-104.8790717,True,False,False,S216499437,,US-CO
gryjay,Canada Jay,Perisoreus canadensis,L40825976,"Winter Park Resort, Winter Park US-CO 39.87459, -105.77611",2025-03-03 14:42,6.0,39.874587,-105.776107,True,False,True,S216495612,,US-CO
doccor,Double-crested Cormorant,Nannopterum auritum,L1743685,Belmar Park,2025-03-03 14:28,2.0,39.7044793,-105.0857735,True,False,False,S216507296,,US-CO
amedip,American Dipper,Cinclus mexicanus,L1782955,Rogers Grove Park,2025-03-03 14:18,1.0,40.161662,-105.1284373,True,False,False,S216497148,,US-CO
gwfgoo,Greater White-fronted Goose,Anser albifrons,L1782955,Rogers Grove Park,2025-03-03 14:18,1.0,40.161662,-105.1284373,True,False,False,S216497148,,US-CO
towsol,Townsend's Solitaire,Myadestes townsendi,L27314906,Twedt House (Private),2025-03-03 14:15,1.0,40.621205,-105.15425,True,False,True,S216492042,,US-CO
belkin1,Belted Kingfisher,Megaceryle alcyon,L40826295,"Sawhill Ponds Trail, Boulder US-CO 40.04359, -105.19357",2025-03-03 14:07,1.0,40.043594,-105.193574,True,False,True,S216497438,,US-CO
canvas,Canvasback,Aythya valisineria,L40826295,"Sawhill Ponds Trail, Boulder US-CO 40.04359, -105.19357",2025-03-03 14:07,1.0,40.043594,-105.193574,True,False,True,S216497438,,US-CO
lesgol,Lesser Goldfinch,Spinus psaltria,L6722916,"8793 W Cornell Av, Lakewood, CO 80227",2025-03-03 14:00,1.0,39.66218,-105.0927258,True,False,True,S216506423,,US-CO
wooscj2,Woodhouse's Scrub-Jay,Aphelocoma woodhouseii,L14678440,**1 My House,2025-03-03 13:53,2.0,38.917232,-104.800749,True,False,True,S216508309,,US-CO
snogoo,Snow Goose,Anser caerulescens,L140460,Big Johnson Reservoir & Bluestem Prairie Open Space,2025-03-03 13:50,1.0,38.7482319,-104.6943795,True,False,False,S216495592,,US-CO
ferhaw,Ferruginous Hawk,Buteo regalis,L140460,Big Johnson Reservoir & Bluestem Prairie Open Space,2025-03-03 13:50,1.0,38.7482319,-104.6943795,True,False,False,S216495592,,US-CO
rebmer,Red-breasted Merganser,Mergus serrator,L140460,Big Johnson Reservoir & Bluestem Prairie Open Space,2025-03-03 13:50,3.0,38.7482319,-104.6943795,True,False,False,S216495592,,US-CO
calgul,California Gull,Larus californicus,L281329,Dodd Reservoir,2025-03-03 13:49,1.0,40.1009243,-105.1890649,True,False,False,S216489696,,US-CO
amhgul1,American Herring Gull,Larus smithsonianus,L281329,Dodd Reservoir,2025-03-03 13:49,3.0,40.1009243,-105.1890649,True,False,False,S216489696,,US-CO
norpin,Northern Pintail,Anas acuta,L268769,Ireland Reservoir #5,2025-03-03 13:41,25.0,40.0832595,-104.6026325,True,False,False,S216493920,,US-CO
ruckin,Ruby-crowned Kinglet,Corthylio calendula,L21131345,"Fairmount Cemetery, Denver US-CO 39.70284, -104.89659",2025-03-03 13:30,1.0,39.702842,-104.896586,True,False,True,S216490640,,US-CO
amwpel,American White Pelican,Pelecanus erythrorhynchos,L272998,Boyd Lake,2025-03-03 13:28,1.0,40.4341128,-105.0338644,True,False,False,S216497893,,US-CO
killde,Killdeer,Charadrius vociferus,L272998,Boyd Lake,2025-03-03 13:28,1.0,40.4341128,-105.0338644,True,False,False,S216497893,,US-CO
dusgro,Dusky Grouse,Dendragapus obscurus,L27098160,"Not Rock Creek, Silverthorne US-CO 39.74144, -106.14666",2025-03-03 13:27,1.0,39.741439,-106.146662,True,False,True,S216485529,,US-CO
pibgre,Pied-billed Grebe,Podilymbus podiceps,L2521652,Siena Reservoir at Anthem,2025-03-03 13:07,1.0,39.9805749,-105.0311149,True,False,False,S216487702,,US-CO
casfin,Cassin's Finch,Haemorhous cassinii,L3213556,Rosy central,2025-03-03 13:03,2.0,40.3335988,-105.5122286,True,False,True,S216483527,,US-CO
clanut,Clark's Nutcracker,Nucifraga columbiana,L3213556,Rosy central,2025-03-03 13:03,3.0,40.3335988,-105.5122286,True,False,True,S216483527,,US-CO
wilsni1,Wilson's Snipe,Gallinago delicata,L8818789,Sandstone Ranch (Weld Co.),2025-03-03 12:58,1.0,40.1538371,-105.0395117,True,False,False,S216495301,,US-CO
haiwoo,Hairy Woodpecker,Dryobates villosus,L7709925,Beaver Ranch Park,2025-03-03 12:46,1.0,39.5064701,-105.2983205,True,False,False,S216500688,,US-CO
horlar,Horned Lark,Eremophila alpestris,L39849875,"Banner Health, Fort Collins US-CO (40.5208,-105.0091)",2025-03-03 12:43,1.0,40.520822,-105.009123,True,False,True,S216480636,,US-CO
easowl1,Eastern Screech-Owl,Megascops asio,L165233,Lee Martinez Park,2025-03-03 12:41,1.0,40.5960324,-105.0819111,True,False,False,S216484407,,US-CO
goleag,Golden Eagle,Aquila chrysaetos,L24,Dinosaur Ridge,2025-03-03 12:28,2.0,39.700001,-105.199997,True,False,False,S216505878,,US-CO
amtspa,American Tree Sparrow,Spizelloides arborea,L5765319,Cherry Creek SP--Pelican Point area,2025-03-03 12:26,1.0,39.6364436,-104.8418274,True,False,False,S216506801,,US-CO
lotduc,Long-tailed Duck,Clangula hyemalis,L272192,Cattail Pond,2025-03-03 12:16,1.0,40.375214,-105.1143998,True,False,False,S216480103,,US-CO
cintea,Cinnamon Teal,Spatula cyanoptera,L2357285,Main Reservoir (Lakewood),2025-03-03 12:12,1.0,39.6931431,-105.1181316,True,False,False,S216478973,,US-CO
pingro,Pine Grosbeak,Pinicola enucleator,L40753332,Steamboat Ski,2025-03-03 12:00,18.0,40.452421,-106.749168,True,False,True,S216500532,,US-CO
gresca,Greater Scaup,Aythya marila,L109289,Barr Lake SP,2025-03-03 11:39,2.0,39.9430556,-104.7625,True,False,False,S216484458,,US-CO
wesblu,Western Bluebird,Sialia mexicana,L282353,Colorado River SP--Connected Lakes section,2025-03-03 11:24,4.0,39.0836729,-108.6113885,True,False,False,S216480985,,US-CO
canwre,Canyon Wren,Catherpes mexicanus,L456475,Lory State Park,2025-03-03 11:22,1.0,40.564245,-105.1747048,True,False,False,S216506917,,US-CO
varthr,Varied Thrush,Ixoreus naevius,L11323869,Tucker Gulch,2025-03-03 11:15,1.0,39.7664534,-105.2264027,True,True,False,S216484866,,US-CO
gcrfin,Gray-crowned Rosy-Finch,Leucosticte tephrocotis,L17826815,Steamboat Springs - Chisholm Trail,2025-03-03 10:58,2.0,40.4529882,-106.7721909,True,False,True,S216465951,,US-CO
swaspa,Swamp Sparrow,Melospiza georgiana,L886258,Ryan Gulch Reservoir,2025-03-03 10:44,1.0,40.3724272,-105.103519,True,False,False,S216485614,,US-CO
norshr4,Northern Shrike,Lanius borealis,L28026482,"28 Frontier Ln, Nederland US-CO 39.97367, -105.42808",2025-03-03 10:40,1.0,39.973666,-105.428081,True,False,True,S216470914,,US-CO
winwre3,Winter Wren,Troglodytes hiemalis,L11323869,Tucker Gulch,2025-03-03 10:30,1.0,39.7664534,-105.2264027,True,True,False,S216470336,,US-CO
rengre,Red-necked Grebe,Podiceps grisegena,L18588636,Gravel Pond on Brighton Blvd at E. 132nd Ave,2025-03-03 10:30,1.0,39.9319791,-104.8545858,True,True,False,S216467229,,US-CO
wesgre,Western Grebe,Aechmophorus occidentalis,L18588636,Gravel Pond on Brighton Blvd at E. 132nd Ave,2025-03-03 10:30,1.0,39.9319791,-104.8545858,True,True,False,S216467229,,US-CO
lbbgul,Lesser Black-backed Gull,Larus fuscus,L888323,Bud Mielke Reservoir,2025-03-03 10:18,1.0,40.3632883,-105.1125526,True,False,False,S216485934,,US-CO
virrai,Virginia Rail,Rallus limicola,L888323,Bud Mielke Reservoir,2025-03-03 10:18,1.0,40.3632883,-105.1125526,True,False,False,S216485934,,US-CO
prafal,Prairie Falcon,Falco mexicanus,L2442153,Rocky Mountain Arsenal NWR--Bluestem Loop Trail,2025-03-03 10:16,1.0,39.8114371,-104.8207712,True,False,False,S216460539,,US-CO
evegro,Evening Grosbeak,Coccothraustes vespertinus,L2187646,Steamboat Springs Ski Area,2025-03-03 09:58,6.0,40.4606624,-106.7850494,True,False,False,S216457212,,US-CO
scaqua,Scaled Quail,Callipepla squamata,L40826283,"345 First St, Limon US-CO (39.2606,-103.6827)",2025-03-03 09:51,6.0,39.260616,-103.682651,True,False,True,S216497336,,US-CO
rolhaw,Rough-legged Hawk,Buteo lagopus,L12194287,CR59 Hartsel to Spinney Res,2025-03-03 09:51,1.0,39.0224732,-105.7959689,True,False,True,S216484039,,US-CO
bcrfin,Brown-capped Rosy-Finch,Leucosticte australis,L7867752,Estes Cone Trail,2025-03-03 09:34,34.0,40.2891922,-105.568267,True,False,False,S216451426,,US-CO
marwre,Marsh Wren,Cistothorus palustris,L2876041,Cherry Creek SP--South End,2025-03-03 09:32,1.0,39.6080026,-104.8220587,True,False,False,S216470213,,US-CO
yerwar,Yellow-rumped Warbler,Setophaga coronata,L4613743,Arkansas River Trail--east of Pueblo Blvd,2025-03-03 09:28,1.0,38.2703048,-104.6545225,True,False,False,S216458814,,US-CO
cantow,Canyon Towhee,Melozone fusca,L4613743,Arkansas River Trail--east of Pueblo Blvd,2025-03-03 09:28,2.0,38.2703048,-104.6545225,True,False,False,S216458814,,US-CO
bcnher,Black-crowned Night Heron,Nycticorax nycticorax,L2677525,Tomlinson Park and Garrison Lakes,2025-03-03 09:23,2.0,39.7891404,-105.1004827,True,False,False,S216456743,,US-CO
wooduc,Wood Duck,Aix sponsa,L2677525,Tomlinson Park and Garrison Lakes,2025-03-03 09:23,2.0,39.7891404,-105.1004827,True,False,False,S216456743,,US-CO
bkrfin,Black Rosy-Finch,Leucosticte atrata,L10302469,"1200 Brush Creek Road, Snowmass Village, Colorado, US (39.209, -106.956)",2025-03-03 09:10,1.0,39.2086314,-106.9561206,True,False,True,S216459242,,US-CO
juntit1,Juniper Titmouse,Baeolophus ridgwayi,L2735278,fedrizzi residence,2025-03-03 08:52,1.0,39.6467601,-106.8066341,True,False,True,S216471301,,US-CO
harspa,Harris's Sparrow,Zonotrichia querula,L140473,Cherry Creek SP,2025-03-03 08:44,1.0,39.6402646,-104.8538589,True,False,False,S216468208,,US-CO
perfal,Peregrine Falcon,Falco peregrinus,L511647,Prospect Ponds Natural Area,2025-03-03 08:41,1.0,40.5617039,-105.0262375,True,False,False,S216452711,,US-CO
whtspa,White-throated Sparrow,Zonotrichia albicollis,L384546,Waneka Lake/Greenlee Preserve,2025-03-03 08:37,1.0,39.9970462,-105.1141834,True,False,False,S216459589,,US-CO
bnhcow,Brown-headed Cowbird,Molothrus ater,L1597329,Rocky Ford SWA--Ryans Ponds,2025-03-03 08:36,1.0,38.0638109,-103.6808896,True,False,False,S216453312,,US-CO
easblu,Eastern Bluebird,Sialia sialis,L1597329,Rocky Ford SWA--Ryans Ponds,2025-03-03 08:36,4.0,38.0638109,-103.6808896,True,False,False,S216453312,,US-CO
bewwre,Bewick's Wren,Thryomanes bewickii,L1597329,Rocky Ford SWA--Ryans Ponds,2025-03-03 08:36,1.0,38.0638109,-103.6808896,True,False,False,S216453312,,US-CO
gamqua,Gambel's Quail,Callipepla gambelii,L10189450,Big Salt Wash - feeders,2025-03-03 08:33,12.0,39.1708497,-108.7463064,True,False,True,S216449170,N,US-CO
linspa,Lincoln's Sparrow,Melospiza lincolnii,L13328050,DW2 House,2025-03-03 08:20,1.0,37.2655157,-107.9904291,True,False,True,S216443518,,US-CO
rosgoo,Ross's Goose,Anser rossii,L1465889,Bear Creek Park (Denver),2025-03-03 07:59,1.0,39.6513211,-105.0451708,True,False,False,S216449821,,US-CO
whwdov,White-winged Dove,Zenaida asiatica,L282353,Colorado River SP--Connected Lakes section,2025-03-03 07:52,1.0,39.0836729,-108.6113885,True,False,False,S216446756,,US-CO
brebla,Brewer's Blackbird,Euphagus cyanocephalus,L365439,Pastorius Reservoir,2025-03-03 06:52,7.0,37.1999797,-107.8119278,True,False,False,S216437130,,US-CO
y00478,Iceland Gull,Larus glaucoides,L2240274,Cherry Creek SP--Swim Beach & Smoky Hill Shelter area,2025-03-03 06:46,4.0,39.6453868,-104.8471642,True,False,False,S216457833,,US-CO
sagthr,Sage Thrasher,Oreoscoptes montanus,L5069936,Higbee Valley Road (Otero CR 804),2025-03-03 06:13,1.0,37.7606101,-103.4667331,True,False,False,S216447179,,US-CO
nswowl,Northern Saw-whet Owl,Aegolius acadicus,L384546,Waneka Lake/Greenlee Preserve,2025-03-02 21:28,1.0,39.9970462,-105.1141834,True,False,False,S216449678,,US-CO
brnowl,American Barn Owl,Tyto furcata,L40802405,"Barr Lake State Park,",2025-03-02 18:04,1.0,39.932801,-104.754782,True,False,True,S216371446,,US-CO
shtgro,Sharp-tailed Grouse,Tympanuchus phasianellus,L6817335,Skyote Ranch House,2025-03-02 17:30,11.0,40.760453,-106.970782,True,False,True,S216423581,,US-CO
gragoo,Graylag Goose,Anser anser,L732477,Denver City Park,2025-03-02 17:26,1.0,39.7474539,-104.9455476,True,False,False,S216362186,X,US-CO
merlin,Merlin,Falco columbarius,L161008,Walden Ponds Wildlife Habitat--Sawhill Ponds only,2025-03-02 16:26,1.0,40.0422692,-105.1864529,True,False,False,S216362724,,US-CO
lewwoo,Lewis's Woodpecker,Melanerpes lewis,L40799829,Alpine Forest drive,2025-03-02 15:45,1.0,37.321644,-107.606354,True,False,True,S216358317,,US-CO
pinjay,Pinyon Jay,Gymnorhinus cyanocephalus,L1222992,Rifle Gap SP,2025-03-02 14:32,6.0,39.6314734,-107.7546358,True,False,False,S216361222,,US-CO
amepip,American Pipit,Anthus rubescens,L40793517,"Baxter Pass, Mack US-CO 39.35171, -108.97759",2025-03-02 13:20,2.0,39.351706,-108.977595,True,False,True,S216328258,,US-CO
sagspa1,Sagebrush Sparrow,Artemisiospiza nevadensis,L40793517,"Baxter Pass, Mack US-CO 39.35171, -108.97759",2025-03-02 13:20,2.0,39.351706,-108.977595,True,False,True,S216328258,,US-CO
logshr,Loggerhead Shrike,Lanius ludovicianus,L40793517,"Baxter Pass, Mack US-CO 39.35171, -108.97759",2025-03-02 13:20,2.0,39.351706,-108.977595,True,True,True,S216328258,,US-CO
rocwre,Rock Wren,Salpinctes obsoletus,L38222494,"Cottonwood Road, Pueblo, Colorado, US (38.27, -104.715)",2025-03-02 12:58,1.0,38.2699603,-104.7146817,True,False,True,S216330162,,US-CO
blkpho,Black Phoebe,Sayornis nigricans,L2063805,Private farms-JL,2025-03-02 12:32,1.0,38.41793,-105.16367,True,False,True,S216314542,,US-CO
attwoo1,American Three-toed Woodpecker,Picoides dorsalis,L2299791,Rocky Mountain NP--Bierstadt Lake,2025-03-02 12:00,1.0,40.3272024,-105.6246185,True,False,False,S216369032,,US-CO
nopowl,Northern Pygmy-Owl,Glaucidium gnoma,L17475975,The Ranch,2025-03-02 11:21,1.0,39.5788239,-105.3373371,True,False,True,S216307694,,US-CO
laplon,Lapland Longspur,Calcarius lapponicus,L791519,Jackson Lake SWA,2025-03-02 10:34,1.0,40.4042974,-104.0703857,True,False,False,S216500311,,US-CO
chclon,Chestnut-collared Longspur,Calcarius ornatus,L338774,Neegronda Reservoir,2025-03-02 09:19,1.0,38.3034071,-102.7543708,True,False,False,S216285439,,US-CO
ameavo,American Avocet,Recurvirostra americana,L2362191,Horsethief Canyon Rd WLR,2025-03-02 09:09,1.0,39.1650727,-108.7898827,True,False,True,S216349969,,US-CO
labwoo,Ladder-backed Woodpecker,Dryobates scalaris,L338027,"Lake Pueblo SP--Rock Canyon area (below dam, north of river)",2025-03-02 07:53,1.0,38.266051,-104.7096741,True,False,False,S216262953,,US-CO
sheowl,Short-eared Owl,Asio flammeus,L303133,Wellington SWA,2025-03-01 17:39,1.0,40.7134076,-104.9650584,True,False,False,S216145973,,US-CO
fiespa,Field Sparrow,Spizella pusilla,L2521652,Siena Reservoir at Anthem,2025-03-01 17:00,1.0,39.9805749,-105.0311149,True,True,False,S216140288,,US-CO
norgos,American Goshawk,Astur atricapillus,L280284,Frantz Lake SWA,2025-03-01 16:42,1.0,38.5435336,-106.0224427,True,False,False,S216139667,,US-CO
greroa,Greater Roadrunner,Geococcyx californianus,L40754267,"19001–19689 County Road 223C, Pritchett US-CO 37.26483, -103.12038",2025-03-01 16:42,1.0,37.264834,-103.120383,True,False,True,S216130847,,US-CO
pacwre1,Pacific Wren,Troglodytes pacificus,L21775727,"San Juan National Forest - Headquarters, Pleasant View US-CO 37.62835, -108.67733",2025-03-01 16:23,1.0,37.628349,-108.677332,True,True,True,S216141682,,US-CO
wesowl1,Western Screech-Owl,Megascops kennicottii,L18014259,"536–554 Preserve Ln, Grand Junction US-CO 39.09030, -108.66918",2025-03-01 15:00,1.0,39.090298,-108.669177,True,False,True,S216119710,,US-CO
herthr,Hermit Thrush,Catharus guttatus,L18014259,"536–554 Preserve Ln, Grand Junction US-CO 39.09030, -108.66918",2025-03-01 15:00,1.0,39.090298,-108.669177,True,False,True,S216119710,,US-CO
x00758,Graylag x Canada Goose (hybrid),Anser anser x Branta canadensis,L1743685,Belmar Park,2025-03-01 14:53,1.0,39.7044793,-105.0857735,True,False,False,S216130599,X,US-CO
chirav,Chihuahuan Raven,Corvus cryptoleucus,L360320,Farm Yard,2025-03-01 14:16,2.0,37.9871788,-102.6185596,True,False,True,S216150136,,US-CO
x00759,Domestic goose sp. x Canada Goose (hybrid),Anser sp. (Domestic type) x Branta canadensis,L109295,Denver City Park--lakes,2025-03-01 12:04,1.0,39.7471451,-104.951272,True,False,False,S216087870,X,US-CO
x00421,Eurasian x American Wigeon (hybrid),Mareca penelope x americana,L897282,Clover Basin Reservoir,2025-03-01 11:50,1.0,40.1528996,-105.1901436,True,True,False,S216083343,,US-CO
truswa,Trumpeter Swan,Cygnus buccinator,L267480,Rio Blanco SWA--Rio Blanco Lake,2025-03-01 11:19,3.0,40.0881027,-108.2080536,True,True,False,S216094898,,US-CO
norcar,Northern Cardinal,Cardinalis cardinalis,L140471,Lamar Community College,2025-03-01 10:32,1.0,38.0694008,-102.615097,True,False,False,S216081340,,US-CO
eargre,Eared Grebe,Podiceps nigricollis,L109303,Pueblo Reservoir,2025-03-01 09:43,1.0,38.2657626,-104.7518063,True,False,False,S216074679,,US-CO
yehbla,Yellow-headed Blackbird,Xanthocephalus xanthocephalus,L5801613,Paradox East Pond,2025-03-01 08:42,1.0,38.3436331,-108.9360952,True,True,False,S216053764,,US-CO
sora,Sora,Porzana carolina,L130674,Fountain Creek Regional Park--Nature Center/Cattail Marsh area,2025-03-01 08:12,1.0,38.713398,-104.7170105,True,False,False,S216062777,,US-CO
x00776,Graylag x Swan Goose (hybrid),Anser anser x cygnoides,L732477,Denver City Park,2025-03-01 07:55,1.0,39.7474539,-104.9455476,True,False,False,S216130888,X,US-CO
rucspa,Rufous-crowned Sparrow,Aimophila ruficeps,L140458,Cottonwood Canyon (Baca Co.; county line just W of Rd 5-Rd 244 intersection),2025-03-01 07:52,2.0,37.1437472,-103.0827943,True,False,False,S216062011,,US-CO
swagoo1,Swan Goose,Anser cygnoides,L2255182,Davidson Mesa Open Space & Trails,2025-03-01 07:41,1.0,39.9766657,-105.1709282,True,False,False,S216252413,X,US-CO
foxspa,Fox Sparrow,Passerella iliaca,L388014,Estes Park YMCA Camp,2025-02-28 13:51,1.0,40.3426295,-105.5726118,True,True,False,S215943286,,US-CO
yebsap,Yellow-bellied Sapsucker,Sphyrapicus varius,L282515,Boulder Creek--University of Colorado campus,2025-02-28 13:25,1.0,40.0113789,-105.2656611,True,True,False,S215900361,,US-CO
gocspa,Golden-crowned Sparrow,Zonotrichia atricapilla,L40229335,"S Tyler Ave, Loveland US-CO (40.3763,-105.0991)",2025-02-28 12:42,1.0,40.376295,-105.099134,True,True,True,S215903275,,US-CO
grpchi,Greater Prairie-Chicken,Tympanuchus cupido,L7078891,Howell place,2025-02-28 11:36,2.0,40.023828,-102.67078,True,False,True,S216496908,,US-CO
gnttow,Green-tailed Towhee,Pipilo chlorurus,L11551106,"Yard, Aspen, Colorado, US (39.189, -106.809)",2025-02-27 15:03,1.0,39.1893956,-106.8088702,True,True,True,S215754896,,US-CO
whtpta1,White-tailed Ptarmigan,Lagopus leucura,L40677868,"Hoosier Pass trail to tundra, Park County",2025-02-27 13:43,1.0,39.366981,-106.073959,True,False,True,S215754313,,US-CO
saggro,Greater Sage-Grouse,Centrocercus urophasianus,L515634,Arapaho NWR--Auto Loop,2025-02-27 12:50,3.0,40.6686604,-106.322937,True,False,False,S215746428,,US-CO
comloo,Common Loon,Gavia immer,L10440818,Lake Pueblo SP--N Picnic Rd,2025-02-27 10:32,2.0,38.2705628,-104.7575156,True,False,False,S215759315,,US-CO
easpho,Eastern Phoebe,Sayornis phoebe,L2677525,Tomlinson Park and Garrison Lakes,2025-02-26 17:01,1.0,39.7891404,-105.1004827,True,True,False,S215610812,,US-CO
chispa,Chipping Sparrow,Spizella passerina,L20646104,yard,2025-02-26 15:47,1.0,39.7447417,-104.8950232,True,True,True,S215604952,,US-CO
turvul,Turkey Vulture,Cathartes aura,L16228042,Ken Caryl Valley - Mastodon Trail,2025-02-26 15:27,1.0,39.577035,-105.148884,True,True,True,S215667753,,US-CO
eastow,Eastern Towhee,Pipilo erythrophthalmus,L40201787,Bear Park Open Space,2025-02-26 11:08,1.0,39.6211052,-104.8651778,True,True,False,S215572629,,US-CO
tunswa,Tundra Swan,Cygnus columbianus,L357689,North Poudre Reservoir #3,2025-02-26 10:55,2.0,40.734332,-105.0422788,True,True,False,S215560631,,US-CO
chukar,Chukar,Alectoris chukar,L3683894,Dry Creek,2025-02-26 08:44,,38.5342353,-108.0646884,True,False,False,S215540209,N,US-CO
y00765,Snow/Ross's x Cackling/Canada Goose (hybrid),Anser caerulescens/rossii x Branta hutchinsii/canadensis,L357689,North Poudre Reservoir #3,2025-02-25 06:15,1.0,40.734332,-105.0422788,True,False,False,S215550415,,US-CO
rensap,Red-naped Sapsucker,Sphyrapicus nuchalis,L4334601,Norman D. Memorial Park,2025-02-24 11:59,1.0,39.7711,-105.2321939,True,True,False,S215307803,,US-CO
greegr,Great Egret,Ardea alba,L485847,Grand Junction Wildlife Area,2025-02-24 10:23,1.0,39.0541513,-108.5741472,True,True,False,S215260422,,US-CO
whwsco2,White-winged Scoter,Melanitta deglandi,L1929879,South Platte Park--South Platte Reservoir (Arapahoe Co),2025-02-23 16:30,1.0,39.5718388,-105.0484264,True,False,False,S215456737,,US-CO
borowl,Boreal Owl,Aegolius funereus,L40544042,Jackson BOOW,2025-02-22 20:21,1.0,40.5090509,-105.8854219,True,False,True,S215049502,,US-CO
whwcro,White-winged Crossbill,Loxia leucoptera,L2632800,Brainard Lake Road Gate,2025-02-22 12:28,1.0,40.0805745,-105.5353858,True,True,False,S214883188,,US-CO
clagre,Clark's Grebe,Aechmophorus clarkii,L475876,Lake Pueblo SP--South Marina area,2025-02-22 12:28,1.0,38.2539529,-104.7348791,True,False,False,S215578299,,US-CO
grycat,Gray Catbird,Dumetella carolinensis,L1926976,University of Colorado Boulder--Main Campus,2025-02-22 07:50,1.0,40.0055278,-105.2693653,True,True,False,S215139180,,US-CO
brant,Brant,Branta bernicla,L338893,Thomas Reservoir,2025-02-21 16:22,1.0,40.0322595,-105.0712474,True,True,False,S214738100,,US-CO
x00692,Snow x Cackling Goose (hybrid),Anser caerulescens x Branta hutchinsii,L8818789,Sandstone Ranch (Weld Co.),2025-02-21 10:55,1.0,40.1538371,-105.0395117,True,True,False,S214703747,,US-CO
mexduc,Mexican Duck,Anas diazi,L8818789,Sandstone Ranch (Weld Co.),2025-02-21 10:55,1.0,40.1538371,-105.0395117,True,True,False,S214703747,,US-CO
