speciesCode,comName,sciName,locId,locName,obsDt,howMany,lat,lng,obsValid,obsReviewed,locationPrivate,subId,exoticCategory,region
eursta,European Starling,Sturnus vulgaris,L39261284,"7459 Camargo Rd, Madeira US-OH 39.18271, -84.36842",2025-03-03 18:44,6.0,39.182713,-84.368424,True,False,True,S216512021,N,US-OH
amecro,American Crow,Corvus brachyrhynchos,L39261284,"7459 Camargo Rd, Madeira US-OH 39.18271, -84.36842",2025-03-03 18:44,1.0,39.182713,-84.368424,True,False,True,S216512021,,US-OH
amerob,American Robin,Turdus migratorius,L39261284,"7459 Camargo Rd, Madeira US-OH 39.18271, -84.36842",2025-03-03 18:44,2.0,39.182713,-84.368424,True,False,True,S216512021,,US-OH
whtspa,White-throated Sparrow,Zonotrichia albicollis,L39261284,"7459 Camargo Rd, Madeira US-OH 39.18271, -84.36842",2025-03-03 18:44,9.0,39.182713,-84.368424,True,False,True,S216512021,,US-OH
turvul,Turkey Vulture,Cathartes aura,L39261284,"7459 Camargo Rd, Madeira US-OH 39.18271, -84.36842",2025-03-03 18:44,1.0,39.182713,-84.368424,True,False,True,S216512021,,US-OH
tuftit,Tufted Titmouse,Baeolophus bicolor,L39261284,"7459 Camargo Rd, Madeira US-OH 39.18271, -84.36842",2025-03-03 18:44,2.0,39.182713,-84.368424,True,False,True,S216512021,,US-OH
sonspa,Song Sparrow,Melospiza melodia,L39261284,"7459 Camargo Rd, Madeira US-OH 39.18271, -84.36842",2025-03-03 18:44,2.0,39.182713,-84.368424,True,False,True,S216512021,,US-OH
blujay,Blue Jay,Cyanocitta cristata,L39261284,"7459 Camargo Rd, Madeira US-OH 39.18271, -84.36842",2025-03-03 18:44,5.0,39.182713,-84.368424,True,False,True,S216512021,,US-OH
rewbla,Red-winged Blackbird,Agelaius phoeniceus,L39261284,"7459 Camargo Rd, Madeira US-OH 39.18271, -84.36842",2025-03-03 18:44,2.0,39.182713,-84.368424,True,False,True,S216512021,,US-OH
rebwoo,Red-bellied Woodpecker,Melanerpes carolinus,L39261284,"7459 Camargo Rd, Madeira US-OH 39.18271, -84.36842",2025-03-03 18:44,2.0,39.182713,-84.368424,True,False,True,S216512021,,US-OH
norfli,Northern Flicker,Colaptes auratus,L39261284,"7459 Camargo Rd, Madeira US-OH 39.18271, -84.36842",2025-03-03 18:44,1.0,39.182713,-84.368424,True,False,True,S216512021,,US-OH
cangoo,Canada Goose,Branta canadensis,L39261284,"7459 Camargo Rd, Madeira US-OH 39.18271, -84.36842",2025-03-03 18:44,4.0,39.182713,-84.368424,True,False,True,S216512021,,US-OH
norcar,Northern Cardinal,Cardinalis cardinalis,L39261284,"7459 Camargo Rd, Madeira US-OH 39.18271, -84.36842",2025-03-03 18:44,11.0,39.182713,-84.368424,True,False,True,S216512021,,US-OH
carchi,Carolina Chickadee,Poecile carolinensis,L39261284,"7459 Camargo Rd, Madeira US-OH 39.18271, -84.36842",2025-03-03 18:44,3.0,39.182713,-84.368424,True,False,True,S216512021,,US-OH
carwre,Carolina Wren,Thryothorus ludovicianus,L39261284,"7459 Camargo Rd, Madeira US-OH 39.18271, -84.36842",2025-03-03 18:44,1.0,39.182713,-84.368424,True,False,True,S216512021,,US-OH
moudov,Mourning Dove,Zenaida macroura,L39261284,"7459 Camargo Rd, Madeira US-OH 39.18271, -84.36842",2025-03-03 18:44,2.0,39.182713,-84.368424,True,False,True,S216512021,,US-OH
comgra,Common Grackle,Quiscalus quiscula,L39261284,"7459 Camargo Rd, Madeira US-OH 39.18271, -84.36842",2025-03-03 18:44,1.0,39.182713,-84.368424,True,False,True,S216512021,,US-OH
houspa,House Sparrow,Passer domesticus,L39261284,"7459 Camargo Rd, Madeira US-OH 39.18271, -84.36842",2025-03-03 18:44,3.0,39.182713,-84.368424,True,False,True,S216512021,N,US-OH
houfin,House Finch,Haemorhous mexicanus,L39261284,"7459 Camargo Rd, Madeira US-OH 39.18271, -84.36842",2025-03-03 18:44,5.0,39.182713,-84.368424,True,False,True,S216512021,N,US-OH
coohaw,Cooper's Hawk,Astur cooperii,L39261284,"7459 Camargo Rd, Madeira US-OH 39.18271, -84.36842",2025-03-03 18:44,1.0,39.182713,-84.368424,True,False,True,S216512021,,US-OH
daejun,Dark-eyed Junco,Junco hyemalis,L39261284,"7459 Camargo Rd, Madeira US-OH 39.18271, -84.36842",2025-03-03 18:44,1.0,39.182713,-84.368424,True,False,True,S216512021,,US-OH
dowwoo,Downy Woodpecker,Dryobates pubescens,L39261284,"7459 Camargo Rd, Madeira US-OH 39.18271, -84.36842",2025-03-03 18:44,2.0,39.182713,-84.368424,True,False,True,S216512021,,US-OH
yebsap,Yellow-bellied Sapsucker,Sphyrapicus varius,L39261284,"7459 Camargo Rd, Madeira US-OH 39.18271, -84.36842",2025-03-03 18:44,1.0,39.182713,-84.368424,True,False,True,S216512021,,US-OH
grhowl,Great Horned Owl,Bubo virginianus,L15979485,Phoebe Hollow (private residence),2025-03-03 18:42,2.0,39.2518549,-82.2453525,True,False,True,S216512041,,US-OH
amewoo,American Woodcock,Scolopax minor,L15979485,Phoebe Hollow (private residence),2025-03-03 18:42,1.0,39.2518549,-82.2453525,True,False,True,S216512041,,US-OH
eastow,Eastern Towhee,Pipilo erythrophthalmus,L22744354,Germantown Metropark office on Conservancy Rd,2025-03-03 18:35,1.0,39.6464742,-84.4134065,True,False,True,S216513314,,US-OH
norhar2,Northern Harrier,Circus hudsonius,L686318,Fernald Preserve (Hamilton Co.),2025-03-03 18:25,1.0,39.2976424,-84.6927452,True,False,False,S216510653,,US-OH
redhea,Redhead,Aythya americana,L686318,Fernald Preserve (Hamilton Co.),2025-03-03 18:25,2.0,39.2976424,-84.6927452,True,False,False,S216510653,,US-OH
buffle,Bufflehead,Bucephala albeola,L686318,Fernald Preserve (Hamilton Co.),2025-03-03 18:25,8.0,39.2976424,-84.6927452,True,False,False,S216510653,,US-OH
gadwal,Gadwall,Mareca strepera,L686318,Fernald Preserve (Hamilton Co.),2025-03-03 18:25,1.0,39.2976424,-84.6927452,True,False,False,S216510653,,US-OH
rinduc,Ring-necked Duck,Aythya collaris,L686318,Fernald Preserve (Hamilton Co.),2025-03-03 18:25,8.0,39.2976424,-84.6927452,True,False,False,S216510653,,US-OH
y00475,American Coot,Fulica americana,L39224068,"The Ohio State University, Columbus US-OH 40.00415, -83.02187",2025-03-03 18:15,1.0,40.004148,-83.021872,True,False,True,S216508312,,US-OH
hoomer,Hooded Merganser,Lophodytes cucullatus,L39224068,"The Ohio State University, Columbus US-OH 40.00415, -83.02187",2025-03-03 18:15,4.0,40.004148,-83.021872,True,False,True,S216508312,,US-OH
rudduc,Ruddy Duck,Oxyura jamaicensis,L26525136,Seward Road Retention Ponds,2025-03-03 18:13,2.0,39.354631,-84.490858,True,False,True,S216512548,,US-OH
rethaw,Red-tailed Hawk,Buteo jamaicensis,L26525136,Seward Road Retention Ponds,2025-03-03 18:13,2.0,39.354631,-84.490858,True,False,True,S216512548,,US-OH
amewig,American Wigeon,Mareca americana,L26525136,Seward Road Retention Ponds,2025-03-03 18:13,2.0,39.354631,-84.490858,True,False,True,S216512548,,US-OH
mallar3,Mallard,Anas platyrhynchos,L26525136,Seward Road Retention Ponds,2025-03-03 18:13,25.0,39.354631,-84.490858,True,False,True,S216512548,,US-OH
amtspa,American Tree Sparrow,Spizelloides arborea,L14068579,FLYWAY FARM,2025-03-03 18:08,10.0,41.497463,-81.257362,True,False,True,S216507451,,US-OH
sancra,Sandhill Crane,Antigone canadensis,L276866,Albaugh House,2025-03-03 18:01,1.0,40.210254,-80.7110081,True,False,True,S216507065,,US-OH
whbnut,White-breasted Nuthatch,Sitta carolinensis,L39754001,Taylor's Feeders,2025-03-03 17:59,1.0,39.3457662,-83.3826821,True,False,True,S216506547,,US-OH
rusbla,Rusty Blackbird,Euphagus carolinus,L39984662,Ellis Warehouse Retention Pond,2025-03-03 17:56,20.0,39.3485545,-84.4850971,True,False,False,S216512335,,US-OH
killde,Killdeer,Charadrius vociferus,L39984662,Ellis Warehouse Retention Pond,2025-03-03 17:56,2.0,39.3485545,-84.4850971,True,False,False,S216512335,,US-OH
bnhcow,Brown-headed Cowbird,Molothrus ater,L39984662,Ellis Warehouse Retention Pond,2025-03-03 17:56,40.0,39.3485545,-84.4850971,True,False,False,S216512335,,US-OH
truswa,Trumpeter Swan,Cygnus buccinator,L20620197,SR 660 Pond & Wetland,2025-03-03 17:55,2.0,39.9481166,-81.6250729,True,False,True,S216505840,,US-OH
brdowl,Barred Owl,Strix varia,L522043,Killbuck Marsh Wildlife Area--Messner Rd.,2025-03-03 17:54,1.0,40.7331418,-81.9656038,True,False,False,S216512037,,US-OH
amekes,American Kestrel,Falco sparverius,L522043,Killbuck Marsh Wildlife Area--Messner Rd.,2025-03-03 17:54,1.0,40.7331418,-81.9656038,True,False,False,S216512037,,US-OH
rehwoo,Red-headed Woodpecker,Melanerpes erythrocephalus,L522043,Killbuck Marsh Wildlife Area--Messner Rd.,2025-03-03 17:54,1.0,40.7331418,-81.9656038,True,False,False,S216512037,,US-OH
norsho,Northern Shoveler,Spatula clypeata,L21110760,Brate Road Wetlands,2025-03-03 17:39,12.0,39.3452593,-84.4724741,True,False,False,S216512315,,US-OH
grbher3,Great Blue Heron,Ardea herodias,L21110760,Brate Road Wetlands,2025-03-03 17:39,3.0,39.3452593,-84.4724741,True,False,False,S216512315,,US-OH
gnwtea,Green-winged Teal,Anas crecca,L21110760,Brate Road Wetlands,2025-03-03 17:39,16.0,39.3452593,-84.4724741,True,False,False,S216512315,,US-OH
treswa,Tree Swallow,Tachycineta bicolor,L21110760,Brate Road Wetlands,2025-03-03 17:39,7.0,39.3452593,-84.4724741,True,False,False,S216512315,,US-OH
cedwax,Cedar Waxwing,Bombycilla cedrorum,L40093419,CCC,2025-03-03 17:34,1.0,39.338077,-83.009713,True,False,True,S216502948,,US-OH
ribgul,Ring-billed Gull,Larus delawarensis,L629829,Outhwaite Reservoir,2025-03-03 17:31,7.0,40.8395284,-82.935791,True,False,False,S216503429,,US-OH
lessca,Lesser Scaup,Aythya affinis,L629829,Outhwaite Reservoir,2025-03-03 17:31,4.0,40.8395284,-82.935791,True,False,False,S216503429,,US-OH
shshaw,Sharp-shinned Hawk,Accipiter striatus,L31408588,home,2025-03-03 17:31,1.0,40.137352,-82.9995499,True,False,True,S216502653,,US-OH
horgre,Horned Grebe,Podiceps auritus,L629829,Outhwaite Reservoir,2025-03-03 17:31,1.0,40.8395284,-82.935791,True,False,False,S216503429,,US-OH
commer,Common Merganser,Mergus merganser,L2706968,Walborn Reservoir--South of German Church Rd.,2025-03-03 17:24,8.0,40.9878527,-81.1761332,True,False,False,S216508109,,US-OH
tunswa,Tundra Swan,Cygnus columbianus,L2706968,Walborn Reservoir--South of German Church Rd.,2025-03-03 17:24,34.0,40.9878527,-81.1761332,True,False,False,S216508109,,US-OH
baleag,Bald Eagle,Haliaeetus leucocephalus,L2706968,Walborn Reservoir--South of German Church Rd.,2025-03-03 17:24,1.0,40.9878527,-81.1761332,True,False,False,S216508109,,US-OH
gwfgoo,Greater White-fronted Goose,Anser albifrons,L2706968,Walborn Reservoir--South of German Church Rd.,2025-03-03 17:24,17.0,40.9878527,-81.1761332,True,True,False,S216508109,,US-OH
horlar,Horned Lark,Eremophila alpestris,L34706165,"Anderson Rd, Bowling Green US-OH 41.39892, -83.57162",2025-03-03 17:23,8.0,41.398923,-83.571622,True,False,True,S216501760,,US-OH
norpin,Northern Pintail,Anas acuta,L169834,Funk Bottoms Wildlife Area (Wayne Co.),2025-03-03 17:20,3.0,40.7524219,-82.1058162,True,False,False,S216501091,,US-OH
wooduc,Wood Duck,Aix sponsa,L169834,Funk Bottoms Wildlife Area (Wayne Co.),2025-03-03 17:20,1.0,40.7524219,-82.1058162,True,False,False,S216501091,,US-OH
canvas,Canvasback,Aythya valisineria,L40826873,"8714–10598 Blachleyville Rd, Wooster US-OH 40.75510, -82.11238",2025-03-03 17:16,6.0,40.755097,-82.112384,True,False,True,S216500740,,US-OH
yerwar,Yellow-rumped Warbler,Setophaga coronata,L3024499,Whitacre Park,2025-03-03 17:10,1.0,39.1939156,-84.32633,True,False,False,S216512957,,US-OH
bkcchi,Black-capped Chickadee,Poecile atricapillus,L3720358,Harroun Community Park,2025-03-03 17:09,1.0,41.7131012,-83.6989304,True,False,False,S216502033,,US-OH
rinphe1,Ring-necked Pheasant,Phasianus colchicus,L40826659,"8273–9403 Wilderness Rd, Shreve US-OH 40.73408, -82.08777",2025-03-03 17:09,1.0,40.734078,-82.087769,True,False,True,S216499618,X,US-OH
musduc,Muscovy Duck,Cairina moschata,L26369310,OH2,2025-03-03 17:08,1.0,41.675938,-83.648033,True,False,True,S216499556,X,US-OH
blkvul,Black Vulture,Coragyps atratus,L18461794,"Swamp at Township Road 457, Loudonville, Ohio, US (40.653, -82.21)",2025-03-03 17:05,2.0,40.6527085,-82.2104721,True,False,True,S216499950,,US-OH
foxspa,Fox Sparrow,Passerella iliaca,L1835765,Lake Snowden,2025-03-03 17:03,1.0,39.2507952,-82.189464,True,False,False,S216507836,,US-OH
gragoo,Graylag Goose,Anser anser,L1451273,Ohio State University Main Campus,2025-03-03 17:00,7.0,39.9983806,-83.0158227,True,False,False,S216501603,X,US-OH
purfin,Purple Finch,Haemorhous purpureus,L1451273,Ohio State University Main Campus,2025-03-03 17:00,1.0,39.9983806,-83.0158227,True,False,False,S216501603,,US-OH
belkin1,Belted Kingfisher,Megaceryle alcyon,L686318,Fernald Preserve (Hamilton Co.),2025-03-03 17:00,1.0,39.2976424,-84.6927452,True,False,False,S216498464,,US-OH
amegfi,American Goldfinch,Spinus tristis,L16016260,"My Yard, Sheffield Lake, Ohio",2025-03-03 17:00,3.0,41.4907306,-82.1061107,True,False,True,S216502834,,US-OH
ambduc,American Black Duck,Anas rubripes,L5630950,Rices Swamp,2025-03-03 16:58,10.0,40.4758779,-82.0127866,True,False,False,S216501985,,US-OH
brncre,Brown Creeper,Certhia americana,L2268101,Jefferson Township Community Park,2025-03-03 16:52,1.0,39.9460634,-83.2825202,True,False,False,S216497419,,US-OH
haiwoo,Hairy Woodpecker,Dryobates villosus,L2268101,Jefferson Township Community Park,2025-03-03 16:52,1.0,39.9460634,-83.2825202,True,False,False,S216497419,,US-OH
comgol,Common Goldeneye,Bucephala clangula,L17071241,"West Shore Park, Avon Lake",2025-03-03 16:49,30.0,41.5066864,-82.0469291,True,False,False,S216498085,,US-OH
rebmer,Red-breasted Merganser,Mergus serrator,L17071241,"West Shore Park, Avon Lake",2025-03-03 16:49,40.0,41.5066864,-82.0469291,True,False,False,S216498085,,US-OH
pibgre,Pied-billed Grebe,Podilymbus podiceps,L281721,Killbuck Marsh Wildlife Area--Cemetery Rd.,2025-03-03 16:49,1.0,40.7011092,-82.0050111,True,False,False,S216513591,,US-OH
amhgul1,American Herring Gull,Larus smithsonianus,L17071241,"West Shore Park, Avon Lake",2025-03-03 16:49,25.0,41.5066864,-82.0469291,True,False,False,S216498085,,US-OH
pilwoo,Pileated Woodpecker,Dryocopus pileatus,L10435110,Bike Path by UD,2025-03-03 16:42,1.0,39.7335644,-84.1688691,True,False,True,S216507462,,US-OH
perfal,Peregrine Falcon,Falco peregrinus,L303430,Cuyahoga Valley NP--Station Rd. Towpath Trail (Summit Co.),2025-03-03 16:41,1.0,41.3193556,-81.5873361,True,False,False,S216504594,,US-OH
reshaw,Red-shouldered Hawk,Buteo lineatus,L8294911,Odell Lake (view from roadside only),2025-03-03 16:34,1.0,40.6603858,-82.1120958,True,False,False,S216513034,,US-OH
gbbgul,Great Black-backed Gull,Larus marinus,L284586,"Wendy Park, Whiskey Island",2025-03-03 16:33,1.0,41.4991725,-81.7146913,True,False,False,S216499852,,US-OH
amepip,American Pipit,Anthus rubescens,L3617821,Bellevue Reservoir No. 5,2025-03-03 16:33,2.0,41.2167168,-82.7767038,True,False,False,S216505987,,US-OH
doccor,Double-crested Cormorant,Nannopterum auritum,L284586,"Wendy Park, Whiskey Island",2025-03-03 16:33,,41.4991725,-81.7146913,True,False,False,S216499852,,US-OH
gresca,Greater Scaup,Aythya marila,L285903,Oberlin Reservoir,2025-03-03 16:30,5.0,41.2776992,-82.1761714,True,False,False,S216500470,,US-OH
easmea,Eastern Meadowlark,Sturnella magna,L3930058,Lawrence Woods State Nature Preserve--Prairie,2025-03-03 16:29,2.0,40.5685404,-83.6289337,True,False,False,S216499691,,US-OH
wiltur,Wild Turkey,Meleagris gallopavo,L1500128,Blendon Woods Metro Park--Sugarbush Trail,2025-03-03 16:27,17.0,40.0709227,-82.8815746,True,False,False,S216505508,,US-OH
snogoo,Snow Goose,Anser caerulescens,L29853655,Belgrades parking lot,2025-03-03 16:19,1.0,41.019944,-81.579414,True,False,True,S216492611,,US-OH
normoc,Northern Mockingbird,Mimus polyglottos,L28078813,Prentice Home,2025-03-03 16:17,1.0,41.3326297,-80.8917458,True,False,True,S216492457,,US-OH
easblu,Eastern Bluebird,Sialia sialis,L28078813,Prentice Home,2025-03-03 16:17,6.0,41.3326297,-80.8917458,True,False,True,S216492457,,US-OH
lbbgul,Lesser Black-backed Gull,Larus fuscus,L383967,Main St. Beach,2025-03-03 16:13,2.0,41.4250304,-82.3656178,True,False,False,S216501625,,US-OH
mutswa,Mute Swan,Cygnus olor,L19188002,Mounts Park,2025-03-03 16:05,1.0,39.360162,-84.182491,True,False,False,S216494425,N,US-OH
retloo,Red-throated Loon,Gavia stellata,L1835765,Lake Snowden,2025-03-03 15:38,1.0,39.2507952,-82.189464,True,True,False,S216492616,,US-OH
buwtea,Blue-winged Teal,Spatula discors,L4971040,Howard Marsh Metropark,2025-03-03 15:31,2.0,41.6450689,-83.2637178,True,False,False,S216494577,,US-OH
snobun,Snow Bunting,Plectrophenax nivalis,L4971040,Howard Marsh Metropark,2025-03-03 15:31,1.0,41.6450689,-83.2637178,True,False,False,S216494577,,US-OH
cacgoo1,Cackling Goose,Branta hutchinsii,L4971040,Howard Marsh Metropark,2025-03-03 15:31,1.0,41.6450689,-83.2637178,True,False,False,S216494577,,US-OH
savspa,Savannah Sparrow,Passerculus sandwichensis,L40826489,Killbuck Marsh - Valley Rd,2025-03-03 15:28,1.0,40.69811,-81.976647,True,False,True,S216498629,,US-OH
winwre3,Winter Wren,Troglodytes hiemalis,L40826489,Killbuck Marsh - Valley Rd,2025-03-03 15:28,1.0,40.69811,-81.976647,True,False,True,S216498629,,US-OH
pinsis,Pine Siskin,Spinus pinus,L10408384,Eddy Way,2025-03-03 15:27,2.0,40.825672,-81.9418292,True,False,True,S216496601,,US-OH
herthr,Hermit Thrush,Catharus guttatus,L512334,Guilford Lake SP--Guilford Lake,2025-03-03 15:22,1.0,40.800816,-80.8834076,True,False,False,S216493253,,US-OH
x00420,Gadwall x Mallard (hybrid),Mareca strepera x Anas platyrhynchos,L516894,Killbuck Marsh Wildlife Area--Clark Rd.,2025-03-03 15:02,1.0,40.6988608,-81.972084,True,True,False,S216498922,,US-OH
gockin,Golden-crowned Kinglet,Regulus satrapa,L811921,Valley View Preserve,2025-03-03 14:59,1.0,39.1620281,-84.2889977,True,False,False,S216495297,,US-OH
whcspa,White-crowned Sparrow,Zonotrichia leucophrys,L39106699,Walnut Woods Park Office and Kestrel Trail,2025-03-03 14:48,4.0,39.840538,-82.855908,True,False,True,S216490515,,US-OH
rocpig,Rock Pigeon,Columba livia,L3527827,Schwartzwalder Rd.,2025-03-03 14:46,2.0,40.7268587,-82.0760196,True,False,False,S216484059,N,US-OH
lotduc,Long-tailed Duck,Clangula hyemalis,L622790,Mosquito Lake--Causeway,2025-03-03 14:20,1.0,41.389946,-80.7521296,True,False,False,S216499502,,US-OH
rolhaw,Rough-legged Hawk,Buteo lagopus,L5776687,Euclid Creek Reservation--Upper Highland Trail,2025-03-03 14:08,1.0,41.5516573,-81.5299461,True,False,False,S216483210,,US-OH
rosgoo,Ross's Goose,Anser rossii,L8702335,Buck Creek SP--West Lake Access from OH-4,2025-03-03 13:16,6.0,39.9829032,-83.7350864,True,True,False,S216486290,,US-OH
comrav,Common Raven,Corvus corax,L9132473,Route 209,2025-03-03 12:49,1.0,40.0061387,-81.5758817,True,False,True,S216488653,,US-OH
swaspa,Swamp Sparrow,Melospiza georgiana,L33686678,Westchester Warehouse Ponds,2025-03-03 12:42,1.0,39.348402,-84.477699,True,False,True,S216479129,,US-OH
sheowl,Short-eared Owl,Asio flammeus,L2528627,Fernald Preserve--Lodge Pond,2025-03-03 12:01,1.0,39.2929486,-84.6847871,True,False,False,S216470376,,US-OH
comloo,Common Loon,Gavia immer,L285903,Oberlin Reservoir,2025-03-03 11:24,1.0,41.2776992,-82.1761714,True,False,False,S216459348,,US-OH
easowl1,Eastern Screech-Owl,Megascops asio,L3873859,Little Miami Scenic Trail--Yellow Springs,2025-03-03 11:01,5.0,39.8041963,-83.8858294,True,False,False,S216456654,,US-OH
rebnut,Red-breasted Nuthatch,Sitta canadensis,L249724,Home,2025-03-03 10:15,1.0,41.2639893,-82.080138,True,False,True,S216448493,,US-OH
bongul,Bonaparte's Gull,Chroicocephalus philadelphia,L6156804,Buck Creek SP--Northeast Lake Access,2025-03-03 09:56,1.0,39.9827053,-83.7063843,True,False,False,S216488674,,US-OH
glagul,Glaucous Gull,Larus hyperboreus,L284586,"Wendy Park, Whiskey Island",2025-03-03 09:15,1.0,41.4991725,-81.7146913,True,False,False,S216479817,,US-OH
ruckin,Ruby-crowned Kinglet,Corthylio calendula,L365781,Ohio State University--Wetlands,2025-03-03 09:10,1.0,40.0196614,-83.0187035,True,False,False,S216447687,,US-OH
norshr4,Northern Shrike,Lanius borealis,L6004729,Poland Township Park,2025-03-03 09:00,1.0,41.0127833,-80.5509531,True,False,False,S216431976,,US-OH
brnthr,Brown Thrasher,Toxostoma rufum,L8944991,"Cornelius Lane & Court, Okeana",2025-03-03 08:16,1.0,39.374759,-84.7542057,True,False,True,S216425839,,US-OH
eucdov,Eurasian Collared-Dove,Streptopelia decaocto,L13978992,Payne Grain Silos,2025-03-03 08:04,2.0,41.081706,-84.7240251,True,False,True,S216412668,N,US-OH
merlin,Merlin,Falco columbarius,L818738,Mentor Lagoons Nature Preserve,2025-03-03 08:00,1.0,41.7298817,-81.3397694,True,False,False,S216426229,,US-OH
chispa,Chipping Sparrow,Spizella passerina,L40818756,"647 Harley Drive, Columbus, Ohio, US (40.021, -83.031)",2025-03-03 07:19,2.0,40.0212293,-83.0309,True,False,True,S216458393,,US-OH
amwpel,American White Pelican,Pelecanus erythrorhynchos,L211111,Metzger Marsh Wildlife Area,2025-03-03 06:42,11.0,41.645338,-83.2403183,True,False,False,S216485846,,US-OH
fiespa,Field Sparrow,Spizella pusilla,L16954120,Miami University--Peffer Woods Trails,2025-03-02 18:11,1.0,39.4998353,-84.7324419,True,False,False,S216354637,,US-OH
laplon,Lapland Longspur,Calcarius lapponicus,L40797633,Decliff Big Island Rd,2025-03-02 16:49,1.0,40.607736,-83.304084,True,False,True,S216347325,,US-OH
easpho,Eastern Phoebe,Sayornis phoebe,L1926131,Pickerington Ponds--Wood Duck Picnic Area,2025-03-02 15:30,1.0,39.8918992,-82.8033167,True,False,False,S216325126,,US-OH
norbob,Northern Bobwhite,Colinus virginianus,L15237987,Quail Ridge Conservation Area (private),2025-03-02 14:20,4.0,39.6027882,-84.671506,True,False,True,S216470082,,US-OH
eurwig,Eurasian Wigeon,Mareca penelope,L3482228,Killbuck Marsh Wildlife Area--Valley Rd. South,2025-03-02 14:12,1.0,40.6903032,-81.9808066,True,True,False,S216339218,,US-OH
y00478,Iceland Gull,Larus glaucoides,L253508,Lorain Harbor--Fishing Pier,2025-03-02 13:08,1.0,41.4721039,-82.1842575,True,False,False,S216365450,,US-OH
fiscro,Fish Crow,Corvus ossifragus,L40774567,"223 Highland Rd E, Macedonia US-OH 41.29972, -81.51706",2025-03-02 09:26,10.0,41.299725,-81.517056,True,False,True,S216228175,,US-OH
x00004,Mallard x American Black Duck (hybrid),Anas platyrhynchos x rubripes,L603712,Mentor Marsh State Nature Preserve--Wake Robin,2025-03-02 09:06,1.0,41.7297856,-81.3189554,True,False,False,S216242154,,US-OH
mdxmal1,Muscovy Duck x Mallard (hybrid),Cairina moschata x Anas platyrhynchos,L711719,Burnet Woods,2025-03-02 09:00,1.0,39.1383157,-84.515934,True,False,False,S216319704,X,US-OH
nswowl,Northern Saw-whet Owl,Aegolius acadicus,L3537392,Cleveland Lakefront Nature Preserve,2025-03-02 08:08,1.0,41.5428116,-81.6310436,True,False,True,S216229723,,US-OH
pinwar,Pine Warbler,Setophaga pinus,L24061952,"5054 E Eastwood Cir, Cincinnati US-OH 39.16346, -84.40947",2025-03-01 17:40,1.0,39.163456,-84.409472,True,False,True,S216122570,,US-OH
x00684,Canvasback x Redhead (hybrid),Aythya valisineria x americana,L281721,Killbuck Marsh Wildlife Area--Cemetery Rd.,2025-03-01 17:05,1.0,40.7011092,-82.0050111,True,True,False,S216150383,,US-OH
wilsni1,Wilson's Snipe,Gallinago delicata,L39471033,"3066–3694 Beatty Rd NE, Pleasantville US-OH 39.78065, -82.52748",2025-03-01 13:40,1.0,39.78065,-82.527477,True,False,True,S216076083,,US-OH
whwsco2,White-winged Scoter,Melanitta deglandi,L17071241,"West Shore Park, Avon Lake",2025-03-01 11:47,1.0,41.5066864,-82.0469291,True,False,False,S216051485,,US-OH
brnowl,American Barn Owl,Tyto furcata,L40020186,Home,2025-02-28 20:39,1.0,39.396084,-82.905899,True,False,True,S215933794,,US-OH
redcro,Red Crossbill,Loxia curvirostra,L4027665,Fleming Falls Preserve,2025-02-28 09:38,1.0,40.7973147,-82.4304518,True,True,False,S215879449,,US-OH
x00415,Greater White-fronted x Canada Goose (hybrid),Anser albifrons x Branta canadensis,L1670462,Norwalk City Reservoir--Lower,2025-02-27 07:28,1.0,41.2386954,-82.5878733,True,True,False,S215667455,,US-OH
sursco,Surf Scoter,Melanitta perspicillata,L2473629,Lakefront Reservation--Edgewater Park Fishing Pier,2025-02-26 11:30,1.0,41.4922655,-81.7374229,True,False,False,S215565289,,US-OH
ovenbi1,Ovenbird,Seiurus aurocapilla,L8613824,Dublin Home Private,2025-02-26 07:45,1.0,40.117278,-83.156469,True,True,True,S215620325,,US-OH
x00628,Mallard x Northern Pintail (hybrid),Anas platyrhynchos x acuta,L164552,Blendon Woods Metro Park,2025-02-25 15:30,1.0,40.0730854,-82.8726196,True,True,False,S215450025,,US-OH
blksco2,Black Scoter,Melanitta americana,L2473629,Lakefront Reservation--Edgewater Park Fishing Pier,2025-02-25 13:19,2.0,41.4922655,-81.7374229,True,False,False,S215405529,,US-OH
grycat,Gray Catbird,Dumetella carolinensis,L469823,PPG Lime Lakes,2025-02-25 12:15,1.0,40.9798981,-81.5903091,True,True,False,S215399004,,US-OH
linspa,Lincoln's Sparrow,Melospiza lincolnii,L36942652,Marietta River Trail--Duck Creek Area,2025-02-24 09:07,1.0,39.405869,-81.4267191,True,True,False,S215209895,,US-OH
orcwar,Orange-crowned Warbler,Leiothlypis celata,L13418171,Walnut Woods Metro Park--Tall Pines Area,2025-02-23 14:45,1.0,39.8378125,-82.8739484,True,True,False,S215086693,,US-OH
greegr,Great Egret,Ardea alba,L3291424,Jefferson Ave. Dead End,2025-02-23 09:45,1.0,41.4820551,-81.6761532,True,True,False,S215175142,,US-OH
rudshe,Ruddy Shelduck,Tadorna ferruginea,L6800889,Southern Point Pond (view from roadside only),2025-02-22 14:00,1.0,39.802344,-83.0321681,True,True,False,S215537517,X,US-OH
x00679,Redhead x Ring-necked Duck (hybrid),Aythya americana x collaris,L282820,Scioto Bottoms,2025-02-22 13:59,1.0,38.7347488,-83.0304321,True,True,False,S215058223,,US-OH
lazbun,Lazuli Bunting,Passerina amoena,L39198034,"stakeout Lazuli Bunting, Albany (2025)",2025-02-22 09:40,1.0,39.201122,-82.273395,True,True,False,S214920165,,US-OH
swagoo1,Swan Goose,Anser cygnoides,L2493138,"Liberty Park, Mansfield",2025-02-21 13:55,1.0,40.7703368,-82.4954796,True,True,False,S214705380,X,US-OH
x00047,American Herring x Great Black-backed Gull (hybrid),Larus smithsonianus x marinus,L284586,"Wendy Park, Whiskey Island",2025-02-21 13:00,1.0,41.4991725,-81.7146913,True,True,False,S214952505,,US-OH
x00630,Cinnamon Teal x Northern Shoveler (hybrid),Spatula cyanoptera x clypeata,L349354,Hoover Reservoir--Hoover Dam Park,2025-02-21 12:34,1.0,40.1072609,-82.8802003,True,True,False,S214702342,,US-OH
x00759,Domestic goose sp. x Canada Goose (hybrid),Anser sp. (Domestic type) x Branta canadensis,L17621900,Dublin Rd. Quarries (view from roadside only),2025-02-21 12:05,1.0,40.1822938,-83.1389598,True,False,False,S214706374,X,US-OH
x01134,American Herring x Lesser Black-backed Gull (hybrid),Larus smithsonianus x fuscus,L284586,"Wendy Park, Whiskey Island",2025-02-21 07:45,1.0,41.4991725,-81.7146913,True,True,False,S214949775,,US-OH
redpol1,Redpoll,Acanthis flammea,L25911225,"38 Blue Valley Rd SW, Lancaster US-OH 39.65030, -82.60394",2025-02-20 13:02,1.0,39.650303,-82.603936,True,True,True,S214561611,,US-OH
bargol,Barrow's Goldeneye,Bucephala islandica,L12713263,Lucien Clemons Park,2025-02-20 09:49,1.0,41.5417519,-82.7206437,True,True,False,S214540540,,US-OH
calgul,California Gull,Larus californicus,L284586,"Wendy Park, Whiskey Island",2025-02-20 08:05,1.0,41.4991725,-81.7146913,True,True,False,S214620710,,US-OH
goleag,Golden Eagle,Aquila chrysaetos,L22245511,Wally Rd.,2025-02-19 13:45,1.0,40.5497566,-82.2022053,True,True,False,S214439201,,US-OH
x00758,Graylag x Canada Goose (hybrid),Anser anser x Branta canadensis,L1741317,Old Woman Creek--Beach Area,2025-02-18 13:46,1.0,41.3839733,-82.5149095,True,True,False,S214299072,X,US-OH
