date,datatype,station,attributes,value,region
2023-01-01T00:00:00,PRCP,GHCND:USW00014853,",,W,",2.3,US-OH
2023-01-01T00:00:00,TMAX,GHCND:USW00014853,",,W,",7.8,US-OH
2023-01-01T00:00:00,TMIN,GHCND:USW00014853,",,W,",2.2,US-OH
2023-01-02T00:00:00,PRCP,GHCND:USW00014853,",,W,",0.0,US-OH
2023-01-02T00:00:00,TMAX,GHCND:USW00014853,",,W,",6.1,US-OH
2023-01-02T00:00:00,TMIN,GHCND:USW00014853,",,W,",2.8,US-OH
2023-01-03T00:00:00,PRCP,GHCND:USW00014853,",,W,",11.9,US-OH
2023-01-03T00:00:00,TMAX,GHCND:USW00014853,",,W,",6.7,US-OH
2023-01-03T00:00:00,TMIN,GHCND:USW00014853,",,W,",3.9,US-OH
2023-01-04T00:00:00,PRCP,GHCND:USW00014853,",,W,",0.3,US-OH
2023-01-04T00:00:00,TMAX,GHCND:USW00014853,",,W,",15.0,US-OH
2023-01-04T00:00:00,TMIN,GHCND:USW00014853,",,W,",3.3,US-OH
2023-01-05T00:00:00,PRCP,GHCND:USW00014853,",,W,",1.0,US-OH
2023-01-05T00:00:00,TMAX,GHCND:USW00014853,",,W,",5.0,US-OH
2023-01-05T00:00:00,TMIN,GHCND:USW00014853,",,W,",0.6,US-OH
2023-01-06T00:00:00,PRCP,GHCND:USW00014853,",,W,",0.3,US-OH
2023-01-06T00:00:00,TMAX,GHCND:USW00014853,",,W,",2.8,US-OH
2023-01-06T00:00:00,TMIN,GHCND:USW00014853,",,W,",0.6,US-OH
2023-01-07T00:00:00,PRCP,GHCND:USW00014853,"T,,W,",0.0,US-OH
2023-01-07T00:00:00,TMAX,GHCND:USW00014853,",,W,",1.1,US-OH
2023-01-07T00:00:00,TMIN,GHCND:USW00014853,",,W,",-1.0,US-OH
2023-01-08T00:00:00,PRCP,GHCND:USW00014853,",,W,",0.0,US-OH
2023-01-08T00:00:00,TMAX,GHCND:USW00014853,",,W,",0.0,US-OH
2023-01-08T00:00:00,TMIN,GHCND:USW00014853,",,W,",-1.6,US-OH
2023-01-09T00:00:00,PRCP,GHCND:USW00014853,",,W,",0.0,US-OH
2023-01-09T00:00:00,TMAX,GHCND:USW00014853,",,W,",5.0,US-OH
2023-01-09T00:00:00,TMIN,GHCND:USW00014853,",,W,",-4.3,US-OH
2023-01-10T00:00:00,PRCP,GHCND:USW00014853,",,W,",0.0,US-OH
2023-01-10T00:00:00,TMAX,GHCND:USW00014853,",,W,",4.4,US-OH
2023-01-10T00:00:00,TMIN,GHCND:USW00014853,",,W,",-2.7,US-OH
2023-01-11T00:00:00,PRCP,GHCND:USW00014853,"T,,W,",0.0,US-OH
2023-01-11T00:00:00,TMAX,GHCND:USW00014853,",,W,",7.8,US-OH
2023-01-11T00:00:00,TMIN,GHCND:USW00014853,",,W,",-2.1,US-OH
2023-01-12T00:00:00,PRCP,GHCND:USW00014853,",,W,",0.0,US-OH
2023-01-12T00:00:00,TMAX,GHCND:USW00014853,",,W,",6.1,US-OH
2023-01-12T00:00:00,TMIN,GHCND:USW00014853,",,W,",0.6,US-OH
2023-01-13T00:00:00,PRCP,GHCND:USW00014853,"T,,W,",0.0,US-OH
2023-01-13T00:00:00,TMAX,GHCND:USW00014853,",,W,",0.6,US-OH
2023-01-13T00:00:00,TMIN,GHCND:USW00014853,",,W,",-3.8,US-OH
2023-01-14T00:00:00,PRCP,GHCND:USW00014853,",,W,",0.0,US-OH
2023-01-14T00:00:00,TMAX,GHCND:USW00014853,",,W,",0.0,US-OH
2023-01-14T00:00:00,TMIN,GHCND:USW00014853,",,W,",-8.8,US-OH
2023-01-15T00:00:00,PRCP,GHCND:USW00014853,",,W,",0.0,US-OH
2023-01-15T00:00:00,TMAX,GHCND:USW00014853,",,W,",2.2,US-OH
2023-01-15T00:00:00,TMIN,GHCND:USW00014853,",,W,",-9.9,US-OH
2023-01-16T00:00:00,PRCP,GHCND:USW00014853,",,W,",6.9,US-OH
2023-01-16T00:00:00,TMAX,GHCND:USW00014853,",,W,",2.8,US-OH
2023-01-16T00:00:00,TMIN,GHCND:USW00014853,",,W,",-6.6,US-OH
2023-01-17T00:00:00,PRCP,GHCND:USW00014853,",,W,",0.8,US-OH
2023-01-17T00:00:00,TMAX,GHCND:USW00014853,",,W,",8.9,US-OH
2023-01-17T00:00:00,TMIN,GHCND:USW00014853,",,W,",2.2,US-OH
2023-01-18T00:00:00,PRCP,GHCND:USW00014853,",,W,",0.5,US-OH
2023-01-18T00:00:00,TMAX,GHCND:USW00014853,",,W,",5.6,US-OH
2023-01-18T00:00:00,TMIN,GHCND:USW00014853,",,W,",2.8,US-OH
2023-01-19T00:00:00,PRCP,GHCND:USW00014853,",,W,",17.8,US-OH
2023-01-19T00:00:00,TMAX,GHCND:USW00014853,",,W,",8.3,US-OH
2023-01-19T00:00:00,TMIN,GHCND:USW00014853,",,W,",2.2,US-OH
2023-01-20T00:00:00,PRCP,GHCND:USW00014853,",,W,",0.8,US-OH
2023-01-20T00:00:00,TMAX,GHCND:USW00014853,",,W,",3.9,US-OH
2023-01-20T00:00:00,TMIN,GHCND:USW00014853,",,W,",0.6,US-OH
2023-01-21T00:00:00,PRCP,GHCND:USW00014853,"T,,W,",0.0,US-OH
2023-01-21T00:00:00,TMAX,GHCND:USW00014853,",,W,",0.6,US-OH
2023-01-21T00:00:00,TMIN,GHCND:USW00014853,",,W,",-0.5,US-OH
2023-01-22T00:00:00,PRCP,GHCND:USW00014853,",,W,",4.1,US-OH
2023-01-22T00:00:00,TMAX,GHCND:USW00014853,",,W,",0.6,US-OH
2023-01-22T00:00:00,TMIN,GHCND:USW00014853,",,W,",-1.6,US-OH
2023-01-23T00:00:00,PRCP,GHCND:USW00014853,"T,,W,",0.0,US-OH
2023-01-23T00:00:00,TMAX,GHCND:USW00014853,",,W,",0.6,US-OH
2023-01-23T00:00:00,TMIN,GHCND:USW00014853,",,W,",-2.7,US-OH
2023-01-24T00:00:00,PRCP,GHCND:USW00014853,",,W,",0.0,US-OH
2023-01-24T00:00:00,TMAX,GHCND:USW00014853,",,W,",2.8,US-OH
2023-01-24T00:00:00,TMIN,GHCND:USW00014853,",,W,",-2.7,US-OH
2023-01-25T00:00:00,PRCP,GHCND:USW00014853,",,W,",4.6,US-OH
2023-01-25T00:00:00,TMAX,GHCND:USW00014853,",,W,",0.6,US-OH
2023-01-25T00:00:00,TMIN,GHCND:USW00014853,",,W,",-0.5,US-OH
2023-01-26T00:00:00,PRCP,GHCND:USW00014853,",,W,",4.8,US-OH
2023-01-26T00:00:00,TMAX,GHCND:USW00014853,",,W,",0.0,US-OH
2023-01-26T00:00:00,TMIN,GHCND:USW00014853,",,W,",-4.3,US-OH
2023-01-27T00:00:00,PRCP,GHCND:USW00014853,"T,,W,",0.0,US-OH
2023-01-27T00:00:00,TMAX,GHCND:USW00014853,",,W,",2.8,US-OH
2023-01-27T00:00:00,TMIN,GHCND:USW00014853,",,W,",-6.6,US-OH
2023-01-28T00:00:00,PRCP,GHCND:USW00014853,",,W,",0.0,US-OH
2023-01-28T00:00:00,TMAX,GHCND:USW00014853,",,W,",2.8,US-OH
2023-01-28T00:00:00,TMIN,GHCND:USW00014853,",,W,",-5.5,US-OH
2023-01-29T00:00:00,PRCP,GHCND:USW00014853,",,W,",0.8,US-OH
2023-01-29T00:00:00,TMAX,GHCND:USW00014853,",,W,",0.0,US-OH
2023-01-29T00:00:00,TMIN,GHCND:USW00014853,",,W,",-2.7,US-OH
2023-01-30T00:00:00,PRCP,GHCND:USW00014853,"T,,W,",0.0,US-OH
2023-01-30T00:00:00,TMAX,GHCND:USW00014853,",,W,",-2.1,US-OH
2023-01-30T00:00:00,TMIN,GHCND:USW00014853,",,W,",-12.7,US-OH
2023-01-31T00:00:00,PRCP,GHCND:USW00014853,"T,,W,",0.0,US-OH
2023-01-31T00:00:00,TMAX,GHCND:USW00014853,",,W,",-7.1,US-OH
2023-01-31T00:00:00,TMIN,GHCND:USW00014853,",,W,",-17.1,US-OH
2023-02-01T00:00:00,PRCP,GHCND:USW00014853,",,W,",0.0,US-OH
2023-02-01T00:00:00,TMAX,GHCND:USW00014853,",,W,",-5.5,US-OH
2023-02-01T00:00:00,TMIN,GHCND:USW00014853,",,W,",-14.9,US-OH
2023-02-02T00:00:00,PRCP,GHCND:USW00014853,"T,,W,",0.0,US-OH
2023-02-02T00:00:00,TMAX,GHCND:USW00014853,",,W,",1.1,US-OH
2023-02-02T00:00:00,TMIN,GHCND:USW00014853,",,W,",-11.0,US-OH
2023-02-03T00:00:00,PRCP,GHCND:USW00014853,",,W,",0.0,US-OH
2023-02-03T00:00:00,TMAX,GHCND:USW00014853,",,W,",-7.7,US-OH
2023-02-03T00:00:00,TMIN,GHCND:USW00014853,",,W,",-17.7,US-OH
2023-02-04T00:00:00,PRCP,GHCND:USW00014853,",,W,",0.0,US-OH
2023-02-04T00:00:00,TMAX,GHCND:USW00014853,",,W,",0.6,US-OH
2023-02-04T00:00:00,TMIN,GHCND:USW00014853,",,W,",-16.0,US-OH
2023-02-05T00:00:00,PRCP,GHCND:USW00014853,"T,,W,",0.0,US-OH
2023-02-05T00:00:00,TMAX,GHCND:USW00014853,",,W,",4.4,US-OH
2023-02-05T00:00:00,TMIN,GHCND:USW00014853,",,W,",-0.5,US-OH
2023-02-06T00:00:00,PRCP,GHCND:USW00014853,",,W,",0.0,US-OH
2023-02-06T00:00:00,TMAX,GHCND:USW00014853,",,W,",0.6,US-OH
2023-02-06T00:00:00,TMIN,GHCND:USW00014853,",,W,",-2.1,US-OH
2023-02-07T00:00:00,PRCP,GHCND:USW00014853,",,W,",0.0,US-OH
2023-02-07T00:00:00,TMAX,GHCND:USW00014853,",,W,",10.6,US-OH
2023-02-07T00:00:00,TMIN,GHCND:USW00014853,",,W,",-1.6,US-OH
2023-02-08T00:00:00,PRCP,GHCND:USW00014853,",,W,",0.0,US-OH
2023-02-08T00:00:00,TMAX,GHCND:USW00014853,",,W,",6.7,US-OH
2023-02-08T00:00:00,TMIN,GHCND:USW00014853,",,W,",-1.6,US-OH
2023-02-09T00:00:00,PRCP,GHCND:USW00014853,",,W,",23.1,US-OH
2023-02-09T00:00:00,TMAX,GHCND:USW00014853,",,W,",14.4,US-OH
2023-02-09T00:00:00,TMIN,GHCND:USW00014853,",,W,",1.1,US-OH
2023-02-10T00:00:00,PRCP,GHCND:USW00014853,",,W,",0.3,US-OH
2023-02-10T00:00:00,TMAX,GHCND:USW00014853,",,W,",6.7,US-OH
2023-02-10T00:00:00,TMIN,GHCND:USW00014853,",,W,",-2.7,US-OH
2023-02-11T00:00:00,PRCP,GHCND:USW00014853,",,W,",0.0,US-OH
2023-02-11T00:00:00,TMAX,GHCND:USW00014853,",,W,",5.0,US-OH
2023-02-11T00:00:00,TMIN,GHCND:USW00014853,",,W,",-6.6,US-OH
2023-02-12T00:00:00,PRCP,GHCND:USW00014853,",,W,",0.0,US-OH
2023-02-12T00:00:00,TMAX,GHCND:USW00014853,",,W,",10.6,US-OH
2023-02-12T00:00:00,TMIN,GHCND:USW00014853,",,W,",-4.3,US-OH
2023-02-13T00:00:00,PRCP,GHCND:USW00014853,",,W,",0.0,US-OH
2023-02-13T00:00:00,TMAX,GHCND:USW00014853,",,W,",11.1,US-OH
2023-02-13T00:00:00,TMIN,GHCND:USW00014853,",,W,",-1.0,US-OH
2023-02-14T00:00:00,PRCP,GHCND:USW00014853,",,W,",0.3,US-OH
2023-02-14T00:00:00,TMAX,GHCND:USW00014853,",,W,",11.1,US-OH
2023-02-14T00:00:00,TMIN,GHCND:USW00014853,",,W,",-4.9,US-OH
2023-02-15T00:00:00,PRCP,GHCND:USW00014853,",,W,",0.3,US-OH
2023-02-15T00:00:00,TMAX,GHCND:USW00014853,",,W,",14.4,US-OH
2023-02-15T00:00:00,TMIN,GHCND:USW00014853,",,W,",4.4,US-OH
2023-02-16T00:00:00,PRCP,GHCND:USW00014853,",,W,",0.5,US-OH
2023-02-16T00:00:00,TMAX,GHCND:USW00014853,",,W,",5.0,US-OH
2023-02-16T00:00:00,TMIN,GHCND:USW00014853,",,W,",-1.0,US-OH
2023-02-17T00:00:00,PRCP,GHCND:USW00014853,"T,,W,",0.0,US-OH
2023-02-17T00:00:00,TMAX,GHCND:USW00014853,",,W,",-1.0,US-OH
2023-02-17T00:00:00,TMIN,GHCND:USW00014853,",,W,",-7.1,US-OH
2023-02-18T00:00:00,PRCP,GHCND:USW00014853,",,W,",0.0,US-OH
2023-02-18T00:00:00,TMAX,GHCND:USW00014853,",,W,",6.7,US-OH
2023-02-18T00:00:00,TMIN,GHCND:USW00014853,",,W,",-6.6,US-OH
2023-02-19T00:00:00,PRCP,GHCND:USW00014853,",,W,",0.0,US-OH
2023-02-19T00:00:00,TMAX,GHCND:USW00014853,",,W,",11.1,US-OH
2023-02-19T00:00:00,TMIN,GHCND:USW00014853,",,W,",1.1,US-OH
2023-02-20T00:00:00,PRCP,GHCND:USW00014853,",,W,",0.0,US-OH
2023-02-20T00:00:00,TMAX,GHCND:USW00014853,",,W,",7.2,US-OH
2023-02-20T00:00:00,TMIN,GHCND:USW00014853,",,W,",-2.1,US-OH
2023-02-21T00:00:00,PRCP,GHCND:USW00014853,",,W,",0.0,US-OH
2023-02-21T00:00:00,TMAX,GHCND:USW00014853,",,W,",5.0,US-OH
2023-02-21T00:00:00,TMIN,GHCND:USW00014853,",,W,",-3.8,US-OH
2023-02-22T00:00:00,PRCP,GHCND:USW00014853,",,W,",22.1,US-OH
2023-02-22T00:00:00,TMAX,GHCND:USW00014853,",,W,",0.0,US-OH
2023-02-22T00:00:00,TMIN,GHCND:USW00014853,",,W,",-1.0,US-OH
2023-02-23T00:00:00,PRCP,GHCND:USW00014853,",,W,",0.0,US-OH
2023-02-23T00:00:00,TMAX,GHCND:USW00014853,",,W,",7.2,US-OH
2023-02-23T00:00:00,TMIN,GHCND:USW00014853,",,W,",-1.6,US-OH
2023-02-24T00:00:00,PRCP,GHCND:USW00014853,",,W,",0.0,US-OH
2023-02-24T00:00:00,TMAX,GHCND:USW00014853,",,W,",0.6,US-OH
2023-02-24T00:00:00,TMIN,GHCND:USW00014853,",,W,",-5.5,US-OH
2023-02-25T00:00:00,PRCP,GHCND:USW00014853,"T,,W,",0.0,US-OH
2023-02-25T00:00:00,TMAX,GHCND:USW00014853,",,W,",2.8,US-OH
2023-02-25T00:00:00,TMIN,GHCND:USW00014853,",,W,",-6.0,US-OH
2023-02-26T00:00:00,PRCP,GHCND:USW00014853,",,W,",0.0,US-OH
2023-02-26T00:00:00,TMAX,GHCND:USW00014853,",,W,",9.4,US-OH
2023-02-26T00:00:00,TMIN,GHCND:USW00014853,",,W,",-2.1,US-OH
2023-02-27T00:00:00,PRCP,GHCND:USW00014853,",,W,",26.7,US-OH
2023-02-27T00:00:00,TMAX,GHCND:USW00014853,",,W,",1.7,US-OH
2023-02-27T00:00:00,TMIN,GHCND:USW00014853,",,W,",-4.9,US-OH
2023-02-28T00:00:00,PRCP,GHCND:USW00014853,",,W,",0.3,US-OH
2023-02-28T00:00:00,TMAX,GHCND:USW00014853,",,W,",8.9,US-OH
2023-02-28T00:00:00,TMIN,GHCND:USW00014853,",,W,",0.6,US-OH
2023-03-01T00:00:00,PRCP,GHCND:USW00014853,",,W,",0.8,US-OH
2023-03-01T00:00:00,TMAX,GHCND:USW00014853,",,W,",12.2,US-OH
2023-03-01T00:00:00,TMIN,GHCND:USW00014853,",,W,",-1.0,US-OH
2023-03-02T00:00:00,PRCP,GHCND:USW00014853,",,W,",0.0,US-OH
2023-03-02T00:00:00,TMAX,GHCND:USW00014853,",,W,",6.7,US-OH
2023-03-02T00:00:00,TMIN,GHCND:USW00014853,",,W,",-0.5,US-OH
2023-03-03T00:00:00,PRCP,GHCND:USW00014853,",,W,",5.8,US-OH
2023-03-03T00:00:00,TMAX,GHCND:USW00014853,",,W,",2.8,US-OH
2023-03-03T00:00:00,TMIN,GHCND:USW00014853,",,W,",-1.0,US-OH
2023-03-04T00:00:00,PRCP,GHCND:USW00014853,",,W,",2.0,US-OH
2023-03-04T00:00:00,TMAX,GHCND:USW00014853,",,W,",3.3,US-OH
2023-03-04T00:00:00,TMIN,GHCND:USW00014853,",,W,",-1.0,US-OH
2023-03-05T00:00:00,PRCP,GHCND:USW00014853,",,W,",0.0,US-OH
2023-03-05T00:00:00,TMAX,GHCND:USW00014853,",,W,",8.9,US-OH
2023-03-05T00:00:00,TMIN,GHCND:USW00014853,",,W,",0.6,US-OH
2023-03-06T00:00:00,PRCP,GHCND:USW00014853,",,W,",13.2,US-OH
2023-03-06T00:00:00,TMAX,GHCND:USW00014853,",,W,",5.6,US-OH
2023-03-06T00:00:00,TMIN,GHCND:USW00014853,",,W,",1.1,US-OH
2023-03-07T00:00:00,PRCP,GHCND:USW00014853,",,W,",0.5,US-OH
2023-03-07T00:00:00,TMAX,GHCND:USW00014853,",,W,",6.1,US-OH
2023-03-07T00:00:00,TMIN,GHCND:USW00014853,",,W,",-2.7,US-OH
2023-03-08T00:00:00,PRCP,GHCND:USW00014853,",,W,",0.0,US-OH
2023-03-08T00:00:00,TMAX,GHCND:USW00014853,",,W,",7.2,US-OH
2023-03-08T00:00:00,TMIN,GHCND:USW00014853,",,W,",-3.2,US-OH
2023-03-09T00:00:00,PRCP,GHCND:USW00014853,",,W,",0.0,US-OH
2023-03-09T00:00:00,TMAX,GHCND:USW00014853,",,W,",7.2,US-OH
2023-03-09T00:00:00,TMIN,GHCND:USW00014853,",,W,",-2.7,US-OH
2023-03-10T00:00:00,PRCP,GHCND:USW00014853,",,W,",4.3,US-OH
2023-03-10T00:00:00,TMAX,GHCND:USW00014853,",,W,",2.2,US-OH
2023-03-10T00:00:00,TMIN,GHCND:USW00014853,",,W,",-1.0,US-OH
2023-03-11T00:00:00,PRCP,GHCND:USW00014853,",,W,",0.0,US-OH
2023-03-11T00:00:00,TMAX,GHCND:USW00014853,",,W,",5.0,US-OH
2023-03-11T00:00:00,TMIN,GHCND:USW00014853,",,W,",-1.0,US-OH
2023-03-12T00:00:00,PRCP,GHCND:USW00014853,",,W,",0.5,US-OH
2023-03-12T00:00:00,TMAX,GHCND:USW00014853,",,W,",1.1,US-OH
2023-03-12T00:00:00,TMIN,GHCND:USW00014853,",,W,",-3.2,US-OH
2023-03-13T00:00:00,PRCP,GHCND:USW00014853,",,W,",4.3,US-OH
2023-03-13T00:00:00,TMAX,GHCND:USW00014853,",,W,",0.0,US-OH
2023-03-13T00:00:00,TMIN,GHCND:USW00014853,",,W,",-4.3,US-OH
2023-03-14T00:00:00,PRCP,GHCND:USW00014853,",,W,",0.0,US-OH
2023-03-14T00:00:00,TMAX,GHCND:USW00014853,",,W,",1.7,US-OH
2023-03-14T00:00:00,TMIN,GHCND:USW00014853,",,W,",-7.7,US-OH
2023-03-15T00:00:00,PRCP,GHCND:USW00014853,",,W,",0.0,US-OH
2023-03-15T00:00:00,TMAX,GHCND:USW00014853,",,W,",7.2,US-OH
2023-03-15T00:00:00,TMIN,GHCND:USW00014853,",,W,",-7.1,US-OH
2023-03-16T00:00:00,PRCP,GHCND:USW00014853,",,W,",1.5,US-OH
2023-03-16T00:00:00,TMAX,GHCND:USW00014853,",,W,",13.3,US-OH
2023-03-16T00:00:00,TMIN,GHCND:USW00014853,",,W,",0.6,US-OH
2023-03-17T00:00:00,PRCP,GHCND:USW00014853,",,W,",2.8,US-OH
2023-03-17T00:00:00,TMAX,GHCND:USW00014853,",,W,",10.0,US-OH
2023-03-17T00:00:00,TMIN,GHCND:USW00014853,",,W,",0.0,US-OH
2023-03-18T00:00:00,PRCP,GHCND:USW00014853,"T,,W,",0.0,US-OH
2023-03-18T00:00:00,TMAX,GHCND:USW00014853,",,W,",0.0,US-OH
2023-03-18T00:00:00,TMIN,GHCND:USW00014853,",,W,",-6.0,US-OH
2023-03-19T00:00:00,PRCP,GHCND:USW00014853,",,W,",0.0,US-OH
2023-03-19T00:00:00,TMAX,GHCND:USW00014853,",,W,",4.4,US-OH
2023-03-19T00:00:00,TMIN,GHCND:USW00014853,",,W,",-7.7,US-OH
2023-03-20T00:00:00,PRCP,GHCND:USW00014853,",,W,",0.0,US-OH
2023-03-20T00:00:00,TMAX,GHCND:USW00014853,",,W,",10.0,US-OH
2023-03-20T00:00:00,TMIN,GHCND:USW00014853,",,W,",-3.8,US-OH
2023-03-21T00:00:00,PRCP,GHCND:USW00014853,",,W,",0.0,US-OH
2023-03-21T00:00:00,TMAX,GHCND:USW00014853,",,W,",13.9,US-OH
2023-03-21T00:00:00,TMIN,GHCND:USW00014853,",,W,",-0.5,US-OH
2023-03-22T00:00:00,PRCP,GHCND:USW00014853,",,W,",2.5,US-OH
2023-03-22T00:00:00,TMAX,GHCND:USW00014853,",,W,",10.0,US-OH
2023-03-22T00:00:00,TMIN,GHCND:USW00014853,",,W,",4.4,US-OH
2023-03-23T00:00:00,PRCP,GHCND:USW00014853,",,W,",3.6,US-OH
2023-03-23T00:00:00,TMAX,GHCND:USW00014853,",,W,",10.0,US-OH
2023-03-23T00:00:00,TMIN,GHCND:USW00014853,",,W,",2.8,US-OH
2023-03-24T00:00:00,PRCP,GHCND:USW00014853,",,W,",0.0,US-OH
2023-03-24T00:00:00,TMAX,GHCND:USW00014853,",,W,",7.8,US-OH
2023-03-24T00:00:00,TMIN,GHCND:USW00014853,",,W,",0.0,US-OH
2023-03-25T00:00:00,PRCP,GHCND:USW00014853,",,W,",4.8,US-OH
2023-03-25T00:00:00,TMAX,GHCND:USW00014853,",,W,",10.0,US-OH
2023-03-25T00:00:00,TMIN,GHCND:USW00014853,",,W,",1.7,US-OH
2023-03-26T00:00:00,PRCP,GHCND:USW00014853,",,W,",2.3,US-OH
2023-03-26T00:00:00,TMAX,GHCND:USW00014853,",,W,",12.8,US-OH
2023-03-26T00:00:00,TMIN,GHCND:USW00014853,",,W,",-1.6,US-OH
2023-03-27T00:00:00,PRCP,GHCND:USW00014853,",,W,",3.3,US-OH
2023-03-27T00:00:00,TMAX,GHCND:USW00014853,",,W,",8.9,US-OH
2023-03-27T00:00:00,TMIN,GHCND:USW00014853,",,W,",0.0,US-OH
2023-03-28T00:00:00,PRCP,GHCND:USW00014853,",,W,",0.0,US-OH
2023-03-28T00:00:00,TMAX,GHCND:USW00014853,",,W,",10.6,US-OH
2023-03-28T00:00:00,TMIN,GHCND:USW00014853,",,W,",-3.8,US-OH
2023-03-29T00:00:00,PRCP,GHCND:USW00014853,",,W,",0.3,US-OH
2023-03-29T00:00:00,TMAX,GHCND:USW00014853,",,W,",7.8,US-OH
2023-03-29T00:00:00,TMIN,GHCND:USW00014853,",,W,",-3.8,US-OH
2023-03-30T00:00:00,PRCP,GHCND:USW00014853,",,W,",0.3,US-OH
2023-03-30T00:00:00,TMAX,GHCND:USW00014853,",,W,",8.3,US-OH
2023-03-30T00:00:00,TMIN,GHCND:USW00014853,",,W,",-8.2,US-OH
2023-03-31T00:00:00,PRCP,GHCND:USW00014853,",,W,",25.4,US-OH
2023-03-31T00:00:00,TMAX,GHCND:USW00014853,",,W,",15.0,US-OH
2023-03-31T00:00:00,TMIN,GHCND:USW00014853,",,W,",2.2,US-OH
2023-04-01T00:00:00,PRCP,GHCND:USW00014853,",,W,",14.5,US-OH
2023-04-01T00:00:00,TMAX,GHCND:USW00014853,",,W,",15.6,US-OH
2023-04-01T00:00:00,TMIN,GHCND:USW00014853,",,W,",-1.0,US-OH
2023-04-02T00:00:00,PRCP,GHCND:USW00014853,",,W,",0.0,US-OH
2023-04-02T00:00:00,TMAX,GHCND:USW00014853,",,W,",7.2,US-OH
2023-04-02T00:00:00,TMIN,GHCND:USW00014853,",,W,",-3.8,US-OH
2023-04-03T00:00:00,PRCP,GHCND:USW00014853,",,W,",5.1,US-OH
2023-04-03T00:00:00,TMAX,GHCND:USW00014853,",,W,",17.8,US-OH
2023-04-03T00:00:00,TMIN,GHCND:USW00014853,",,W,",0.6,US-OH
2023-04-04T00:00:00,PRCP,GHCND:USW00014853,",,W,",3.0,US-OH
2023-04-04T00:00:00,TMAX,GHCND:USW00014853,",,W,",14.4,US-OH
2023-04-04T00:00:00,TMIN,GHCND:USW00014853,",,W,",7.8,US-OH
2023-04-05T00:00:00,PRCP,GHCND:USW00014853,",,W,",2.5,US-OH
2023-04-05T00:00:00,TMAX,GHCND:USW00014853,",,W,",25.0,US-OH
2023-04-05T00:00:00,TMIN,GHCND:USW00014853,",,W,",8.3,US-OH
2023-04-06T00:00:00,PRCP,GHCND:USW00014853,",,W,",0.0,US-OH
2023-04-06T00:00:00,TMAX,GHCND:USW00014853,",,W,",11.1,US-OH
2023-04-06T00:00:00,TMIN,GHCND:USW00014853,",,W,",1.7,US-OH
2023-04-07T00:00:00,PRCP,GHCND:USW00014853,",,W,",0.0,US-OH
2023-04-07T00:00:00,TMAX,GHCND:USW00014853,",,W,",11.1,US-OH
2023-04-07T00:00:00,TMIN,GHCND:USW00014853,",,W,",-1.0,US-OH
2023-04-08T00:00:00,PRCP,GHCND:USW00014853,",,W,",0.0,US-OH
2023-04-08T00:00:00,TMAX,GHCND:USW00014853,",,W,",10.6,US-OH
2023-04-08T00:00:00,TMIN,GHCND:USW00014853,",,W,",-2.1,US-OH
2023-04-09T00:00:00,PRCP,GHCND:USW00014853,",,W,",0.0,US-OH
2023-04-09T00:00:00,TMAX,GHCND:USW00014853,",,W,",15.6,US-OH
2023-04-09T00:00:00,TMIN,GHCND:USW00014853,",,W,",-2.7,US-OH
2023-04-10T00:00:00,PRCP,GHCND:USW00014853,",,W,",0.0,US-OH
2023-04-10T00:00:00,TMAX,GHCND:USW00014853,",,W,",20.0,US-OH
2023-04-10T00:00:00,TMIN,GHCND:USW00014853,",,W,",-0.5,US-OH
2023-04-11T00:00:00,PRCP,GHCND:USW00014853,",,W,",0.0,US-OH
2023-04-11T00:00:00,TMAX,GHCND:USW00014853,",,W,",25.0,US-OH
2023-04-11T00:00:00,TMIN,GHCND:USW00014853,",,W,",3.9,US-OH
2023-04-12T00:00:00,PRCP,GHCND:USW00014853,",,W,",0.0,US-OH
2023-04-12T00:00:00,TMAX,GHCND:USW00014853,",,W,",27.8,US-OH
2023-04-12T00:00:00,TMIN,GHCND:USW00014853,",,W,",11.7,US-OH
2023-04-13T00:00:00,PRCP,GHCND:USW00014853,",,W,",0.0,US-OH
2023-04-13T00:00:00,TMAX,GHCND:USW00014853,",,W,",28.9,US-OH
2023-04-13T00:00:00,TMIN,GHCND:USW00014853,",,W,",12.2,US-OH
2023-04-14T00:00:00,PRCP,GHCND:USW00014853,",,W,",0.0,US-OH
2023-04-14T00:00:00,TMAX,GHCND:USW00014853,",,W,",28.9,US-OH
2023-04-14T00:00:00,TMIN,GHCND:USW00014853,",,W,",6.7,US-OH
2023-04-15T00:00:00,PRCP,GHCND:USW00014853,",,W,",0.0,US-OH
2023-04-15T00:00:00,TMAX,GHCND:USW00014853,",,W,",28.9,US-OH
2023-04-15T00:00:00,TMIN,GHCND:USW00014853,",,W,",10.6,US-OH
2023-04-16T00:00:00,PRCP,GHCND:USW00014853,",,W,",2.3,US-OH
2023-04-16T00:00:00,TMAX,GHCND:USW00014853,",,W,",24.4,US-OH
2023-04-16T00:00:00,TMIN,GHCND:USW00014853,",,W,",5.6,US-OH
2023-04-17T00:00:00,PRCP,GHCND:USW00014853,",,W,",1.3,US-OH
2023-04-17T00:00:00,TMAX,GHCND:USW00014853,",,W,",6.1,US-OH
2023-04-17T00:00:00,TMIN,GHCND:USW00014853,",,W,",1.1,US-OH
2023-04-18T00:00:00,PRCP,GHCND:USW00014853,"T,,W,",0.0,US-OH
2023-04-18T00:00:00,TMAX,GHCND:USW00014853,",,W,",10.0,US-OH
2023-04-18T00:00:00,TMIN,GHCND:USW00014853,",,W,",0.6,US-OH
2023-04-19T00:00:00,PRCP,GHCND:USW00014853,"T,,W,",0.0,US-OH
2023-04-19T00:00:00,TMAX,GHCND:USW00014853,",,W,",12.8,US-OH
2023-04-19T00:00:00,TMIN,GHCND:USW00014853,",,W,",-1.6,US-OH
2023-04-20T00:00:00,PRCP,GHCND:USW00014853,"T,,W,",0.0,US-OH
2023-04-20T00:00:00,TMAX,GHCND:USW00014853,",,W,",20.0,US-OH
2023-04-20T00:00:00,TMIN,GHCND:USW00014853,",,W,",5.6,US-OH
2023-04-21T00:00:00,PRCP,GHCND:USW00014853,",,W,",3.3,US-OH
2023-04-21T00:00:00,TMAX,GHCND:USW00014853,",,W,",15.0,US-OH
2023-04-21T00:00:00,TMIN,GHCND:USW00014853,",,W,",7.2,US-OH
2023-04-22T00:00:00,PRCP,GHCND:USW00014853,",,W,",0.5,US-OH
2023-04-22T00:00:00,TMAX,GHCND:USW00014853,",,W,",13.3,US-OH
2023-04-22T00:00:00,TMIN,GHCND:USW00014853,",,W,",2.2,US-OH
2023-04-23T00:00:00,PRCP,GHCND:USW00014853,"T,,W,",0.0,US-OH
2023-04-23T00:00:00,TMAX,GHCND:USW00014853,",,W,",10.6,US-OH
2023-04-23T00:00:00,TMIN,GHCND:USW00014853,",,W,",1.1,US-OH
2023-04-24T00:00:00,PRCP,GHCND:USW00014853,",,W,",0.5,US-OH
2023-04-24T00:00:00,TMAX,GHCND:USW00014853,",,W,",9.4,US-OH
2023-04-24T00:00:00,TMIN,GHCND:USW00014853,",,W,",-0.5,US-OH
2023-04-25T00:00:00,PRCP,GHCND:USW00014853,",,W,",1.8,US-OH
2023-04-25T00:00:00,TMAX,GHCND:USW00014853,",,W,",6.7,US-OH
2023-04-25T00:00:00,TMIN,GHCND:USW00014853,",,W,",-3.2,US-OH
2023-04-26T00:00:00,PRCP,GHCND:USW00014853,",,W,",0.0,US-OH
2023-04-26T00:00:00,TMAX,GHCND:USW00014853,",,W,",12.8,US-OH
2023-04-26T00:00:00,TMIN,GHCND:USW00014853,",,W,",-2.7,US-OH
2023-04-27T00:00:00,PRCP,GHCND:USW00014853,",,W,",0.0,US-OH
2023-04-27T00:00:00,TMAX,GHCND:USW00014853,",,W,",15.0,US-OH
2023-04-27T00:00:00,TMIN,GHCND:USW00014853,",,W,",-1.0,US-OH
2023-04-28T00:00:00,PRCP,GHCND:USW00014853,",,W,",13.0,US-OH
2023-04-28T00:00:00,TMAX,GHCND:USW00014853,",,W,",12.2,US-OH
2023-04-28T00:00:00,TMIN,GHCND:USW00014853,",,W,",5.0,US-OH
2023-04-29T00:00:00,PRCP,GHCND:USW00014853,",,W,",7.1,US-OH
2023-04-29T00:00:00,TMAX,GHCND:USW00014853,",,W,",17.8,US-OH
2023-04-29T00:00:00,TMIN,GHCND:USW00014853,",,W,",7.8,US-OH
2023-04-30T00:00:00,PRCP,GHCND:USW00014853,",,W,",5.6,US-OH
2023-04-30T00:00:00,TMAX,GHCND:USW00014853,",,W,",12.2,US-OH
2023-04-30T00:00:00,TMIN,GHCND:USW00014853,",,W,",6.1,US-OH
2023-05-01T00:00:00,PRCP,GHCND:USW00014853,",,W,",5.3,US-OH
2023-05-01T00:00:00,TMAX,GHCND:USW00014853,",,W,",9.4,US-OH
2023-05-01T00:00:00,TMIN,GHCND:USW00014853,",,W,",2.8,US-OH
2023-05-02T00:00:00,PRCP,GHCND:USW00014853,",,W,",2.5,US-OH
2023-05-02T00:00:00,TMAX,GHCND:USW00014853,",,W,",6.7,US-OH
2023-05-02T00:00:00,TMIN,GHCND:USW00014853,",,W,",2.8,US-OH
2023-05-03T00:00:00,PRCP,GHCND:USW00014853,"T,,W,",0.0,US-OH
2023-05-03T00:00:00,TMAX,GHCND:USW00014853,",,W,",11.7,US-OH
2023-05-03T00:00:00,TMIN,GHCND:USW00014853,",,W,",3.3,US-OH
2023-05-04T00:00:00,PRCP,GHCND:USW00014853,",,W,",0.0,US-OH
2023-05-04T00:00:00,TMAX,GHCND:USW00014853,",,W,",18.3,US-OH
2023-05-04T00:00:00,TMIN,GHCND:USW00014853,",,W,",3.3,US-OH
2023-05-05T00:00:00,PRCP,GHCND:USW00014853,",,W,",0.0,US-OH
2023-05-05T00:00:00,TMAX,GHCND:USW00014853,",,W,",20.6,US-OH
2023-05-05T00:00:00,TMIN,GHCND:USW00014853,",,W,",2.8,US-OH
2023-05-06T00:00:00,PRCP,GHCND:USW00014853,",,W,",0.0,US-OH
2023-05-06T00:00:00,TMAX,GHCND:USW00014853,",,W,",21.7,US-OH
2023-05-06T00:00:00,TMIN,GHCND:USW00014853,",,W,",4.4,US-OH
2023-05-07T00:00:00,PRCP,GHCND:USW00014853,",,W,",4.8,US-OH
2023-05-07T00:00:00,TMAX,GHCND:USW00014853,",,W,",26.7,US-OH
2023-05-07T00:00:00,TMIN,GHCND:USW00014853,",,W,",12.2,US-OH
2023-05-08T00:00:00,PRCP,GHCND:USW00014853,",,W,",0.8,US-OH
2023-05-08T00:00:00,TMAX,GHCND:USW00014853,",,W,",17.8,US-OH
2023-05-08T00:00:00,TMIN,GHCND:USW00014853,",,W,",10.0,US-OH
2023-05-09T00:00:00,PRCP,GHCND:USW00014853,",,W,",0.0,US-OH
2023-05-09T00:00:00,TMAX,GHCND:USW00014853,",,W,",21.7,US-OH
2023-05-09T00:00:00,TMIN,GHCND:USW00014853,",,W,",8.3,US-OH
2023-05-10T00:00:00,PRCP,GHCND:USW00014853,",,W,",0.0,US-OH
2023-05-10T00:00:00,TMAX,GHCND:USW00014853,",,W,",25.6,US-OH
2023-05-10T00:00:00,TMIN,GHCND:USW00014853,",,W,",6.1,US-OH
2023-05-11T00:00:00,PRCP,GHCND:USW00014853,",,W,",0.0,US-OH
2023-05-11T00:00:00,TMAX,GHCND:USW00014853,",,W,",27.8,US-OH
2023-05-11T00:00:00,TMIN,GHCND:USW00014853,",,W,",8.9,US-OH
2023-05-12T00:00:00,PRCP,GHCND:USW00014853,"T,,W,",0.0,US-OH
2023-05-12T00:00:00,TMAX,GHCND:USW00014853,",,W,",26.7,US-OH
2023-05-12T00:00:00,TMIN,GHCND:USW00014853,",,W,",10.0,US-OH
2023-05-13T00:00:00,PRCP,GHCND:USW00014853,"T,,W,",0.0,US-OH
2023-05-13T00:00:00,TMAX,GHCND:USW00014853,",,W,",25.0,US-OH
2023-05-13T00:00:00,TMIN,GHCND:USW00014853,",,W,",14.4,US-OH
2023-05-14T00:00:00,PRCP,GHCND:USW00014853,",,W,",0.0,US-OH
2023-05-14T00:00:00,TMAX,GHCND:USW00014853,",,W,",20.6,US-OH
2023-05-14T00:00:00,TMIN,GHCND:USW00014853,",,W,",10.6,US-OH
2023-05-15T00:00:00,PRCP,GHCND:USW00014853,",,W,",0.0,US-OH
2023-05-15T00:00:00,TMAX,GHCND:USW00014853,",,W,",24.4,US-OH
2023-05-15T00:00:00,TMIN,GHCND:USW00014853,",,W,",4.4,US-OH
2023-05-16T00:00:00,PRCP,GHCND:USW00014853,",,W,",0.0,US-OH
2023-05-16T00:00:00,TMAX,GHCND:USW00014853,",,W,",26.1,US-OH
2023-05-16T00:00:00,TMIN,GHCND:USW00014853,",,W,",7.8,US-OH
2023-05-17T00:00:00,PRCP,GHCND:USW00014853,",,W,",0.0,US-OH
2023-05-17T00:00:00,TMAX,GHCND:USW00014853,",,W,",16.1,US-OH
2023-05-17T00:00:00,TMIN,GHCND:USW00014853,",,W,",3.9,US-OH
2023-05-18T00:00:00,PRCP,GHCND:USW00014853,",,W,",0.0,US-OH
2023-05-18T00:00:00,TMAX,GHCND:USW00014853,",,W,",19.4,US-OH
2023-05-18T00:00:00,TMIN,GHCND:USW00014853,",,W,",1.1,US-OH
2023-05-19T00:00:00,PRCP,GHCND:USW00014853,",,W,",17.3,US-OH
2023-05-19T00:00:00,TMAX,GHCND:USW00014853,",,W,",25.6,US-OH
2023-05-19T00:00:00,TMIN,GHCND:USW00014853,",,W,",3.9,US-OH
2023-05-20T00:00:00,PRCP,GHCND:USW00014853,",,W,",0.0,US-OH
2023-05-20T00:00:00,TMAX,GHCND:USW00014853,",,W,",16.1,US-OH
2023-05-20T00:00:00,TMIN,GHCND:USW00014853,",,W,",10.0,US-OH
2023-05-21T00:00:00,PRCP,GHCND:USW00014853,",,W,",0.0,US-OH
2023-05-21T00:00:00,TMAX,GHCND:USW00014853,",,W,",24.4,US-OH
2023-05-21T00:00:00,TMIN,GHCND:USW00014853,",,W,",8.3,US-OH
2023-05-22T00:00:00,PRCP,GHCND:USW00014853,",,W,",0.0,US-OH
2023-05-22T00:00:00,TMAX,GHCND:USW00014853,",,W,",24.4,US-OH
2023-05-22T00:00:00,TMIN,GHCND:USW00014853,",,W,",8.3,US-OH
2023-05-23T00:00:00,PRCP,GHCND:USW00014853,",,W,",0.0,US-OH
2023-05-23T00:00:00,TMAX,GHCND:USW00014853,",,W,",26.7,US-OH
2023-05-23T00:00:00,TMIN,GHCND:USW00014853,",,W,",8.3,US-OH
2023-05-24T00:00:00,PRCP,GHCND:USW00014853,",,W,",0.0,US-OH
2023-05-24T00:00:00,TMAX,GHCND:USW00014853,",,W,",21.7,US-OH
2023-05-24T00:00:00,TMIN,GHCND:USW00014853,",,W,",6.1,US-OH
2023-05-25T00:00:00,PRCP,GHCND:USW00014853,",,W,",0.0,US-OH
2023-05-25T00:00:00,TMAX,GHCND:USW00014853,",,W,",18.9,US-OH
2023-05-25T00:00:00,TMIN,GHCND:USW00014853,",,W,",4.4,US-OH
2023-05-26T00:00:00,PRCP,GHCND:USW00014853,",,W,",0.0,US-OH
2023-05-26T00:00:00,TMAX,GHCND:USW00014853,",,W,",22.8,US-OH
2023-05-26T00:00:00,TMIN,GHCND:USW00014853,",,W,",3.3,US-OH
2023-05-27T00:00:00,PRCP,GHCND:USW00014853,",,W,",0.0,US-OH
2023-05-27T00:00:00,TMAX,GHCND:USW00014853,",,W,",26.1,US-OH
2023-05-27T00:00:00,TMIN,GHCND:USW00014853,",,W,",5.0,US-OH
2023-05-28T00:00:00,PRCP,GHCND:USW00014853,",,W,",0.0,US-OH
2023-05-28T00:00:00,TMAX,GHCND:USW00014853,",,W,",28.3,US-OH
2023-05-28T00:00:00,TMIN,GHCND:USW00014853,",,W,",7.2,US-OH
2023-05-29T00:00:00,PRCP,GHCND:USW00014853,",,W,",0.0,US-OH
2023-05-29T00:00:00,TMAX,GHCND:USW00014853,",,W,",30.6,US-OH
2023-05-29T00:00:00,TMIN,GHCND:USW00014853,",,W,",10.0,US-OH
2023-05-30T00:00:00,PRCP,GHCND:USW00014853,",,W,",0.0,US-OH
2023-05-30T00:00:00,TMAX,GHCND:USW00014853,",,W,",31.1,US-OH
2023-05-30T00:00:00,TMIN,GHCND:USW00014853,",,W,",12.2,US-OH
2023-05-31T00:00:00,PRCP,GHCND:USW00014853,",,W,",0.0,US-OH
2023-05-31T00:00:00,TMAX,GHCND:USW00014853,",,W,",31.1,US-OH
2023-05-31T00:00:00,TMIN,GHCND:USW00014853,",,W,",13.9,US-OH
2023-06-01T00:00:00,PRCP,GHCND:USW00014853,",,W,",0.0,US-OH
2023-06-01T00:00:00,TMAX,GHCND:USW00014853,",,W,",31.7,US-OH
2023-06-01T00:00:00,TMIN,GHCND:USW00014853,",,W,",11.7,US-OH
2023-06-02T00:00:00,PRCP,GHCND:USW00014853,",,W,",0.0,US-OH
2023-06-02T00:00:00,TMAX,GHCND:USW00014853,",,W,",33.3,US-OH
2023-06-02T00:00:00,TMIN,GHCND:USW00014853,",,W,",14.4,US-OH
2023-06-03T00:00:00,PRCP,GHCND:USW00014853,",,W,",0.0,US-OH
2023-06-03T00:00:00,TMAX,GHCND:USW00014853,",,W,",32.2,US-OH
2023-06-03T00:00:00,TMIN,GHCND:USW00014853,",,W,",16.7,US-OH
2023-06-04T00:00:00,PRCP,GHCND:USW00014853,",,W,",0.0,US-OH
2023-06-04T00:00:00,TMAX,GHCND:USW00014853,",,W,",26.1,US-OH
2023-06-04T00:00:00,TMIN,GHCND:USW00014853,",,W,",10.6,US-OH
2023-06-05T00:00:00,TMAX,GHCND:USW00014853,",,W,",26.7,US-OH
2023-06-05T00:00:00,TMIN,GHCND:USW00014853,",,W,",9.4,US-OH
2023-06-06T00:00:00,PRCP,GHCND:USW00014853,",,W,",0.0,US-OH
2023-06-06T00:00:00,TMAX,GHCND:USW00014853,",,W,",26.1,US-OH
2023-06-06T00:00:00,TMIN,GHCND:USW00014853,",,W,",10.6,US-OH
2023-06-07T00:00:00,PRCP,GHCND:USW00014853,",,W,",0.0,US-OH
2023-06-07T00:00:00,TMAX,GHCND:USW00014853,",,W,",25.0,US-OH
2023-06-07T00:00:00,TMIN,GHCND:USW00014853,",,W,",7.2,US-OH
2023-06-08T00:00:00,PRCP,GHCND:USW00014853,",,W,",0.0,US-OH
2023-06-08T00:00:00,TMAX,GHCND:USW00014853,",,W,",24.4,US-OH
2023-06-08T00:00:00,TMIN,GHCND:USW00014853,",,W,",8.3,US-OH
2023-06-09T00:00:00,PRCP,GHCND:USW00014853,",,W,",0.0,US-OH
2023-06-09T00:00:00,TMAX,GHCND:USW00014853,",,W,",25.6,US-OH
2023-06-09T00:00:00,TMIN,GHCND:USW00014853,",,W,",8.9,US-OH
2023-06-10T00:00:00,PRCP,GHCND:USW00014853,",,W,",0.0,US-OH
2023-06-10T00:00:00,TMAX,GHCND:USW00014853,",,W,",29.4,US-OH
2023-06-10T00:00:00,TMIN,GHCND:USW00014853,",,W,",11.1,US-OH
2023-06-11T00:00:00,PRCP,GHCND:USW00014853,",,W,",14.5,US-OH
2023-06-11T00:00:00,TMAX,GHCND:USW00014853,",,W,",21.1,US-OH
2023-06-11T00:00:00,TMIN,GHCND:USW00014853,",,W,",13.9,US-OH
2023-06-12T00:00:00,PRCP,GHCND:USW00014853,",,W,",0.3,US-OH
2023-06-12T00:00:00,TMAX,GHCND:USW00014853,",,W,",18.3,US-OH
2023-06-12T00:00:00,TMIN,GHCND:USW00014853,",,W,",11.1,US-OH
2023-06-13T00:00:00,PRCP,GHCND:USW00014853,",,W,",3.0,US-OH
2023-06-13T00:00:00,TMAX,GHCND:USW00014853,",,W,",21.7,US-OH
2023-06-13T00:00:00,TMIN,GHCND:USW00014853,",,W,",9.4,US-OH
2023-06-14T00:00:00,PRCP,GHCND:USW00014853,",,W,",0.0,US-OH
2023-06-14T00:00:00,TMAX,GHCND:USW00014853,",,W,",23.3,US-OH
2023-06-14T00:00:00,TMIN,GHCND:USW00014853,",,W,",10.0,US-OH
2023-06-15T00:00:00,PRCP,GHCND:USW00014853,",,W,",47.0,US-OH
2023-06-15T00:00:00,TMAX,GHCND:USW00014853,",,W,",23.3,US-OH
2023-06-15T00:00:00,TMIN,GHCND:USW00014853,",,W,",12.2,US-OH
2023-06-16T00:00:00,PRCP,GHCND:USW00014853,"T,,W,",0.0,US-OH
2023-06-16T00:00:00,TMAX,GHCND:USW00014853,",,W,",20.6,US-OH
2023-06-16T00:00:00,TMIN,GHCND:USW00014853,",,W,",12.8,US-OH
2023-06-17T00:00:00,PRCP,GHCND:USW00014853,",,W,",0.0,US-OH
2023-06-17T00:00:00,TMAX,GHCND:USW00014853,",,W,",26.1,US-OH
2023-06-17T00:00:00,TMIN,GHCND:USW00014853,",,W,",11.7,US-OH
2023-06-18T00:00:00,PRCP,GHCND:USW00014853,",,W,",0.0,US-OH
2023-06-18T00:00:00,TMAX,GHCND:USW00014853,",,W,",27.2,US-OH
2023-06-18T00:00:00,TMIN,GHCND:USW00014853,",,W,",10.0,US-OH
2023-06-19T00:00:00,PRCP,GHCND:USW00014853,",,W,",0.0,US-OH
2023-06-19T00:00:00,TMAX,GHCND:USW00014853,",,W,",28.9,US-OH
2023-06-19T00:00:00,TMIN,GHCND:USW00014853,",,W,",11.7,US-OH
2023-06-20T00:00:00,PRCP,GHCND:USW00014853,",,W,",0.0,US-OH
2023-06-20T00:00:00,TMAX,GHCND:USW00014853,",,W,",30.0,US-OH
2023-06-20T00:00:00,TMIN,GHCND:USW00014853,",,W,",17.2,US-OH
2023-06-21T00:00:00,PRCP,GHCND:USW00014853,",,W,",0.0,US-OH
2023-06-21T00:00:00,TMAX,GHCND:USW00014853,",,W,",29.4,US-OH
2023-06-21T00:00:00,TMIN,GHCND:USW00014853,",,W,",16.7,US-OH
2023-06-22T00:00:00,PRCP,GHCND:USW00014853,"T,,W,",0.0,US-OH
2023-06-22T00:00:00,TMAX,GHCND:USW00014853,",,W,",25.6,US-OH
2023-06-22T00:00:00,TMIN,GHCND:USW00014853,",,W,",16.7,US-OH
2023-06-23T00:00:00,PRCP,GHCND:USW00014853,",,W,",5.6,US-OH
2023-06-23T00:00:00,TMAX,GHCND:USW00014853,",,W,",20.6,US-OH
2023-06-23T00:00:00,TMIN,GHCND:USW00014853,",,W,",18.3,US-OH
2023-06-24T00:00:00,PRCP,GHCND:USW00014853,",,W,",0.0,US-OH
2023-06-24T00:00:00,TMAX,GHCND:USW00014853,",,W,",30.0,US-OH
2023-06-24T00:00:00,TMIN,GHCND:USW00014853,",,W,",17.2,US-OH
2023-06-25T00:00:00,PRCP,GHCND:USW00014853,",,W,",10.2,US-OH
2023-06-25T00:00:00,TMAX,GHCND:USW00014853,",,W,",29.4,US-OH
2023-06-25T00:00:00,TMIN,GHCND:USW00014853,",,W,",16.7,US-OH
2023-06-26T00:00:00,PRCP,GHCND:USW00014853,",,W,",15.0,US-OH
2023-06-26T00:00:00,TMAX,GHCND:USW00014853,",,W,",22.8,US-OH
2023-06-26T00:00:00,TMIN,GHCND:USW00014853,",,W,",18.3,US-OH
2023-06-27T00:00:00,PRCP,GHCND:USW00014853,",,W,",6.1,US-OH
2023-06-27T00:00:00,TMAX,GHCND:USW00014853,",,W,",21.7,US-OH
2023-06-27T00:00:00,TMIN,GHCND:USW00014853,",,W,",16.1,US-OH
2023-06-28T00:00:00,PRCP,GHCND:USW00014853,",,W,",0.0,US-OH
2023-06-28T00:00:00,TMAX,GHCND:USW00014853,",,W,",25.0,US-OH
2023-06-28T00:00:00,TMIN,GHCND:USW00014853,",,W,",13.9,US-OH
2023-06-29T00:00:00,PRCP,GHCND:USW00014853,",,W,",1.3,US-OH
2023-06-29T00:00:00,TMAX,GHCND:USW00014853,",,W,",28.9,US-OH
2023-06-29T00:00:00,TMIN,GHCND:USW00014853,",,W,",12.8,US-OH
2023-06-30T00:00:00,PRCP,GHCND:USW00014853,",,W,",0.0,US-OH
2023-06-30T00:00:00,TMAX,GHCND:USW00014853,",,W,",30.0,US-OH
2023-06-30T00:00:00,TMIN,GHCND:USW00014853,",,W,",17.2,US-OH
2023-07-01T00:00:00,PRCP,GHCND:USW00014853,",,W,",44.2,US-OH
2023-07-01T00:00:00,TMAX,GHCND:USW00014853,",,W,",27.8,US-OH
2023-07-01T00:00:00,TMIN,GHCND:USW00014853,",,W,",19.4,US-OH
2023-07-02T00:00:00,PRCP,GHCND:USW00014853,",,W,",31.2,US-OH
2023-07-02T00:00:00,TMAX,GHCND:USW00014853,",,W,",26.7,US-OH
2023-07-02T00:00:00,TMIN,GHCND:USW00014853,",,W,",20.0,US-OH
2023-07-03T00:00:00,PRCP,GHCND:USW00014853,",,W,",3.3,US-OH
2023-07-03T00:00:00,TMAX,GHCND:USW00014853,",,W,",30.0,US-OH
2023-07-03T00:00:00,TMIN,GHCND:USW00014853,",,W,",20.6,US-OH
2023-07-04T00:00:00,PRCP,GHCND:USW00014853,",,W,",0.0,US-OH
2023-07-04T00:00:00,TMAX,GHCND:USW00014853,",,W,",31.7,US-OH
2023-07-04T00:00:00,TMIN,GHCND:USW00014853,",,W,",18.9,US-OH
2023-07-05T00:00:00,PRCP,GHCND:USW00014853,",,W,",0.0,US-OH
2023-07-05T00:00:00,TMAX,GHCND:USW00014853,",,W,",31.7,US-OH
2023-07-05T00:00:00,TMIN,GHCND:USW00014853,",,W,",19.4,US-OH
2023-07-06T00:00:00,PRCP,GHCND:USW00014853,",,W,",0.5,US-OH
2023-07-06T00:00:00,TMAX,GHCND:USW00014853,",,W,",29.4,US-OH
2023-07-06T00:00:00,TMIN,GHCND:USW00014853,",,W,",20.6,US-OH
2023-07-07T00:00:00,PRCP,GHCND:USW00014853,",,W,",0.0,US-OH
2023-07-07T00:00:00,TMAX,GHCND:USW00014853,",,W,",27.2,US-OH
2023-07-07T00:00:00,TMIN,GHCND:USW00014853,",,W,",16.7,US-OH
2023-07-08T00:00:00,PRCP,GHCND:USW00014853,",,W,",2.8,US-OH
2023-07-08T00:00:00,TMAX,GHCND:USW00014853,",,W,",23.3,US-OH
2023-07-08T00:00:00,TMIN,GHCND:USW00014853,",,W,",16.1,US-OH
2023-07-09T00:00:00,PRCP,GHCND:USW00014853,",,W,",0.0,US-OH
2023-07-09T00:00:00,TMAX,GHCND:USW00014853,",,W,",26.7,US-OH
2023-07-09T00:00:00,TMIN,GHCND:USW00014853,",,W,",16.1,US-OH
2023-07-10T00:00:00,PRCP,GHCND:USW00014853,",,W,",0.0,US-OH
2023-07-10T00:00:00,TMAX,GHCND:USW00014853,",,W,",29.4,US-OH
2023-07-10T00:00:00,TMIN,GHCND:USW00014853,",,W,",15.0,US-OH
2023-07-11T00:00:00,PRCP,GHCND:USW00014853,",,W,",1.5,US-OH
2023-07-11T00:00:00,TMAX,GHCND:USW00014853,",,W,",31.1,US-OH
2023-07-11T00:00:00,TMIN,GHCND:USW00014853,",,W,",17.2,US-OH
2023-07-12T00:00:00,PRCP,GHCND:USW00014853,",,W,",7.4,US-OH
2023-07-12T00:00:00,TMAX,GHCND:USW00014853,",,W,",25.0,US-OH
2023-07-12T00:00:00,TMIN,GHCND:USW00014853,",,W,",17.8,US-OH
2023-07-13T00:00:00,PRCP,GHCND:USW00014853,",,W,",0.8,US-OH
2023-07-13T00:00:00,TMAX,GHCND:USW00014853,",,W,",24.4,US-OH
2023-07-13T00:00:00,TMIN,GHCND:USW00014853,",,W,",16.1,US-OH
2023-07-14T00:00:00,PRCP,GHCND:USW00014853,",,W,",1.8,US-OH
2023-07-14T00:00:00,TMAX,GHCND:USW00014853,",,W,",28.3,US-OH
2023-07-14T00:00:00,TMIN,GHCND:USW00014853,",,W,",15.0,US-OH
2023-07-15T00:00:00,PRCP,GHCND:USW00014853,",,W,",21.3,US-OH
2023-07-15T00:00:00,TMAX,GHCND:USW00014853,",,W,",23.3,US-OH
2023-07-15T00:00:00,TMIN,GHCND:USW00014853,",,W,",18.9,US-OH
2023-07-16T00:00:00,PRCP,GHCND:USW00014853,",,W,",0.0,US-OH
2023-07-16T00:00:00,TMAX,GHCND:USW00014853,",,W,",27.2,US-OH
2023-07-16T00:00:00,TMIN,GHCND:USW00014853,",,W,",16.7,US-OH
2023-07-17T00:00:00,PRCP,GHCND:USW00014853,",,W,",0.0,US-OH
2023-07-17T00:00:00,TMAX,GHCND:USW00014853,",,W,",26.7,US-OH
2023-07-17T00:00:00,TMIN,GHCND:USW00014853,",,W,",15.0,US-OH
2023-07-18T00:00:00,PRCP,GHCND:USW00014853,",,W,",0.0,US-OH
2023-07-18T00:00:00,TMAX,GHCND:USW00014853,",,W,",25.6,US-OH
2023-07-18T00:00:00,TMIN,GHCND:USW00014853,",,W,",11.7,US-OH
2023-07-19T00:00:00,PRCP,GHCND:USW00014853,",,W,",0.0,US-OH
2023-07-19T00:00:00,TMAX,GHCND:USW00014853,",,W,",27.8,US-OH
2023-07-19T00:00:00,TMIN,GHCND:USW00014853,",,W,",13.9,US-OH
2023-07-20T00:00:00,PRCP,GHCND:USW00014853,",,W,",15.2,US-OH
2023-07-20T00:00:00,TMAX,GHCND:USW00014853,",,W,",30.0,US-OH
2023-07-20T00:00:00,TMIN,GHCND:USW00014853,",,W,",17.2,US-OH
2023-07-21T00:00:00,PRCP,GHCND:USW00014853,",,W,",0.0,US-OH
2023-07-21T00:00:00,TMAX,GHCND:USW00014853,",,W,",26.7,US-OH
2023-07-21T00:00:00,TMIN,GHCND:USW00014853,",,W,",16.7,US-OH
2023-07-22T00:00:00,PRCP,GHCND:USW00014853,",,W,",0.0,US-OH
2023-07-22T00:00:00,TMAX,GHCND:USW00014853,",,W,",28.3,US-OH
2023-07-22T00:00:00,TMIN,GHCND:USW00014853,",,W,",15.6,US-OH
2023-07-23T00:00:00,PRCP,GHCND:USW00014853,"T,,W,",0.0,US-OH
2023-07-23T00:00:00,TMAX,GHCND:USW00014853,",,W,",26.7,US-OH
2023-07-23T00:00:00,TMIN,GHCND:USW00014853,",,W,",15.6,US-OH
2023-07-24T00:00:00,PRCP,GHCND:USW00014853,",,W,",4.1,US-OH
2023-07-24T00:00:00,TMAX,GHCND:USW00014853,",,W,",28.3,US-OH
2023-07-24T00:00:00,TMIN,GHCND:USW00014853,",,W,",15.0,US-OH
2023-07-25T00:00:00,PRCP,GHCND:USW00014853,",,W,",0.0,US-OH
2023-07-25T00:00:00,TMAX,GHCND:USW00014853,",,W,",30.6,US-OH
2023-07-25T00:00:00,TMIN,GHCND:USW00014853,",,W,",16.7,US-OH
2023-07-26T00:00:00,PRCP,GHCND:USW00014853,",,W,",28.7,US-OH
2023-07-26T00:00:00,TMAX,GHCND:USW00014853,",,W,",29.4,US-OH
2023-07-26T00:00:00,TMIN,GHCND:USW00014853,",,W,",16.7,US-OH
2023-07-27T00:00:00,PRCP,GHCND:USW00014853,",,W,",0.0,US-OH
2023-07-27T00:00:00,TMAX,GHCND:USW00014853,",,W,",29.4,US-OH
2023-07-27T00:00:00,TMIN,GHCND:USW00014853,",,W,",20.0,US-OH
2023-07-28T00:00:00,PRCP,GHCND:USW00014853,"T,,W,",0.0,US-OH
2023-07-28T00:00:00,TMAX,GHCND:USW00014853,",,W,",31.1,US-OH
2023-07-28T00:00:00,TMIN,GHCND:USW00014853,",,W,",18.9,US-OH
2023-07-29T00:00:00,PRCP,GHCND:USW00014853,",,W,",4.1,US-OH
2023-07-29T00:00:00,TMAX,GHCND:USW00014853,",,W,",27.2,US-OH
2023-07-29T00:00:00,TMIN,GHCND:USW00014853,",,W,",19.4,US-OH
2023-07-30T00:00:00,PRCP,GHCND:USW00014853,",,W,",0.0,US-OH
2023-07-30T00:00:00,TMAX,GHCND:USW00014853,",,W,",26.7,US-OH
2023-07-30T00:00:00,TMIN,GHCND:USW00014853,",,W,",14.4,US-OH
2023-07-31T00:00:00,PRCP,GHCND:USW00014853,",,W,",0.0,US-OH
2023-07-31T00:00:00,TMAX,GHCND:USW00014853,",,W,",26.1,US-OH
2023-07-31T00:00:00,TMIN,GHCND:USW00014853,",,W,",13.9,US-OH
2023-08-01T00:00:00,PRCP,GHCND:USW00014853,"T,,W,",0.0,US-OH
2023-08-01T00:00:00,TMAX,GHCND:USW00014853,",,W,",26.1,US-OH
2023-08-01T00:00:00,TMIN,GHCND:USW00014853,",,W,",14.4,US-OH
2023-08-02T00:00:00,PRCP,GHCND:USW00014853,",,W,",0.0,US-OH
2023-08-02T00:00:00,TMAX,GHCND:USW00014853,",,W,",27.2,US-OH
2023-08-02T00:00:00,TMIN,GHCND:USW00014853,",,W,",15.0,US-OH
2023-08-03T00:00:00,PRCP,GHCND:USW00014853,",,W,",0.0,US-OH
2023-08-03T00:00:00,TMAX,GHCND:USW00014853,",,W,",30.6,US-OH
2023-08-03T00:00:00,TMIN,GHCND:USW00014853,",,W,",15.6,US-OH
2023-08-04T00:00:00,PRCP,GHCND:USW00014853,",,W,",0.0,US-OH
2023-08-04T00:00:00,TMAX,GHCND:USW00014853,",,W,",29.4,US-OH
2023-08-04T00:00:00,TMIN,GHCND:USW00014853,",,W,",18.3,US-OH
2023-08-05T00:00:00,PRCP,GHCND:USW00014853,",,W,",0.0,US-OH
2023-08-05T00:00:00,TMAX,GHCND:USW00014853,",,W,",27.8,US-OH
2023-08-05T00:00:00,TMIN,GHCND:USW00014853,",,W,",16.1,US-OH
2023-08-06T00:00:00,PRCP,GHCND:USW00014853,",,W,",16.3,US-OH
2023-08-06T00:00:00,TMAX,GHCND:USW00014853,",,W,",25.6,US-OH
2023-08-06T00:00:00,TMIN,GHCND:USW00014853,",,W,",19.4,US-OH
2023-08-07T00:00:00,PRCP,GHCND:USW00014853,"T,,W,",0.0,US-OH
2023-08-07T00:00:00,TMAX,GHCND:USW00014853,",,W,",23.3,US-OH
2023-08-07T00:00:00,TMIN,GHCND:USW00014853,",,W,",16.1,US-OH
2023-08-08T00:00:00,PRCP,GHCND:USW00014853,",,W,",0.0,US-OH
2023-08-08T00:00:00,TMAX,GHCND:USW00014853,",,W,",27.2,US-OH
2023-08-08T00:00:00,TMIN,GHCND:USW00014853,",,W,",15.6,US-OH
2023-08-09T00:00:00,PRCP,GHCND:USW00014853,",,W,",0.0,US-OH
2023-08-09T00:00:00,TMAX,GHCND:USW00014853,",,W,",27.8,US-OH
2023-08-09T00:00:00,TMIN,GHCND:USW00014853,",,W,",16.7,US-OH
2023-08-10T00:00:00,PRCP,GHCND:USW00014853,",,W,",1.5,US-OH
2023-08-10T00:00:00,TMAX,GHCND:USW00014853,",,W,",26.7,US-OH
2023-08-10T00:00:00,TMIN,GHCND:USW00014853,",,W,",16.7,US-OH
2023-08-11T00:00:00,PRCP,GHCND:USW00014853,",,W,",9.9,US-OH
2023-08-11T00:00:00,TMAX,GHCND:USW00014853,",,W,",26.1,US-OH
2023-08-11T00:00:00,TMIN,GHCND:USW00014853,",,W,",12.2,US-OH
2023-08-12T00:00:00,PRCP,GHCND:USW00014853,"T,,W,",0.0,US-OH
2023-08-12T00:00:00,TMAX,GHCND:USW00014853,",,W,",28.3,US-OH
2023-08-12T00:00:00,TMIN,GHCND:USW00014853,",,W,",17.8,US-OH
2023-08-13T00:00:00,PRCP,GHCND:USW00014853,"T,,W,",0.0,US-OH
2023-08-13T00:00:00,TMAX,GHCND:USW00014853,",,W,",27.8,US-OH
2023-08-13T00:00:00,TMIN,GHCND:USW00014853,",,W,",16.1,US-OH
2023-08-14T00:00:00,PRCP,GHCND:USW00014853,",,W,",15.2,US-OH
2023-08-14T00:00:00,TMAX,GHCND:USW00014853,",,W,",25.6,US-OH
2023-08-14T00:00:00,TMIN,GHCND:USW00014853,",,W,",17.8,US-OH
2023-08-15T00:00:00,PRCP,GHCND:USW00014853,",,W,",19.0,US-OH
2023-08-15T00:00:00,TMAX,GHCND:USW00014853,",,W,",20.0,US-OH
2023-08-15T00:00:00,TMIN,GHCND:USW00014853,",,W,",16.1,US-OH
2023-08-16T00:00:00,PRCP,GHCND:USW00014853,",,W,",0.0,US-OH
2023-08-16T00:00:00,TMAX,GHCND:USW00014853,",,W,",25.6,US-OH
2023-08-16T00:00:00,TMIN,GHCND:USW00014853,",,W,",13.9,US-OH
2023-08-17T00:00:00,PRCP,GHCND:USW00014853,",,W,",8.1,US-OH
2023-08-17T00:00:00,TMAX,GHCND:USW00014853,",,W,",23.3,US-OH
2023-08-17T00:00:00,TMIN,GHCND:USW00014853,",,W,",15.0,US-OH
2023-08-18T00:00:00,PRCP,GHCND:USW00014853,",,W,",0.0,US-OH
2023-08-18T00:00:00,TMAX,GHCND:USW00014853,",,W,",22.8,US-OH
2023-08-18T00:00:00,TMIN,GHCND:USW00014853,",,W,",12.8,US-OH
2023-08-19T00:00:00,PRCP,GHCND:USW00014853,"T,,W,",0.0,US-OH
2023-08-19T00:00:00,TMAX,GHCND:USW00014853,",,W,",23.9,US-OH
2023-08-19T00:00:00,TMIN,GHCND:USW00014853,",,W,",10.0,US-OH
2023-08-20T00:00:00,PRCP,GHCND:USW00014853,"T,,W,",0.0,US-OH
2023-08-20T00:00:00,TMAX,GHCND:USW00014853,",,W,",29.4,US-OH
2023-08-20T00:00:00,TMIN,GHCND:USW00014853,",,W,",15.0,US-OH
2023-08-21T00:00:00,PRCP,GHCND:USW00014853,",,W,",0.0,US-OH
2023-08-21T00:00:00,TMAX,GHCND:USW00014853,",,W,",28.9,US-OH
2023-08-21T00:00:00,TMIN,GHCND:USW00014853,",G,W,",-14.3,US-OH
2023-08-22T00:00:00,PRCP,GHCND:USW00014853,"T,,W,",0.0,US-OH
2023-08-22T00:00:00,TMAX,GHCND:USW00014853,",,W,",22.8,US-OH
2023-08-22T00:00:00,TMIN,GHCND:USW00014853,",,W,",13.3,US-OH
2023-08-23T00:00:00,PRCP,GHCND:USW00014853,",,W,",0.5,US-OH
2023-08-23T00:00:00,TMAX,GHCND:USW00014853,",,W,",29.4,US-OH
2023-08-23T00:00:00,TMIN,GHCND:USW00014853,",,W,",16.1,US-OH
2023-08-24T00:00:00,PRCP,GHCND:USW00014853,",,W,",147.6,US-OH
2023-08-24T00:00:00,TMAX,GHCND:USW00014853,",,W,",29.4,US-OH
2023-08-24T00:00:00,TMIN,GHCND:USW00014853,",,W,",21.1,US-OH
2023-08-25T00:00:00,PRCP,GHCND:USW00014853,"T,,W,",0.0,US-OH
2023-08-25T00:00:00,TMAX,GHCND:USW00014853,",,W,",25.0,US-OH
2023-08-25T00:00:00,TMIN,GHCND:USW00014853,",,W,",18.9,US-OH
2023-08-26T00:00:00,PRCP,GHCND:USW00014853,",,W,",0.0,US-OH
2023-08-26T00:00:00,TMAX,GHCND:USW00014853,",,W,",25.0,US-OH
2023-08-26T00:00:00,TMIN,GHCND:USW00014853,",,W,",13.9,US-OH
2023-08-27T00:00:00,PRCP,GHCND:USW00014853,",,W,",0.0,US-OH
2023-08-27T00:00:00,TMAX,GHCND:USW00014853,",,W,",23.9,US-OH
2023-08-27T00:00:00,TMIN,GHCND:USW00014853,",,W,",11.1,US-OH
2023-08-28T00:00:00,PRCP,GHCND:USW00014853,"T,,W,",0.0,US-OH
2023-08-28T00:00:00,TMAX,GHCND:USW00014853,",,W,",24.4,US-OH
2023-08-28T00:00:00,TMIN,GHCND:USW00014853,",,W,",10.6,US-OH
2023-08-29T00:00:00,PRCP,GHCND:USW00014853,",,W,",1.8,US-OH
2023-08-29T00:00:00,TMAX,GHCND:USW00014853,",,W,",25.0,US-OH
2023-08-29T00:00:00,TMIN,GHCND:USW00014853,",,W,",12.8,US-OH
2023-08-30T00:00:00,PRCP,GHCND:USW00014853,",,W,",0.0,US-OH
2023-08-30T00:00:00,TMAX,GHCND:USW00014853,",,W,",21.1,US-OH
2023-08-30T00:00:00,TMIN,GHCND:USW00014853,",,W,",11.1,US-OH
2023-08-31T00:00:00,PRCP,GHCND:USW00014853,"T,,W,",0.0,US-OH
2023-08-31T00:00:00,TMAX,GHCND:USW00014853,",,W,",23.9,US-OH
2023-08-31T00:00:00,TMIN,GHCND:USW00014853,",,W,",8.3,US-OH
2023-09-01T00:00:00,PRCP,GHCND:USW00014853,",,W,",0.0,US-OH
2023-09-01T00:00:00,TMAX,GHCND:USW00014853,",,W,",25.0,US-OH
2023-09-01T00:00:00,TMIN,GHCND:USW00014853,",,W,",8.9,US-OH
2023-09-02T00:00:00,PRCP,GHCND:USW00014853,",,W,",0.0,US-OH
2023-09-02T00:00:00,TMAX,GHCND:USW00014853,",,W,",27.8,US-OH
2023-09-02T00:00:00,TMIN,GHCND:USW00014853,",,W,",11.7,US-OH
2023-09-03T00:00:00,PRCP,GHCND:USW00014853,",,W,",0.0,US-OH
2023-09-03T00:00:00,TMAX,GHCND:USW00014853,",,W,",31.1,US-OH
2023-09-03T00:00:00,TMIN,GHCND:USW00014853,",,W,",17.2,US-OH
2023-09-04T00:00:00,PRCP,GHCND:USW00014853,",,W,",0.0,US-OH
2023-09-04T00:00:00,TMAX,GHCND:USW00014853,",,W,",31.1,US-OH
2023-09-04T00:00:00,TMIN,GHCND:USW00014853,",,W,",21.1,US-OH
2023-09-05T00:00:00,PRCP,GHCND:USW00014853,",,W,",12.2,US-OH
2023-09-05T00:00:00,TMAX,GHCND:USW00014853,",,W,",31.7,US-OH
2023-09-05T00:00:00,TMIN,GHCND:USW00014853,",,W,",20.0,US-OH
2023-09-06T00:00:00,PRCP,GHCND:USW00014853,",,W,",3.6,US-OH
2023-09-06T00:00:00,TMAX,GHCND:USW00014853,",,W,",27.2,US-OH
2023-09-06T00:00:00,TMIN,GHCND:USW00014853,",,W,",18.9,US-OH
2023-09-07T00:00:00,PRCP,GHCND:USW00014853,",,W,",1.0,US-OH
2023-09-07T00:00:00,TMAX,GHCND:USW00014853,",,W,",25.6,US-OH
2023-09-07T00:00:00,TMIN,GHCND:USW00014853,",,W,",17.8,US-OH
2023-09-08T00:00:00,PRCP,GHCND:USW00014853,",,W,",0.3,US-OH
2023-09-08T00:00:00,TMAX,GHCND:USW00014853,",,W,",19.4,US-OH
2023-09-08T00:00:00,TMIN,GHCND:USW00014853,",,W,",16.1,US-OH
2023-09-09T00:00:00,PRCP,GHCND:USW00014853,",,W,",0.0,US-OH
2023-09-09T00:00:00,TMAX,GHCND:USW00014853,",,W,",22.2,US-OH
2023-09-09T00:00:00,TMIN,GHCND:USW00014853,",,W,",14.4,US-OH
2023-09-10T00:00:00,PRCP,GHCND:USW00014853,",,W,",0.0,US-OH
2023-09-10T00:00:00,TMAX,GHCND:USW00014853,",,W,",24.4,US-OH
2023-09-10T00:00:00,TMIN,GHCND:USW00014853,",,W,",11.1,US-OH
2023-09-11T00:00:00,PRCP,GHCND:USW00014853,",,W,",1.3,US-OH
2023-09-11T00:00:00,TMAX,GHCND:USW00014853,",,W,",23.3,US-OH
2023-09-11T00:00:00,TMIN,GHCND:USW00014853,",,W,",11.7,US-OH
2023-09-12T00:00:00,PRCP,GHCND:USW00014853,",,W,",5.8,US-OH
2023-09-12T00:00:00,TMAX,GHCND:USW00014853,",,W,",22.2,US-OH
2023-09-12T00:00:00,TMIN,GHCND:USW00014853,",,W,",13.3,US-OH
2023-09-13T00:00:00,TMAX,GHCND:USW00014853,",,W,",20.0,US-OH
2023-09-13T00:00:00,TMIN,GHCND:USW00014853,",,W,",9.4,US-OH
2023-09-14T00:00:00,PRCP,GHCND:USW00014853,",,W,",0.0,US-OH
2023-09-14T00:00:00,TMAX,GHCND:USW00014853,",,W,",21.1,US-OH
2023-09-14T00:00:00,TMIN,GHCND:USW00014853,",,W,",6.7,US-OH
2023-09-15T00:00:00,PRCP,GHCND:USW00014853,",,W,",0.0,US-OH
2023-09-15T00:00:00,TMAX,GHCND:USW00014853,",,W,",22.2,US-OH
2023-09-15T00:00:00,TMIN,GHCND:USW00014853,",,W,",7.8,US-OH
2023-09-16T00:00:00,PRCP,GHCND:USW00014853,",,W,",0.0,US-OH
2023-09-16T00:00:00,TMAX,GHCND:USW00014853,",,W,",22.8,US-OH
2023-09-16T00:00:00,TMIN,GHCND:USW00014853,",,W,",8.3,US-OH
2023-09-17T00:00:00,PRCP,GHCND:USW00014853,"T,,W,",0.0,US-OH
2023-09-17T00:00:00,TMAX,GHCND:USW00014853,",,W,",23.3,US-OH
2023-09-17T00:00:00,TMIN,GHCND:USW00014853,",,W,",13.3,US-OH
2023-09-18T00:00:00,PRCP,GHCND:USW00014853,",,W,",0.0,US-OH
2023-09-18T00:00:00,TMAX,GHCND:USW00014853,",,W,",20.6,US-OH
2023-09-18T00:00:00,TMIN,GHCND:USW00014853,",,W,",10.6,US-OH
2023-09-19T00:00:00,PRCP,GHCND:USW00014853,"T,,W,",0.0,US-OH
2023-09-19T00:00:00,TMAX,GHCND:USW00014853,",,W,",22.2,US-OH
2023-09-19T00:00:00,TMIN,GHCND:USW00014853,",,W,",7.8,US-OH
2023-09-20T00:00:00,PRCP,GHCND:USW00014853,",,W,",0.5,US-OH
2023-09-20T00:00:00,TMAX,GHCND:USW00014853,",,W,",25.6,US-OH
2023-09-20T00:00:00,TMIN,GHCND:USW00014853,",,W,",13.9,US-OH
2023-09-21T00:00:00,PRCP,GHCND:USW00014853,",,W,",0.0,US-OH
2023-09-21T00:00:00,TMAX,GHCND:USW00014853,",,W,",27.8,US-OH
2023-09-21T00:00:00,TMIN,GHCND:USW00014853,",,W,",11.1,US-OH
2023-09-22T00:00:00,PRCP,GHCND:USW00014853,",,W,",0.0,US-OH
2023-09-22T00:00:00,TMAX,GHCND:USW00014853,",,W,",27.2,US-OH
2023-09-22T00:00:00,TMIN,GHCND:USW00014853,",,W,",11.7,US-OH
2023-09-23T00:00:00,PRCP,GHCND:USW00014853,",,W,",0.0,US-OH
2023-09-23T00:00:00,TMAX,GHCND:USW00014853,",,W,",23.3,US-OH
2023-09-23T00:00:00,TMIN,GHCND:USW00014853,",,W,",10.0,US-OH
2023-09-24T00:00:00,PRCP,GHCND:USW00014853,",,W,",0.0,US-OH
2023-09-24T00:00:00,TMAX,GHCND:USW00014853,",,W,",26.1,US-OH
2023-09-24T00:00:00,TMIN,GHCND:USW00014853,",,W,",10.6,US-OH
2023-09-25T00:00:00,PRCP,GHCND:USW00014853,",,W,",0.0,US-OH
2023-09-25T00:00:00,TMAX,GHCND:USW00014853,",,W,",21.7,US-OH
2023-09-25T00:00:00,TMIN,GHCND:USW00014853,",,W,",14.4,US-OH
2023-09-26T00:00:00,PRCP,GHCND:USW00014853,",,W,",0.5,US-OH
2023-09-26T00:00:00,TMAX,GHCND:USW00014853,",,W,",21.7,US-OH
2023-09-26T00:00:00,TMIN,GHCND:USW00014853,",,W,",15.6,US-OH
2023-09-27T00:00:00,PRCP,GHCND:USW00014853,",,W,",13.2,US-OH
2023-09-27T00:00:00,TMAX,GHCND:USW00014853,",,W,",17.8,US-OH
2023-09-27T00:00:00,TMIN,GHCND:USW00014853,",,W,",15.0,US-OH
2023-09-28T00:00:00,PRCP,GHCND:USW00014853,",,W,",3.0,US-OH
2023-09-28T00:00:00,TMAX,GHCND:USW00014853,",,W,",18.3,US-OH
2023-09-28T00:00:00,TMIN,GHCND:USW00014853,",,W,",15.0,US-OH
2023-09-29T00:00:00,PRCP,GHCND:USW00014853,",,W,",0.0,US-OH
2023-09-29T00:00:00,TMAX,GHCND:USW00014853,",,W,",22.2,US-OH
2023-09-29T00:00:00,TMIN,GHCND:USW00014853,",,W,",13.9,US-OH
2023-09-30T00:00:00,PRCP,GHCND:USW00014853,",,W,",0.0,US-OH
2023-09-30T00:00:00,TMAX,GHCND:USW00014853,",,W,",25.0,US-OH
2023-09-30T00:00:00,TMIN,GHCND:USW00014853,",,W,",11.1,US-OH
2023-10-01T00:00:00,PRCP,GHCND:USW00014853,",,W,",0.0,US-OH
2023-10-01T00:00:00,TMAX,GHCND:USW00014853,",,W,",26.1,US-OH
2023-10-01T00:00:00,TMIN,GHCND:USW00014853,",,W,",11.7,US-OH
2023-10-02T00:00:00,PRCP,GHCND:USW00014853,",,W,",0.0,US-OH
2023-10-02T00:00:00,TMAX,GHCND:USW00014853,",,W,",27.8,US-OH
2023-10-02T00:00:00,TMIN,GHCND:USW00014853,",,W,",11.1,US-OH
2023-10-03T00:00:00,PRCP,GHCND:USW00014853,",,W,",0.0,US-OH
2023-10-03T00:00:00,TMAX,GHCND:USW00014853,",,W,",30.6,US-OH
2023-10-03T00:00:00,TMIN,GHCND:USW00014853,",,W,",12.2,US-OH
2023-10-04T00:00:00,PRCP,GHCND:USW00014853,",,W,",0.0,US-OH
2023-10-04T00:00:00,TMAX,GHCND:USW00014853,",,W,",28.9,US-OH
2023-10-04T00:00:00,TMIN,GHCND:USW00014853,",,W,",13.9,US-OH
2023-10-05T00:00:00,PRCP,GHCND:USW00014853,",,W,",24.1,US-OH
2023-10-05T00:00:00,TMAX,GHCND:USW00014853,",,W,",20.6,US-OH
2023-10-05T00:00:00,TMIN,GHCND:USW00014853,",,W,",16.1,US-OH
2023-10-06T00:00:00,PRCP,GHCND:USW00014853,"T,,W,",0.0,US-OH
2023-10-06T00:00:00,TMAX,GHCND:USW00014853,",,W,",19.4,US-OH
2023-10-06T00:00:00,TMIN,GHCND:USW00014853,",,W,",8.9,US-OH
2023-10-07T00:00:00,PRCP,GHCND:USW00014853,"T,,W,",0.0,US-OH
2023-10-07T00:00:00,TMAX,GHCND:USW00014853,",,W,",15.0,US-OH
2023-10-07T00:00:00,TMIN,GHCND:USW00014853,",,W,",6.7,US-OH
2023-10-08T00:00:00,TMAX,GHCND:USW00014853,",,W,",13.9,US-OH
2023-10-08T00:00:00,TMIN,GHCND:USW00014853,",,W,",4.4,US-OH
2023-10-09T00:00:00,PRCP,GHCND:USW00014853,",,W,",0.0,US-OH
2023-10-09T00:00:00,TMAX,GHCND:USW00014853,",,W,",12.8,US-OH
2023-10-09T00:00:00,TMIN,GHCND:USW00014853,",,W,",3.3,US-OH
2023-10-10T00:00:00,PRCP,GHCND:USW00014853,"T,,W,",0.0,US-OH
2023-10-10T00:00:00,TMAX,GHCND:USW00014853,",,W,",11.7,US-OH
2023-10-10T00:00:00,TMIN,GHCND:USW00014853,",,W,",5.0,US-OH
2023-10-11T00:00:00,PRCP,GHCND:USW00014853,",,W,",0.0,US-OH
2023-10-11T00:00:00,TMAX,GHCND:USW00014853,",,W,",17.2,US-OH
2023-10-11T00:00:00,TMIN,GHCND:USW00014853,",,W,",6.1,US-OH
2023-10-12T00:00:00,PRCP,GHCND:USW00014853,"T,,W,",0.0,US-OH
2023-10-12T00:00:00,TMAX,GHCND:USW00014853,",,W,",16.1,US-OH
2023-10-12T00:00:00,TMIN,GHCND:USW00014853,",,W,",6.1,US-OH
2023-10-13T00:00:00,PRCP,GHCND:USW00014853,"T,,W,",0.0,US-OH
2023-10-13T00:00:00,TMAX,GHCND:USW00014853,",,W,",13.9,US-OH
2023-10-13T00:00:00,TMIN,GHCND:USW00014853,",,W,",8.9,US-OH
2023-10-14T00:00:00,PRCP,GHCND:USW00014853,",,W,",5.1,US-OH
2023-10-14T00:00:00,TMAX,GHCND:USW00014853,",,W,",11.1,US-OH
2023-10-14T00:00:00,TMIN,GHCND:USW00014853,",,W,",8.9,US-OH
2023-10-15T00:00:00,PRCP,GHCND:USW00014853,"T,,W,",0.0,US-OH
2023-10-15T00:00:00,TMAX,GHCND:USW00014853,",,W,",12.2,US-OH
2023-10-15T00:00:00,TMIN,GHCND:USW00014853,",,W,",6.1,US-OH
2023-10-16T00:00:00,PRCP,GHCND:USW00014853,",,W,",0.0,US-OH
2023-10-16T00:00:00,TMAX,GHCND:USW00014853,",,W,",12.8,US-OH
2023-10-16T00:00:00,TMIN,GHCND:USW00014853,",,W,",7.2,US-OH
2023-10-17T00:00:00,PRCP,GHCND:USW00014853,",,W,",0.0,US-OH
2023-10-17T00:00:00,TMAX,GHCND:USW00014853,",,W,",11.7,US-OH
2023-10-17T00:00:00,TMIN,GHCND:USW00014853,",,W,",4.4,US-OH
2023-10-18T00:00:00,PRCP,GHCND:USW00014853,",,W,",0.0,US-OH
2023-10-18T00:00:00,TMAX,GHCND:USW00014853,",,W,",16.7,US-OH
2023-10-18T00:00:00,TMIN,GHCND:USW00014853,",,W,",4.4,US-OH
2023-10-19T00:00:00,PRCP,GHCND:USW00014853,",,W,",7.9,US-OH
2023-10-19T00:00:00,TMAX,GHCND:USW00014853,",,W,",13.3,US-OH
2023-10-19T00:00:00,TMIN,GHCND:USW00014853,",,W,",8.3,US-OH
2023-10-20T00:00:00,PRCP,GHCND:USW00014853,",,W,",0.8,US-OH
2023-10-20T00:00:00,TMAX,GHCND:USW00014853,",,W,",14.4,US-OH
2023-10-20T00:00:00,TMIN,GHCND:USW00014853,",,W,",9.4,US-OH
2023-10-21T00:00:00,PRCP,GHCND:USW00014853,",,W,",0.3,US-OH
2023-10-21T00:00:00,TMAX,GHCND:USW00014853,",,W,",10.6,US-OH
2023-10-21T00:00:00,TMIN,GHCND:USW00014853,",,W,",5.6,US-OH
2023-10-22T00:00:00,PRCP,GHCND:USW00014853,",,W,",0.0,US-OH
2023-10-22T00:00:00,TMAX,GHCND:USW00014853,",,W,",10.6,US-OH
2023-10-22T00:00:00,TMIN,GHCND:USW00014853,",,W,",1.7,US-OH
2023-10-23T00:00:00,PRCP,GHCND:USW00014853,",,W,",0.0,US-OH
2023-10-23T00:00:00,TMAX,GHCND:USW00014853,",,W,",13.9,US-OH
2023-10-23T00:00:00,TMIN,GHCND:USW00014853,",,W,",-1.0,US-OH
2023-10-24T00:00:00,PRCP,GHCND:USW00014853,",,W,",0.0,US-OH
2023-10-24T00:00:00,TMAX,GHCND:USW00014853,",,W,",25.6,US-OH
2023-10-24T00:00:00,TMIN,GHCND:USW00014853,",,W,",7.8,US-OH
2023-10-25T00:00:00,PRCP,GHCND:USW00014853,",,W,",2.0,US-OH
2023-10-25T00:00:00,TMAX,GHCND:USW00014853,",,W,",20.6,US-OH
2023-10-25T00:00:00,TMIN,GHCND:USW00014853,",,W,",15.6,US-OH
2023-10-26T00:00:00,PRCP,GHCND:USW00014853,",,W,",3.0,US-OH
2023-10-26T00:00:00,TMAX,GHCND:USW00014853,",,W,",23.3,US-OH
2023-10-26T00:00:00,TMIN,GHCND:USW00014853,",,W,",15.6,US-OH
2023-10-27T00:00:00,PRCP,GHCND:USW00014853,",,W,",2.3,US-OH
2023-10-27T00:00:00,TMAX,GHCND:USW00014853,",,W,",24.4,US-OH
2023-10-27T00:00:00,TMIN,GHCND:USW00014853,",,W,",16.7,US-OH
2023-10-28T00:00:00,PRCP,GHCND:USW00014853,",,W,",1.0,US-OH
2023-10-28T00:00:00,TMAX,GHCND:USW00014853,",,W,",19.4,US-OH
2023-10-28T00:00:00,TMIN,GHCND:USW00014853,",,W,",7.2,US-OH
2023-10-29T00:00:00,PRCP,GHCND:USW00014853,",,W,",5.6,US-OH
2023-10-29T00:00:00,TMAX,GHCND:USW00014853,",,W,",8.9,US-OH
2023-10-29T00:00:00,TMIN,GHCND:USW00014853,",,W,",5.0,US-OH
2023-10-30T00:00:00,PRCP,GHCND:USW00014853,",,W,",0.8,US-OH
2023-10-30T00:00:00,TMAX,GHCND:USW00014853,",,W,",7.2,US-OH
2023-10-30T00:00:00,TMIN,GHCND:USW00014853,",,W,",-2.7,US-OH
2023-10-31T00:00:00,PRCP,GHCND:USW00014853,"T,,W,",0.0,US-OH
2023-10-31T00:00:00,TMAX,GHCND:USW00014853,",,W,",4.4,US-OH
2023-10-31T00:00:00,TMIN,GHCND:USW00014853,",,W,",-3.2,US-OH
2023-11-01T00:00:00,PRCP,GHCND:USW00014853,",,W,",0.0,US-OH
2023-11-01T00:00:00,TMAX,GHCND:USW00014853,",,W,",6.1,US-OH
2023-11-01T00:00:00,TMIN,GHCND:USW00014853,",,W,",-3.8,US-OH
2023-11-02T00:00:00,PRCP,GHCND:USW00014853,",,W,",0.0,US-OH
2023-11-02T00:00:00,TMAX,GHCND:USW00014853,",,W,",10.6,US-OH
2023-11-02T00:00:00,TMIN,GHCND:USW00014853,",,W,",0.0,US-OH
2023-11-03T00:00:00,PRCP,GHCND:USW00014853,"T,,W,",0.0,US-OH
2023-11-03T00:00:00,TMAX,GHCND:USW00014853,",,W,",13.9,US-OH
2023-11-03T00:00:00,TMIN,GHCND:USW00014853,",,W,",4.4,US-OH
2023-11-04T00:00:00,PRCP,GHCND:USW00014853,",,W,",0.5,US-OH
2023-11-04T00:00:00,TMAX,GHCND:USW00014853,",,W,",13.3,US-OH
2023-11-04T00:00:00,TMIN,GHCND:USW00014853,",,W,",4.4,US-OH
2023-11-05T00:00:00,PRCP,GHCND:USW00014853,",,W,",0.0,US-OH
2023-11-05T00:00:00,TMAX,GHCND:USW00014853,",,W,",12.8,US-OH
2023-11-05T00:00:00,TMIN,GHCND:USW00014853,",,W,",1.7,US-OH
2023-11-06T00:00:00,PRCP,GHCND:USW00014853,",,W,",0.0,US-OH
2023-11-06T00:00:00,TMAX,GHCND:USW00014853,",,W,",17.8,US-OH
2023-11-06T00:00:00,TMIN,GHCND:USW00014853,",,W,",3.3,US-OH
2023-11-07T00:00:00,PRCP,GHCND:USW00014853,",,W,",0.0,US-OH
2023-11-07T00:00:00,TMAX,GHCND:USW00014853,",,W,",15.0,US-OH
2023-11-07T00:00:00,TMIN,GHCND:USW00014853,",,W,",4.4,US-OH
2023-11-08T00:00:00,PRCP,GHCND:USW00014853,",,W,",12.4,US-OH
2023-11-08T00:00:00,TMAX,GHCND:USW00014853,",,W,",9.4,US-OH
2023-11-08T00:00:00,TMIN,GHCND:USW00014853,",,W,",2.8,US-OH
2023-11-09T00:00:00,PRCP,GHCND:USW00014853,",,W,",1.3,US-OH
2023-11-09T00:00:00,TMAX,GHCND:USW00014853,",,W,",13.3,US-OH
2023-11-09T00:00:00,TMIN,GHCND:USW00014853,",,W,",5.0,US-OH
2023-11-10T00:00:00,PRCP,GHCND:USW00014853,",,W,",0.0,US-OH
2023-11-10T00:00:00,TMAX,GHCND:USW00014853,",,W,",12.2,US-OH
2023-11-10T00:00:00,TMIN,GHCND:USW00014853,",,W,",1.1,US-OH
2023-11-11T00:00:00,PRCP,GHCND:USW00014853,",,W,",0.0,US-OH
2023-11-11T00:00:00,TMAX,GHCND:USW00014853,",,W,",10.0,US-OH
2023-11-11T00:00:00,TMIN,GHCND:USW00014853,",,W,",-1.6,US-OH
2023-11-12T00:00:00,PRCP,GHCND:USW00014853,",,W,",0.0,US-OH
2023-11-12T00:00:00,TMAX,GHCND:USW00014853,",,W,",10.0,US-OH
2023-11-12T00:00:00,TMIN,GHCND:USW00014853,",,W,",-2.7,US-OH
2023-11-13T00:00:00,PRCP,GHCND:USW00014853,",,W,",0.0,US-OH
2023-11-13T00:00:00,TMAX,GHCND:USW00014853,",,W,",16.1,US-OH
2023-11-13T00:00:00,TMIN,GHCND:USW00014853,",,W,",1.7,US-OH
2023-11-14T00:00:00,PRCP,GHCND:USW00014853,",,W,",0.0,US-OH
2023-11-14T00:00:00,TMAX,GHCND:USW00014853,",,W,",12.2,US-OH
2023-11-14T00:00:00,TMIN,GHCND:USW00014853,",,W,",-2.7,US-OH
2023-11-15T00:00:00,PRCP,GHCND:USW00014853,",,W,",0.0,US-OH
2023-11-15T00:00:00,TMAX,GHCND:USW00014853,",,W,",16.7,US-OH
2023-11-15T00:00:00,TMIN,GHCND:USW00014853,",,W,",-2.1,US-OH
2023-11-16T00:00:00,PRCP,GHCND:USW00014853,",,W,",0.0,US-OH
2023-11-16T00:00:00,TMAX,GHCND:USW00014853,",,W,",18.9,US-OH
2023-11-16T00:00:00,TMIN,GHCND:USW00014853,",,W,",0.0,US-OH
2023-11-17T00:00:00,PRCP,GHCND:USW00014853,",,W,",0.3,US-OH
2023-11-17T00:00:00,TMAX,GHCND:USW00014853,",,W,",15.0,US-OH
2023-11-17T00:00:00,TMIN,GHCND:USW00014853,",,W,",-2.1,US-OH
2023-11-18T00:00:00,PRCP,GHCND:USW00014853,",,W,",0.0,US-OH
2023-11-18T00:00:00,TMAX,GHCND:USW00014853,",,W,",10.6,US-OH
2023-11-18T00:00:00,TMIN,GHCND:USW00014853,",,W,",-4.3,US-OH
2023-11-19T00:00:00,PRCP,GHCND:USW00014853,",,W,",0.0,US-OH
2023-11-19T00:00:00,TMAX,GHCND:USW00014853,",,W,",11.1,US-OH
2023-11-19T00:00:00,TMIN,GHCND:USW00014853,",,W,",-1.6,US-OH
2023-11-20T00:00:00,PRCP,GHCND:USW00014853,"T,,W,",0.0,US-OH
2023-11-20T00:00:00,TMAX,GHCND:USW00014853,",,W,",6.1,US-OH
2023-11-20T00:00:00,TMIN,GHCND:USW00014853,",,W,",-4.3,US-OH
2023-11-21T00:00:00,PRCP,GHCND:USW00014853,",,W,",11.2,US-OH
2023-11-21T00:00:00,TMAX,GHCND:USW00014853,",,W,",10.0,US-OH
2023-11-21T00:00:00,TMIN,GHCND:USW00014853,",,W,",2.2,US-OH
2023-11-22T00:00:00,PRCP,GHCND:USW00014853,",,W,",0.0,US-OH
2023-11-22T00:00:00,TMAX,GHCND:USW00014853,",,W,",6.1,US-OH
2023-11-22T00:00:00,TMIN,GHCND:USW00014853,",,W,",2.8,US-OH
2023-11-23T00:00:00,PRCP,GHCND:USW00014853,",,W,",0.0,US-OH
2023-11-23T00:00:00,TMAX,GHCND:USW00014853,",,W,",8.9,US-OH
2023-11-23T00:00:00,TMIN,GHCND:USW00014853,",,W,",-0.5,US-OH
2023-11-24T00:00:00,PRCP,GHCND:USW00014853,",,W,",0.0,US-OH
2023-11-24T00:00:00,TMAX,GHCND:USW00014853,",,W,",1.7,US-OH
2023-11-24T00:00:00,TMIN,GHCND:USW00014853,",,W,",-6.0,US-OH
2023-11-25T00:00:00,PRCP,GHCND:USW00014853,",,W,",0.0,US-OH
2023-11-25T00:00:00,TMAX,GHCND:USW00014853,",,W,",2.2,US-OH
2023-11-25T00:00:00,TMIN,GHCND:USW00014853,",,W,",-7.7,US-OH
2023-11-26T00:00:00,PRCP,GHCND:USW00014853,",,W,",4.1,US-OH
2023-11-26T00:00:00,TMAX,GHCND:USW00014853,",,W,",2.2,US-OH
2023-11-26T00:00:00,TMIN,GHCND:USW00014853,",,W,",-6.6,US-OH
2023-11-27T00:00:00,PRCP,GHCND:USW00014853,",,W,",0.3,US-OH
2023-11-27T00:00:00,TMAX,GHCND:USW00014853,",,W,",1.1,US-OH
2023-11-27T00:00:00,TMIN,GHCND:USW00014853,",,W,",-4.9,US-OH
2023-11-28T00:00:00,PRCP,GHCND:USW00014853,"T,,W,",0.0,US-OH
2023-11-28T00:00:00,TMAX,GHCND:USW00014853,",,W,",-2.1,US-OH
2023-11-28T00:00:00,TMIN,GHCND:USW00014853,",,W,",-8.2,US-OH
2023-11-29T00:00:00,PRCP,GHCND:USW00014853,",,W,",0.0,US-OH
2023-11-29T00:00:00,TMAX,GHCND:USW00014853,",,W,",0.6,US-OH
2023-11-29T00:00:00,TMIN,GHCND:USW00014853,",,W,",-9.3,US-OH
2023-11-30T00:00:00,PRCP,GHCND:USW00014853,",,W,",0.0,US-OH
2023-11-30T00:00:00,TMAX,GHCND:USW00014853,",,W,",10.0,US-OH
2023-11-30T00:00:00,TMIN,GHCND:USW00014853,",,W,",-3.2,US-OH
2023-12-01T00:00:00,PRCP,GHCND:USW00014853,",,W,",13.7,US-OH
